Product_Weight,Product_Sugar_Content,Product_Allocated_Area,Product_Type,Product_MRP,Store_Establishment_Year,Store_Size,Store_Location_City_Type,Store_Type,Store_Age,Price_Per_Weight,Product_Store_Sales_Total
13.64,1,0.071,9,157.1,2009,1,1,3,15,11.516750971336412,3882.69
10.03,0,0.016,5,126.66,1987,0,1,2,37,12.626856744093311,2444.17
12.26,0,0.14,13,138.27,2009,1,1,3,15,11.277220455101544,3185.13
10.28,0,0.143,3,147.44,2009,1,1,3,15,14.34101741075771,2926.08
16.38,0,0.082,0,205.16,1999,1,0,0,25,12.524265917831634,5485.4
13.37,0,0.113,0,137.21,2009,1,1,3,15,10.261760526512603,3414.5
11.8,2,0.029,1,144.64,2009,1,1,3,15,12.256588424709769,3212.19
9.61,0,0.026,13,161.79,2009,1,1,3,15,16.83383622932057,3920.35
11.98,0,0.086,6,125.08,2009,1,1,3,15,10.439863116601286,2851.97
11.5,0,0.039,4,159.66,2009,1,1,3,15,13.882271106860273,3451.32
12.66,2,0.153,3,151.92,2009,1,1,3,15,11.999052207566542,3554.37
9.18,2,0.171,4,115.82,1998,2,2,1,26,12.615183531205751,2030.87
13.61,1,0.03,9,146.14,2009,1,1,3,15,10.736903974726324,3652.07
13.18,1,0.059,8,178.63,1999,1,0,0,25,13.552082543054397,4219.6
13.18,0,0.056,6,164.71,2009,1,1,3,15,12.496016994158259,3934.13
10.56,2,0.012,0,131.37,2009,1,1,3,15,12.439162958053215,2660.86
15.45,1,0.036,9,166.22,1999,1,0,0,25,10.757879748883568,4476.99
15.4,0,0.128,6,177.14,1987,0,1,2,37,11.501850529186417,4690.32
13.89,0,0.047,10,153.26,2009,1,1,3,15,11.033042977467424,3859.63
13.31,0,0.1,13,160.34,2009,1,1,3,15,12.045676508151153,3874.03
10.43,2,0.077,13,119.8,1999,1,0,0,25,11.484996644617008,5202.19
12.73,0,0.056,6,144.22,2009,1,1,3,15,11.328253868509936,3412.48
10.95,0,0.027,5,120.35,2009,1,1,3,15,10.989863939366268,2521.93
13.64,2,0.016,4,155.99,2009,1,1,3,15,11.435378637929771,3859.26
13.7,1,0.016,8,136.46,2009,1,1,3,15,9.95985694474856,3473.05
12.74,2,0.025,13,121.39,2009,1,1,3,15,9.527509614629935,2947.95
16.86,0,0.061,6,217.5,1999,1,0,0,25,12.899590771603107,5845.41
11.69,0,0.076,5,141.63,2009,1,1,3,15,12.114447010520914,3125.59
11.76,0,0.124,5,185.36,1987,0,1,2,37,15.760564577842022,4034.76
12.78,0,0.058,13,181.08,1987,0,1,2,37,14.16790548470386,4177.68
18.01,1,0.012,8,229.54,1999,1,0,0,25,12.74443395702626,6352.98
9.99,0,0.04,7,97.16,1998,2,2,1,26,9.724752277049344,1832.13
10.09,1,0.02,9,116.0,1998,2,2,1,26,11.495391933406006,2239.69
11.0,2,0.078,14,167.49,2009,1,1,3,15,15.224979547313882,3498.89
9.5,0,0.05,6,80.23,1998,2,2,1,26,8.44437427639196,1375.0
13.61,2,0.056,6,135.29,2009,1,1,3,15,9.939754610241717,3430.23
12.14,0,0.09,0,95.05,1998,2,2,1,26,7.8288444114982285,2273.91
11.73,2,0.048,14,122.21,2009,1,1,3,15,10.417696701048504,2737.89
15.2,0,0.013,0,164.09,1999,1,0,0,25,10.794684560226303,4378.47
14.23,2,0.057,14,156.52,1987,0,1,2,37,10.998524348253813,4004.4
12.95,2,0.114,0,134.98,2009,1,1,3,15,10.422361207628756,3272.89
13.13,2,0.095,13,116.75,2009,1,1,3,15,8.891173558754094,2942.07
12.83,0,0.011,4,150.54,2009,1,1,3,15,11.732522796352583,3566.16
10.84,0,0.049,10,124.93,1998,2,2,1,26,11.523844663776405,1215.18
10.92,0,0.052,6,100.26,1998,2,2,1,26,9.180477978207126,2104.26
13.68,0,0.022,3,169.62,1987,0,1,2,37,12.398216504641475,4148.76
13.02,1,0.02,8,136.03,2009,1,1,3,15,10.446970278780432,3311.89
11.73,0,0.128,14,137.31,2009,1,1,3,15,11.704884494075527,3044.98
13.31,0,0.066,6,162.29,2009,1,1,3,15,12.192171887912252,3914.8
11.68,2,0.142,6,142.45,2009,1,1,3,15,12.195017549867305,3139.58
11.73,0,0.144,3,164.52,2009,1,1,3,15,14.024379848265282,3602.16
12.28,1,0.012,9,206.85,1987,0,1,2,37,16.843090953505417,4593.12
10.86,0,0.058,13,161.79,2009,1,1,3,15,14.896418377681615,3349.31
11.77,0,0.025,4,152.22,1999,1,0,0,25,12.93178149689916,5751.8
17.11,2,0.065,13,180.36,1999,1,0,0,25,10.540587925895624,5141.68
11.49,2,0.11,13,135.98,2009,1,1,3,15,11.833608911321903,3990.5
13.31,2,0.074,13,134.89,2009,1,1,3,15,10.133723987679362,3354.07
10.89,2,0.142,5,112.77,1987,0,1,2,37,10.35442108162703,2354.38
15.26,0,0.168,0,173.03,1987,0,1,2,37,11.33805124172728,4574.15
8.27,1,0.075,8,156.11,2009,1,1,3,15,18.874380365131184,2649.21
14.88,2,0.099,3,146.81,2009,1,1,3,15,9.865600430078624,3951.97
12.44,0,0.093,4,137.86,1998,2,2,1,26,11.081102805240738,552.0
12.44,0,0.061,3,137.09,2009,1,1,3,15,11.019210674383089,3202.79
12.32,2,0.032,14,181.1,1987,0,1,2,37,14.698482266049833,4075.27
18.12,0,0.031,4,202.1,1999,1,0,0,25,11.15280613652668,5815.38
13.21,0,0.059,14,151.87,2009,1,1,3,15,11.49572326091893,3677.56
7.72,0,0.07,6,123.45,1998,2,2,1,26,15.98886154643181,1856.55
11.8,1,0.046,9,164.82,2009,1,1,3,15,13.966612998898398,3623.93
14.19,0,0.08,6,143.34,2009,1,1,3,15,10.100768092452965,3724.87
13.09,0,0.112,14,123.09,2009,1,1,3,15,9.40264303720113,3062.32
12.01,2,0.019,3,134.17,2009,1,1,3,15,11.170593622512696,3043.86
15.55,0,0.054,5,175.65,1987,0,1,2,37,11.295093563114913,4693.61
14.84,0,0.064,4,135.55,2009,1,1,3,15,9.133481571322688,3712.61
12.04,1,0.064,8,99.19,1987,0,1,2,37,8.237687899676107,2336.73
17.15,0,0.094,0,182.91,1999,1,0,0,25,10.664684274969389,5203.29
9.77,0,0.03,4,132.65,2009,1,1,3,15,13.575887831337633,4328.48
9.88,0,0.032,13,142.22,2009,1,1,3,15,14.393280032385386,2727.08
11.85,0,0.137,1,172.17,2009,1,1,3,15,14.527887941945828,3787.16
15.83,0,0.065,5,180.77,1987,0,1,2,37,11.418735392584171,4861.63
10.71,2,0.066,3,118.97,1987,0,1,2,37,11.107272897021753,2440.96
11.45,0,0.034,4,133.9,2009,1,1,3,15,11.693301895031004,2911.86
10.09,0,0.038,5,129.34,2009,1,1,3,15,12.817362005747697,2511.29
10.15,1,0.016,9,104.0,1998,2,2,1,26,10.245296029947788,2007.09
14.76,1,0.161,9,188.48,1987,0,1,2,37,12.768782602804688,4776.98
13.89,0,0.016,1,143.01,2009,1,1,3,15,10.295155136419263,3649.8
14.53,0,0.092,1,218.91,1999,1,0,0,25,15.065033376918313,5348.62
12.68,0,0.017,13,102.94,2009,1,1,3,15,8.117656336251084,2556.84
13.48,2,0.129,5,142.83,2009,1,1,3,15,10.59491135672428,3554.49
12.41,1,0.042,8,166.09,2009,1,1,3,15,13.38248328096044,3788.44
9.82,0,0.045,0,128.34,1987,0,1,2,37,13.067915690866512,2431.05
10.3,0,0.116,14,130.39,2009,1,1,3,15,12.65799436947869,2581.85
13.14,2,0.034,5,97.35,2009,1,1,3,15,7.408112015828323,2546.15
11.92,2,0.031,4,138.42,1998,2,2,1,26,11.611441993121382,800.44
10.94,0,0.138,4,121.01,2009,1,1,3,15,11.06023215428206,2532.68
11.65,0,0.058,6,135.76,2009,1,1,3,15,11.652218693674362,2996.96
11.48,0,0.122,4,153.27,2009,1,1,3,15,13.349882414423831,3316.49
11.72,0,0.022,10,133.1,2009,1,1,3,15,11.355686374882689,2956.82
15.11,1,0.014,8,176.72,1987,0,1,2,37,11.694791873469658,4615.65
13.67,0,0.028,5,141.51,2009,1,1,3,15,10.351108185209567,3570.19
10.8,1,0.07,8,135.13,2009,1,1,3,15,12.510878622349782,2790.07
15.97,0,0.011,10,169.76,1987,0,1,2,37,10.629265543798134,4668.59
13.57,2,0.044,4,121.38,2009,1,1,3,15,8.94407191806057,3135.0
16.24,0,0.032,6,196.44,1999,1,0,0,25,12.095314327935473,5273.89
14.3,0,0.076,4,159.21,1987,0,1,2,37,11.132787916928887,4074.0
14.4,0,0.021,4,174.68,1999,1,0,0,25,12.129713214360114,4414.95
12.26,1,0.159,9,124.22,2009,1,1,3,15,10.131310659815677,2896.91
12.71,0,0.18,6,183.54,1999,1,0,0,25,14.43946188340807,4212.43
16.09,2,0.138,6,161.68,1987,0,1,2,37,10.047852836989621,4530.6
7.11,0,0.065,5,96.54,1998,2,2,1,26,13.576149627337927,1167.43
13.08,0,0.128,10,146.35,2009,1,1,3,15,11.187982570139898,4334.63
9.2,0,0.081,13,108.37,1998,2,2,1,26,11.778067601347681,1881.0
16.15,2,0.185,3,168.51,1987,0,1,2,37,10.433409695994056,4684.13
13.44,0,0.011,7,153.62,2009,1,1,3,15,11.429209136224985,3765.08
11.99,2,0.081,4,122.18,2009,1,1,3,15,10.189308648152782,2794.79
12.58,2,0.174,5,110.83,2009,1,1,3,15,8.809315634687227,2696.92
10.85,2,0.111,14,102.41,1998,2,2,1,26,9.437839830430375,2132.57
13.73,0,0.027,6,157.0,2009,1,1,3,15,11.433981501711456,2842.69
14.94,0,0.098,3,132.02,2009,1,1,3,15,8.836088615219866,3662.7
12.33,2,0.16,10,111.53,2009,1,1,3,15,9.044684129429893,2653.7
17.33,1,0.038,8,195.06,1999,1,0,0,25,11.25497663146962,5492.55
13.51,0,0.047,0,144.06,2009,1,1,3,15,10.662423210717193,3586.98
11.49,0,0.06,4,94.19,1998,2,2,1,26,8.196849708467496,2110.46
10.1,0,0.006,6,117.76,1998,2,2,1,26,11.65825165825166,2277.36
13.75,0,0.038,13,150.43,2009,1,1,3,15,10.939568031415899,3771.58
14.52,2,0.019,0,214.98,1999,1,0,0,25,14.80476551201708,5264.97
13.45,2,0.106,0,141.05,2009,1,1,3,15,10.486209203776673,3511.42
11.47,0,0.058,10,178.4,2009,1,1,3,15,15.552262226484178,3827.72
16.03,0,0.064,10,194.26,1999,1,0,0,25,12.117771817104359,5184.12
19.82,0,0.014,3,210.94,1998,2,2,1,26,10.642248120680085,2129.71
11.74,1,0.026,9,123.21,2009,1,1,3,15,10.493995400732476,2760.22
15.79,0,0.069,3,144.12,1987,0,1,2,37,9.126717750617441,4102.26
14.77,0,0.077,15,187.72,1987,0,1,2,37,12.708685938663598,4763.72
13.7,0,0.07,13,183.45,1999,1,0,0,25,13.389533610685351,4435.82
13.06,2,0.191,13,151.96,2009,1,1,3,15,11.634637470331523,3646.25
12.95,1,0.085,9,107.38,2009,1,1,3,15,8.291251640799938,4332.32
13.04,0,0.028,1,126.64,1999,1,0,0,25,9.710911739897249,6660.96
13.05,2,0.014,5,169.41,1987,0,1,2,37,12.980614512297908,4001.06
14.77,1,0.041,11,130.2,1999,1,0,0,25,8.81456908807799,6405.03
14.32,2,0.03,5,194.4,1987,0,1,2,37,13.57447105649047,4798.7
11.54,2,0.071,14,107.03,1987,0,1,2,37,9.273893076856426,2382.28
16.12,1,0.12,8,175.82,1987,0,1,2,37,10.906271323118911,4825.55
15.27,2,0.082,14,144.22,2009,1,1,3,15,9.444044266911138,3988.19
11.77,2,0.068,3,140.05,2009,1,1,3,15,11.89788463172203,3111.23
10.85,2,0.066,0,143.92,2009,1,1,3,15,13.263293705649248,2981.2
11.01,0,0.147,6,92.24,1998,2,2,1,26,8.37707746798656,1960.49
10.55,2,0.08,13,94.69,1998,2,2,1,26,8.974504786276182,1908.09
8.49,0,0.083,13,133.15,1998,2,2,1,26,15.681309621952657,2227.81
9.75,0,0.009,13,116.15,1998,2,2,1,26,11.911598810378424,2165.05
14.54,0,0.128,4,175.77,1999,1,0,0,25,12.087889416133693,4468.82
15.98,0,0.106,13,169.63,1987,0,1,2,37,10.614479694637382,4668.38
12.4,2,0.086,6,187.48,1999,1,0,0,25,15.118135634223046,4222.99
9.77,0,0.055,3,139.51,2009,1,1,3,15,14.277965407839526,2647.72
11.14,2,0.016,3,109.91,1987,0,1,2,37,9.86536217574724,2352.39
13.81,1,0.013,8,170.97,1999,1,0,0,25,12.379262906378973,4204.48
17.24,0,0.034,4,205.11,1999,1,0,0,25,11.896641726117975,5678.44
11.48,0,0.097,3,148.56,2009,1,1,3,15,12.93963940423308,3219.19
13.08,1,0.052,8,202.0,1999,1,0,0,25,15.442244476721964,5449.81
8.34,2,0.024,3,125.95,1998,2,2,1,26,15.100107900731329,2046.14
12.51,0,0.043,4,102.78,2009,1,1,3,15,8.215170649828153,2516.6
14.74,2,0.083,14,167.42,1999,1,0,0,25,11.357438437012414,4342.22
14.14,1,0.064,9,119.88,2009,1,1,3,15,8.477476840393182,3233.7
13.21,0,0.067,13,157.8,2009,1,1,3,15,11.94459162818863,3800.42
13.77,0,0.107,2,130.94,2009,1,1,3,15,9.508387190472734,3375.92
12.82,2,0.184,0,133.98,2009,1,1,3,15,10.450042898369862,3223.86
12.02,0,0.163,6,123.66,2009,1,1,3,15,10.286997753930622,2831.06
14.08,0,0.047,4,133.08,2009,1,1,3,15,9.451033307293518,3490.85
11.72,0,0.054,13,143.43,2009,1,1,3,15,12.237010493985155,3167.74
13.68,0,0.041,7,196.53,1987,0,1,2,37,14.365177984065493,4697.71
13.28,0,0.084,10,148.86,2009,1,1,3,15,11.208493336345157,3631.96
9.64,1,0.03,9,141.23,2009,1,1,3,15,14.648895342806762,2721.32
12.1,0,0.12,0,126.21,2009,1,1,3,15,10.429716552351046,2901.63
10.33,0,0.047,13,133.86,2009,1,1,3,15,12.957119349530542,2659.17
7.13,0,0.074,5,83.24,1998,2,2,1,26,11.672977142055812,900.16
12.48,2,0.214,4,105.0,2009,1,1,3,15,8.412787436904095,2554.01
12.24,0,0.136,6,147.39,2009,1,1,3,15,12.040682950739319,3366.85
12.54,0,0.023,6,178.97,1987,0,1,2,37,14.270791802886533,4081.38
8.87,0,0.088,0,113.03,1998,2,2,1,26,12.741517303573444,1901.95
12.18,0,0.097,1,137.39,2009,1,1,3,15,11.279041129628109,3149.32
12.17,0,0.059,10,177.83,2009,1,1,3,15,14.610960479829103,3973.77
11.92,0,0.028,13,176.11,2009,1,1,3,15,14.773089505913935,3882.25
10.92,2,0.031,4,110.63,1987,0,1,2,37,10.130024723010713,2315.7
13.34,0,0.093,10,124.78,1999,1,0,0,25,9.353121954875947,5703.97
11.31,0,0.152,3,146.11,2009,1,1,3,15,12.917513924498277,3131.78
10.66,0,0.174,15,141.0,2009,1,1,3,15,13.225776193602853,1640.82
12.88,2,0.026,0,89.6,1987,0,1,2,37,6.955981678441114,2329.47
11.01,2,0.117,5,114.6,1987,0,1,2,37,10.40777404413768,2417.79
11.59,2,0.015,5,136.89,2009,1,1,3,15,11.810025019411611,3005.51
14.02,0,0.129,3,112.36,2009,1,1,3,15,8.013693745096642,3051.8
15.23,0,0.047,14,158.9,1999,1,0,0,25,10.432670212067494,4279.28
15.03,0,0.066,4,117.04,2009,1,1,3,15,7.786574412880049,3376.82
12.47,0,0.035,14,147.92,2009,1,1,3,15,11.861117793280409,3429.8
9.37,0,0.049,14,94.63,1998,2,2,1,26,10.09817522142781,1638.08
15.12,2,0.058,5,133.4,2009,1,1,3,15,8.82216784604193,3730.93
12.88,0,0.044,13,98.09,2009,1,1,3,15,7.615091995963047,2503.26
15.52,0,0.053,3,173.65,1987,0,1,2,37,11.188067779137944,4646.17
11.47,2,0.047,4,130.27,2009,1,1,3,15,11.356464126928778,1979.46
11.1,0,0.053,1,122.31,2009,1,1,3,15,11.01792631294478,2596.24
14.08,1,0.047,9,173.2,1999,1,0,0,25,12.300262765428592,4311.19
17.42,0,0.027,0,143.85,1998,2,2,1,26,8.257275701739278,1901.04
15.14,2,0.031,5,166.7,1999,1,0,0,25,11.009840829535698,4417.93
14.14,2,0.02,4,147.81,2009,1,1,3,15,10.45258468283714,3804.8
13.59,0,0.069,4,150.54,2009,1,1,3,15,11.076447649179604,3735.87
11.52,1,0.066,11,109.74,1987,0,1,2,37,9.525214825101989,2433.52
13.7,1,0.116,9,131.24,2009,1,1,3,15,9.578862856725788,3367.55
9.2,2,0.15,3,84.37,1998,2,2,1,26,9.16965547223128,1390.69
16.4,1,0.227,8,158.93,1987,0,1,2,37,9.690262788854339,4543.65
14.76,0,0.033,5,145.42,2009,1,1,3,15,9.851636068017072,3896.2
14.35,1,0.053,9,173.04,1999,1,0,0,25,12.057696327782036,4369.89
13.36,2,0.104,0,109.88,2009,1,1,3,15,8.223935334181574,2853.77
8.32,0,0.084,13,116.5,1998,2,2,1,26,14.000721067179427,1848.69
12.23,0,0.054,6,152.83,2009,1,1,3,15,12.49529883083967,3477.12
12.21,0,0.205,15,142.68,2009,1,1,3,15,11.684546720170339,3264.16
7.02,2,0.029,0,50.42,1998,2,2,1,26,7.181313203247401,203.55
13.46,1,0.08,9,148.75,2009,1,1,3,15,11.050442017680707,3670.67
11.48,0,0.107,10,112.69,1987,0,1,2,37,9.815347095200766,2485.22
13.07,0,0.045,14,161.18,2009,1,1,3,15,12.331114681355674,3836.9
9.37,0,0.068,13,104.81,1998,2,2,1,26,11.184505388965961,1847.26
10.46,0,0.137,0,117.84,1987,0,1,2,37,11.264697447662748,2413.39
10.72,2,0.119,3,127.9,2009,1,1,3,15,11.929857289431956,2626.22
14.42,0,0.067,0,181.17,1987,0,1,2,37,12.562929061784896,4550.07
14.93,0,0.083,14,189.03,1987,0,1,2,37,12.660237090616839,4826.27
13.33,2,0.082,4,135.39,2009,1,1,3,15,10.156027304778336,3368.53
14.28,1,0.169,8,160.97,1987,0,1,2,37,11.271619634479379,4106.49
13.54,0,0.1,13,154.55,2009,1,1,3,15,11.413484971567833,3808.62
14.82,2,0.03,0,190.42,1987,0,1,2,37,12.847985965859253,4830.81
10.02,2,0.132,13,120.83,1987,0,1,2,37,12.057678874363837,2322.64
12.78,0,0.169,13,152.33,2009,1,1,3,15,11.918472732962995,3589.82
12.66,2,0.066,6,117.41,2009,1,1,3,15,9.273359134349578,2849.03
13.04,0,0.058,13,91.53,1987,0,1,2,37,7.018633540372671,2405.69
10.54,2,0.067,3,172.61,2009,1,1,3,15,16.37510672611707,3500.18
14.91,0,0.1,10,166.86,1999,1,0,0,25,11.190396351686676,4368.82
11.43,2,0.065,0,99.29,1998,2,2,1,26,8.686029218791008,2200.72
8.81,0,0.157,13,167.03,2009,1,1,3,15,18.95698558619907,2993.9
14.61,0,0.093,15,147.49,2009,1,1,3,15,10.094449387447815,3905.37
12.75,2,0.007,13,146.47,2009,1,1,3,15,11.486942200611717,3463.73
11.2,2,0.069,13,124.4,2009,1,1,3,15,11.106151236496743,2661.55
7.94,0,0.012,7,131.06,1998,2,2,1,26,16.504218612265458,2062.07
14.72,2,0.033,13,183.18,1987,0,1,2,37,12.443448135316894,4659.17
14.91,2,0.037,13,182.95,1987,0,1,2,37,12.269465495271946,4697.83
16.9,0,0.122,10,243.98,1999,1,0,0,25,14.435832199278149,6396.62
12.77,1,0.083,8,175.12,1987,0,1,2,37,13.712316968130922,4053.74
12.16,1,0.039,9,124.07,2009,1,1,3,15,10.202285996217416,2872.23
10.37,0,0.024,6,126.19,2009,1,1,3,15,12.167582682479994,2511.3
14.34,2,0.021,0,168.19,1999,1,0,0,25,11.727912976779862,4268.48
13.28,1,0.073,9,154.5,2009,1,1,3,15,11.633160153602892,3747.47
16.1,0,0.027,10,156.81,1999,1,0,0,25,9.739146636854853,4433.44
16.66,2,0.04,10,203.88,1999,1,0,0,25,12.236960566592641,5522.94
15.99,0,0.038,13,164.5,1987,0,1,2,37,10.287036458007629,4563.96
14.27,0,0.01,13,184.71,1987,0,1,2,37,12.94303132226193,4590.05
7.8,0,0.036,4,131.56,1998,2,2,1,26,16.86450455069863,2039.3
18.29,0,0.142,10,146.15,1999,1,0,0,25,7.9902684380296325,4708.24
10.76,2,0.017,3,174.58,2009,1,1,3,15,16.22339931233157,3589.29
11.25,2,0.046,0,191.85,1987,0,1,2,37,17.051817616211892,4053.86
14.82,0,0.027,0,119.5,2009,1,1,3,15,8.06288374603603,3380.37
10.9,0,0.029,4,131.3,2009,1,1,3,15,12.04476653518026,2735.89
16.31,0,0.076,6,192.76,1999,1,0,0,25,11.817791674330206,5215.58
16.73,0,0.066,4,166.21,1987,0,1,2,37,9.934253780407627,4766.5
13.26,0,0.037,4,147.89,2009,1,1,3,15,11.152250961465953,3607.36
11.25,0,0.009,13,142.24,2009,1,1,3,15,12.642431783841438,3037.64
10.33,2,0.032,13,159.28,2009,1,1,3,15,15.41767495886168,3178.88
11.0,1,0.041,8,124.52,2009,1,1,3,15,11.318971002636124,2618.11
11.63,2,0.045,5,139.5,2009,1,1,3,15,11.993809646633995,3068.54
11.79,0,0.144,6,145.5,2009,1,1,3,15,12.339920278178273,3226.73
14.62,2,0.086,7,153.14,1987,0,1,2,37,10.473975788249778,4021.82
11.45,2,0.052,0,154.54,2009,1,1,3,15,13.495764562046984,3335.9
13.83,1,0.1,8,134.77,2009,1,1,3,15,9.7440532137951,3469.51
13.13,2,0.03,5,165.99,2009,1,1,3,15,12.641078364176376,3949.88
12.74,1,0.085,11,145.01,2009,1,1,3,15,11.381367239620124,3432.06
10.32,0,0.024,10,117.27,1987,0,1,2,37,11.362271097761845,2316.16
9.16,2,0.018,13,95.11,1998,2,2,1,26,10.382054360877634,1602.1
16.64,2,0.015,10,172.08,1999,1,0,0,25,10.340724716062736,4867.83
11.68,1,0.097,8,129.87,1998,2,2,1,26,11.118054961047857,1397.17
15.7,0,0.154,5,180.84,1987,0,1,2,37,11.517737723711866,4833.0
12.89,0,0.059,7,148.99,2009,1,1,3,15,11.557675897913274,3547.69
12.13,2,0.073,4,136.15,2009,1,1,3,15,11.22331217541835,3112.24
11.66,0,0.055,6,147.97,2009,1,1,3,15,12.689306234456737,3248.04
15.62,0,0.102,13,200.97,1999,1,0,0,25,12.865373535625121,5226.64
10.48,0,0.169,0,94.81,1998,2,2,1,26,9.0458925675031,1893.13
15.56,2,0.03,6,137.87,2009,1,1,3,15,8.859970438917808,3924.03
12.66,2,0.115,13,132.52,2009,1,1,3,15,10.46678777347761,3158.98
15.19,0,0.023,3,199.94,1999,1,0,0,25,13.161740504245936,5109.74
15.47,2,0.07,4,196.0,1987,0,1,2,37,12.66886432680499,2379.21
14.53,2,0.14,13,154.61,1987,0,1,2,37,10.640011010942125,4033.58
9.14,0,0.098,6,117.87,1998,2,2,1,26,12.894650475877913,2061.73
12.29,0,0.047,2,123.19,2009,1,1,3,15,10.022780896591003,2883.44
10.94,0,0.051,5,133.62,2009,1,1,3,15,12.212777625445574,2792.7
14.93,0,0.085,13,174.03,1987,0,1,2,37,11.655615832831023,4521.29
13.41,0,0.128,3,178.88,1999,1,0,0,25,13.338304377003952,4276.47
10.31,0,0.133,10,114.65,1998,2,2,1,26,11.119193094753177,2261.67
11.53,2,0.083,5,158.53,2009,1,1,3,15,13.748157141618249,3435.06
15.62,0,0.038,15,125.82,2009,1,1,3,15,8.054541962742462,3690.95
12.48,0,0.066,13,109.64,2009,1,1,3,15,8.784552519830141,2649.1
14.24,2,0.108,14,161.97,1987,0,1,2,37,11.373499052032862,4118.31
8.96,2,0.023,7,113.57,1998,2,2,1,26,12.673808726704607,1934.23
11.69,0,0.011,3,135.43,2009,1,1,3,15,11.584124540244634,2998.93
10.63,0,0.282,13,96.15,1998,2,2,1,26,9.044304392813471,1955.33
13.37,1,0.161,8,163.02,2009,1,1,3,15,12.192057437738391,4570.94
10.04,0,0.162,6,118.72,1998,2,2,1,26,11.823523553430935,2282.8
10.62,0,0.036,13,195.34,2009,1,1,3,15,18.391865172770927,3982.0
13.1,0,0.035,10,119.36,2009,1,1,3,15,9.110754904205786,2989.0
12.54,1,0.1,8,217.78,1987,0,1,2,37,17.365441352364247,4874.68
10.97,0,0.045,5,117.36,1987,0,1,2,37,10.697292863002462,2466.69
10.0,2,0.006,0,160.82,2009,1,1,3,15,16.08039196080392,3135.2
13.61,2,0.082,6,160.36,2009,1,1,3,15,11.781647197119979,3942.94
12.58,0,0.057,6,119.09,2009,1,1,3,15,9.465861219298944,2866.0
14.33,1,0.061,8,138.52,2009,1,1,3,15,9.665759542251065,3658.43
13.26,1,0.01,8,180.65,1999,1,0,0,25,13.622652891938769,4277.59
11.96,2,0.061,14,148.12,2009,1,1,3,15,12.383579968230082,3319.48
16.96,0,0.057,3,180.06,1999,1,0,0,25,10.616119332586521,5102.47
9.83,0,0.131,4,92.19,1998,2,2,1,26,9.377479401891975,1693.14
9.23,1,0.091,8,145.85,2009,1,1,3,15,15.800021666125014,2656.13
9.79,1,0.043,9,99.46,1998,2,2,1,26,10.158308650801757,1832.68
12.37,2,0.049,0,94.72,1987,0,1,2,37,7.6566162800097,2318.2
12.15,1,0.007,9,169.98,2009,1,1,3,15,13.988972101061641,3808.13
12.56,0,0.038,13,152.41,2009,1,1,3,15,12.133588090120213,3541.36
11.5,0,0.021,0,131.1,2009,1,1,3,15,11.399008781845057,2866.1
16.3,1,0.013,9,170.94,1987,0,1,2,37,10.486473222501685,4766.1
12.76,0,0.032,6,82.59,1998,2,2,1,26,6.472063317921793,2159.2
13.35,1,0.149,9,150.59,2009,1,1,3,15,11.279304920979703,3683.78
16.4,2,0.11,6,171.86,1987,0,1,2,37,10.47862935186879,4807.91
13.73,2,0.137,15,120.67,2009,1,1,3,15,8.788143616633894,3157.67
11.02,0,0.027,6,156.98,2009,1,1,3,15,14.243716541148716,3287.17
13.18,2,0.028,1,156.32,2009,1,1,3,15,11.859494727258934,3762.68
13.98,2,0.077,6,176.77,1999,1,0,0,25,12.643587726199844,4362.79
8.43,1,0.026,8,137.92,1987,0,1,2,37,16.358676313604555,2312.43
13.58,2,0.004,3,182.35,1999,1,0,0,25,13.426846329430823,5355.72
14.34,0,0.064,5,201.82,1987,0,1,2,37,14.072937730981103,4956.68
11.61,0,0.079,0,101.77,1998,2,2,1,26,8.764964258031178,2290.84
12.63,0,0.024,13,110.06,2009,1,1,3,15,8.713482701290475,2692.1
10.54,1,0.02,9,115.72,1987,0,1,2,37,10.978085570628973,2336.1
14.46,0,0.038,7,129.92,2009,1,1,3,15,8.984164303990042,3510.88
15.22,2,0.015,6,158.64,1999,1,0,0,25,10.422442677879244,4271.53
15.09,0,0.011,13,151.69,1987,0,1,2,37,10.051686435623882,4100.39
13.22,1,0.292,9,195.82,1987,0,1,2,37,14.811285076771801,4579.84
14.32,2,0.128,6,149.82,2009,1,1,3,15,10.46155994693108,3886.98
11.26,0,0.08,3,161.09,2009,1,1,3,15,14.30512387887399,3426.12
11.91,2,0.115,6,121.68,2009,1,1,3,15,10.215766938124423,2766.87
10.67,0,0.079,3,124.92,2009,1,1,3,15,11.706494236716335,2552.85
11.93,0,0.048,4,174.57,2009,1,1,3,15,14.631631883329144,3852.3
14.5,2,0.067,3,194.8,1987,0,1,2,37,13.433556306461625,4847.27
16.7,0,0.099,1,131.03,1987,0,1,2,37,7.845637985749356,4040.92
8.18,0,0.073,10,106.54,1998,2,2,1,26,13.022857841339691,1613.54
14.23,2,0.063,10,190.67,1987,0,1,2,37,13.398215164078419,4701.95
13.58,1,0.077,8,182.08,1999,1,0,0,25,13.406965613725058,4380.79
20.35,0,0.022,13,156.56,1999,1,0,0,25,7.692988059554812,5387.26
12.02,0,0.041,13,118.48,2009,1,1,3,15,9.856085184260879,2725.02
12.97,0,0.04,4,165.45,2009,1,1,3,15,12.755377380309922,3901.29
9.93,0,0.041,13,120.85,1987,0,1,2,37,12.168965864464807,2301.83
12.22,2,0.064,0,151.05,2009,1,1,3,15,12.359872350871452,3437.02
13.37,0,0.045,14,127.97,2009,1,1,3,15,9.570712736519333,3225.96
13.07,1,0.036,9,115.87,2009,1,1,3,15,8.864662229362711,2909.34
11.65,2,0.154,3,157.84,2009,1,1,3,15,13.547334992704489,3447.49
14.44,0,0.036,13,134.53,1999,1,0,0,25,9.315836853403505,6410.25
10.72,2,0.083,6,119.55,1987,0,1,2,37,11.151012032459658,2453.7
14.62,2,0.119,7,199.73,1987,0,1,2,37,13.660488338690925,4976.47
14.34,0,0.033,4,148.41,2009,1,1,3,15,10.348650721706994,3863.08
15.68,2,0.104,13,141.98,1987,0,1,2,37,9.054269498118742,4033.74
12.2,0,0.084,6,134.65,2009,1,1,3,15,11.035980657323172,3097.45
9.67,1,0.082,9,104.08,1998,2,2,1,26,10.762072174542446,1900.56
11.38,0,0.026,10,117.21,2009,1,1,3,15,10.29874351990159,2555.37
13.29,1,0.124,8,174.98,1987,0,1,2,37,13.16529982695057,4169.06
7.63,0,0.077,14,128.77,1998,2,2,1,26,16.874590486174814,1943.93
13.3,2,0.009,6,158.76,2009,1,1,3,15,11.9359446658146,3839.6
9.81,0,0.05,5,156.67,2009,1,1,3,15,15.968810518805421,3008.65
15.42,2,0.021,5,187.03,1987,0,1,2,37,12.12826664937423,4897.07
10.97,0,0.057,13,163.96,2009,1,1,3,15,14.9448546167168,3418.73
15.04,2,0.024,1,196.19,1987,0,1,2,37,13.043680606342665,4997.63
10.06,0,0.031,0,77.58,1998,2,2,1,26,7.710963124937879,1445.69
13.67,0,0.055,10,125.03,2009,1,1,3,15,9.145636749323385,3233.44
12.59,2,0.032,13,153.59,2009,1,1,3,15,12.19839567945358,3573.63
10.43,0,0.059,13,73.7,1998,2,2,1,26,7.06547790240629,1450.83
12.26,2,0.085,6,138.07,2009,1,1,3,15,11.260908571894625,3180.13
10.57,2,0.065,14,128.59,2009,1,1,3,15,12.164412070759626,2605.51
10.99,0,0.126,5,148.23,2009,1,1,3,15,13.486488945500863,3100.94
11.59,2,0.035,3,96.26,1998,2,2,1,26,8.304719178673109,2175.23
15.44,0,0.082,5,220.07,1999,1,0,0,25,14.252315264555405,5577.07
11.16,0,0.052,6,151.76,2009,1,1,3,15,13.597347907893557,3212.28
13.48,1,0.142,8,153.36,2009,1,1,3,15,11.376010681700171,3768.73
10.02,2,0.184,6,89.92,1998,2,2,1,26,8.9731563716196,1688.81
11.58,2,0.228,14,152.36,2009,1,1,3,15,13.156031430791815,3321.03
10.21,0,0.096,6,121.78,1987,0,1,2,37,11.92635393203408,2385.57
14.83,0,0.071,5,167.45,1999,1,0,0,25,11.290540084957184,4362.79
8.44,1,0.188,8,102.17,1987,0,1,2,37,12.104016111835092,4466.61
8.4,2,0.036,4,90.7,1998,2,2,1,26,10.796333769789312,1339.07
12.16,1,0.21,9,173.09,2009,1,1,3,15,14.233204506208372,3875.63
17.18,0,0.026,6,217.07,1999,1,0,0,25,12.634305337291194,5908.59
13.84,0,0.061,10,146.78,2009,1,1,3,15,10.604725092117622,3717.08
14.54,0,0.048,13,174.41,1999,1,0,0,25,11.994360772986727,4439.31
11.36,0,0.14,14,152.15,2009,1,1,3,15,13.392307015227535,3265.06
13.68,2,0.055,13,172.37,1999,1,0,0,25,12.59922520283605,4204.8
12.4,0,0.055,4,112.74,2009,1,1,3,15,9.091202322393356,2695.15
11.35,2,0.023,7,95.79,1998,2,2,1,26,8.438904061316185,2111.1
17.24,0,0.069,14,224.3,1999,1,0,0,25,13.009686213096689,6071.0
8.18,0,0.151,14,103.74,1998,2,2,1,26,12.680601393472681,1557.03
9.65,0,0.027,15,94.67,1998,2,2,1,26,9.809346181742825,1704.05
16.54,2,0.013,13,220.37,1999,1,0,0,25,13.322652802128045,5833.35
12.14,0,0.079,10,144.92,2009,1,1,3,15,11.93641380446421,3295.1
11.68,0,0.12,6,129.73,2009,1,1,3,15,11.106069685814571,2879.43
11.49,0,0.081,3,160.35,2009,1,1,3,15,13.954399094943868,3463.94
13.22,2,0.122,0,127.13,2009,1,1,3,15,9.615762801603509,3174.35
8.63,1,0.036,9,129.62,1998,2,2,1,26,15.017958521608156,2188.69
11.33,0,0.03,4,145.97,2009,1,1,3,15,12.882358132556703,3133.61
14.35,0,0.027,0,135.3,2009,1,1,3,15,9.427914431050102,3596.02
10.2,0,0.08,13,145.66,2009,1,1,3,15,14.278992255661212,2871.58
14.04,0,0.032,5,108.88,2009,1,1,3,15,7.7544334449113315,2985.23
10.29,0,0.027,13,150.71,2009,1,1,3,15,14.644835292974447,2994.8
16.1,0,0.05,4,172.97,1987,0,1,2,37,10.742811005527605,4764.19
10.99,0,0.022,14,146.14,2009,1,1,3,15,13.296333363661176,2965.77
12.28,0,0.093,13,100.94,1987,0,1,2,37,8.219200390847652,2426.07
10.37,0,0.112,3,146.48,2009,1,1,3,15,14.123999614309133,2926.74
12.92,2,0.027,6,131.58,2009,1,1,3,15,10.18342233573253,3198.09
12.12,1,0.113,8,151.61,2009,1,1,3,15,12.508043890768091,3426.25
14.33,2,0.098,10,194.7,1987,0,1,2,37,13.58593259367804,3721.52
13.54,2,0.103,5,99.24,2009,1,1,3,15,7.328853112768629,2675.79
17.44,1,0.034,9,193.87,1999,1,0,0,25,11.11576171091107,5494.21
15.49,2,0.089,6,156.13,1999,1,0,0,25,10.078755406364985,4279.56
21.04,2,0.04,15,158.86,1999,1,0,0,25,7.5500213868162165,5591.41
12.03,1,0.02,8,95.47,1998,2,2,1,26,7.935333721220182,2256.39
13.58,2,0.178,4,117.91,2009,1,1,3,15,8.681982180988145,3066.6
16.19,2,0.067,6,126.46,2009,1,1,3,15,7.810512012846641,3831.71
5.71,0,0.031,4,120.96,1998,2,2,1,26,21.180178602696547,1350.76
13.69,1,0.062,9,155.48,2009,1,1,3,15,11.35636549558104,3860.83
14.44,0,0.031,13,135.2,2009,1,1,3,15,9.362232532373104,3614.1
16.74,0,0.1,13,203.67,1999,1,0,0,25,12.165939908010273,5535.46
10.93,1,0.083,9,105.58,1998,2,2,1,26,9.658768639648706,2215.86
9.01,2,0.089,3,96.1,1998,2,2,1,26,10.664743091776717,1588.94
15.01,0,0.09,0,145.57,2009,1,1,3,15,9.697555126240756,3956.75
12.48,0,0.021,0,143.52,2009,1,1,3,15,11.499078599471197,3343.31
13.85,2,0.033,10,159.07,2009,1,1,3,15,11.484369359613025,3969.81
14.17,0,0.082,5,161.55,1998,2,2,1,26,11.400042339990122,1786.99
11.19,2,0.043,3,130.27,2009,1,1,3,15,11.640604056831384,2780.34
11.12,0,0.119,14,102.57,1998,2,2,1,26,9.223091448610736,2196.18
13.1,2,0.03,5,157.08,2009,1,1,3,15,11.989924433249373,3759.71
10.22,0,0.123,4,130.98,2009,1,1,3,15,12.814793073084823,2575.65
13.45,0,0.029,6,146.12,2009,1,1,3,15,10.863132852576017,3615.16
15.39,0,0.09,1,154.27,1999,1,0,0,25,10.023390293028394,4221.01
13.18,2,0.14,2,144.03,2009,1,1,3,15,10.92709202640164,3510.58
16.33,0,0.089,13,146.79,1999,1,0,0,25,8.988426918131161,4280.48
11.39,0,0.065,6,178.11,2009,1,1,3,15,15.636028443508033,2119.94
14.13,0,0.118,6,223.61,1999,1,0,0,25,15.82407472931852,5353.78
13.17,0,0.076,5,151.4,2009,1,1,3,15,11.494951028775342,3659.4
12.5,1,0.032,9,149.26,2009,1,1,3,15,11.939844812415007,3463.5
10.64,0,0.144,15,150.91,2009,1,1,3,15,14.181937787801898,3077.83
15.54,0,0.027,4,186.52,1987,0,1,2,37,12.001801685863203,4913.95
13.26,2,0.029,14,120.55,2009,1,1,3,15,9.09056632229847,3048.43
15.36,0,0.044,4,221.8,1999,1,0,0,25,14.439164116919473,5594.15
15.95,1,0.036,11,176.83,1987,0,1,2,37,11.085825340104071,4808.21
12.36,2,0.026,14,98.31,1987,0,1,2,37,7.953240029123858,2389.89
5.93,0,0.03,4,109.76,1998,2,2,1,26,18.506154105547125,1171.69
8.92,0,0.173,3,142.67,2009,1,1,3,15,15.99260172626387,2519.65
8.96,1,0.022,8,129.98,1998,2,2,1,26,14.505077558308223,2269.34
12.91,0,0.044,1,131.29,2009,1,1,3,15,10.168848268917976,3189.35
10.73,0,0.014,6,153.79,2009,1,1,3,15,14.331376386170906,3347.48
12.68,1,0.024,8,140.13,2009,1,1,3,15,11.050390347764372,3317.08
11.15,0,0.116,6,140.71,2009,1,1,3,15,12.618599228768721,2985.32
12.99,0,0.061,13,130.04,2009,1,1,3,15,10.010006927873143,3180.86
15.35,2,0.081,14,162.2,1999,1,0,0,25,10.566086899876229,4372.2
10.09,1,0.029,9,88.75,1998,2,2,1,26,8.79496581111882,1682.18
14.28,1,0.084,8,148.82,2009,1,1,3,15,10.420838876829354,3856.98
11.41,1,0.054,9,138.43,2009,1,1,3,15,12.131276838138639,2995.34
12.15,1,0.063,11,155.6,2009,1,1,3,15,12.805530409019834,3514.82
15.56,0,0.036,5,193.44,1999,1,0,0,25,12.431077694235588,5059.8
8.81,0,0.015,10,142.71,1987,0,1,2,37,16.196799455226422,2495.59
13.94,0,0.041,5,98.97,2009,1,1,3,15,7.0992037873897145,3560.26
10.7,1,0.128,9,124.23,2009,1,1,3,15,11.609195402298852,2545.03
13.94,2,0.036,0,191.07,1987,0,1,2,37,13.705616526791479,4645.79
11.9,2,0.067,6,118.8,2009,1,1,3,15,9.982354423997982,2704.29
11.42,0,0.072,12,131.2,2009,1,1,3,15,11.487610541984065,5081.46
12.13,0,0.072,14,98.87,1987,0,1,2,37,8.150193718572254,4644.06
10.34,1,0.12,9,126.22,2009,1,1,3,15,12.205782806305,2504.11
10.3,0,0.037,14,154.46,2009,1,1,3,15,14.99466071255218,2841.59
16.33,0,0.052,5,196.68,1999,1,0,0,25,12.043353132080094,5300.06
15.7,2,0.039,10,188.25,1999,1,0,0,25,11.989682185848036,4984.48
13.35,0,0.067,6,108.83,2009,1,1,3,15,8.151449329638229,2828.49
11.03,2,0.098,3,142.58,2009,1,1,3,15,12.925392076874266,2994.34
9.19,1,0.133,8,119.26,1998,2,2,1,26,12.975737134152977,2102.94
11.49,0,0.119,6,141.28,2009,1,1,3,15,12.294839439561397,3072.79
11.75,0,0.122,4,99.16,1998,2,2,1,26,8.438430771849205,2269.67
13.17,2,0.034,6,122.91,2009,1,1,3,15,9.331865461999849,3077.27
12.84,0,0.109,10,175.87,1987,0,1,2,37,13.695973833813566,4086.02
11.22,1,0.067,9,125.23,2009,1,1,3,15,11.16032439176544,2683.24
17.35,2,0.047,14,137.15,1999,1,0,0,25,7.904443547922309,4312.94
12.86,1,0.076,8,154.49,2009,1,1,3,15,12.012285203327892,3651.67
13.17,2,0.035,5,160.78,2009,1,1,3,15,12.207121706780049,3851.49
14.83,0,0.147,0,183.62,1987,0,1,2,37,12.380823949834806,4693.97
12.31,0,0.066,6,119.26,2009,1,1,3,15,9.687271545772074,2807.27
11.32,0,0.071,6,149.64,2009,1,1,3,15,13.217913611871742,3205.35
10.59,0,0.126,3,165.05,2009,1,1,3,15,15.583986403550186,3356.57
10.4,2,0.029,0,123.1,1987,0,1,2,37,11.835400442265167,2455.6
13.22,0,0.143,6,176.83,1998,2,2,1,26,13.374933817411694,571.37
12.98,1,0.138,9,146.5,2009,1,1,3,15,11.285725290809644,3515.57
13.91,2,0.103,14,151.64,2009,1,1,3,15,10.900726044137732,3832.02
11.52,0,0.015,6,141.18,2009,1,1,3,15,12.254144605502995,3078.6
7.99,0,0.033,6,86.79,1987,0,1,2,37,10.860968589663372,2915.49
10.3,2,0.089,15,118.94,1987,0,1,2,37,11.546451800796039,2345.7
16.98,2,0.015,15,188.74,1999,1,0,0,25,11.114775337141511,5285.09
15.46,2,0.004,6,150.48,1987,0,1,2,37,9.732876269322812,4157.91
13.37,2,0.144,6,173.1,1987,0,1,2,37,12.945927754094683,4149.85
10.85,0,0.01,14,144.61,2009,1,1,3,15,13.326882314994013,2997.3
14.11,0,0.078,0,131.65,2009,1,1,3,15,9.329601020480478,4412.79
12.38,0,0.028,10,180.73,1987,0,1,2,37,14.597366933204102,4080.93
11.55,2,0.053,15,153.55,2009,1,1,3,15,13.293221366115489,3337.44
12.14,0,0.048,3,168.28,2009,1,1,3,15,13.860472778189605,3772.64
11.95,0,0.022,6,226.26,1987,0,1,2,37,18.932306919923022,4916.4
13.81,0,0.011,5,173.28,1999,1,0,0,25,12.546520889146333,4252.78
11.88,0,0.188,13,160.57,2009,1,1,3,15,13.514855651881154,3555.41
12.22,0,0.074,0,135.02,2009,1,1,3,15,11.048195728663776,3109.34
13.08,0,0.079,4,168.87,2009,1,1,3,15,12.90956348902989,3997.8
14.52,1,0.046,11,186.63,1987,0,1,2,37,12.852420632187867,4685.6
15.31,1,0.063,9,144.37,2009,1,1,3,15,9.429168571615179,3998.52
14.1,2,0.006,13,210.11,1999,1,0,0,25,14.900361676476848,5070.81
14.39,0,0.021,0,114.68,2009,1,1,3,15,7.968869432284067,3184.62
12.06,1,0.043,9,123.58,2009,1,1,3,15,10.246248238122876,2840.17
9.82,2,0.031,0,145.64,2009,1,1,3,15,14.829447103146318,2785.54
12.05,0,0.027,0,145.13,2009,1,1,3,15,12.042983984731556,3277.64
13.02,0,0.12,6,158.7,2009,1,1,3,15,12.188003993548882,3775.59
10.54,2,0.049,14,151.98,2009,1,1,3,15,14.417986908262973,3077.93
15.03,2,0.128,3,164.72,1999,1,0,0,25,10.958685383540683,4353.59
12.04,1,0.086,9,162.26,1998,2,2,1,26,13.475624948094014,512.42
12.22,2,0.014,10,81.67,1998,2,2,1,26,6.68275918500941,2017.28
15.75,2,0.076,4,144.77,1987,0,1,2,37,9.191162465875184,4107.19
13.07,0,0.037,10,143.79,2009,1,1,3,15,11.000688547165481,3481.67
9.32,0,0.042,6,127.59,1987,0,1,2,37,13.688445445767622,2301.68
12.29,1,0.123,9,159.9,2009,1,1,3,15,13.009519160361242,3633.8
12.11,1,0.033,8,175.29,2009,1,1,3,15,14.473619024027744,3908.14
11.61,1,0.049,8,200.87,1999,1,0,0,25,17.29997416243218,4318.24
7.21,1,0.035,9,147.23,1998,2,2,1,26,20.417417833864928,2226.9
11.6,0,0.028,6,190.11,1987,0,1,2,37,16.387380398241532,4096.83
12.4,2,0.065,6,94.99,1987,0,1,2,37,7.659866139827433,4685.23
13.88,0,0.074,6,145.68,2009,1,1,3,15,10.49492111519343,3703.0
15.95,0,0.069,6,156.41,1999,1,0,0,25,9.805654817879757,4391.32
17.36,0,0.081,4,153.55,1987,0,1,2,37,8.844536605034273,4649.58
11.05,0,0.013,4,114.41,1987,0,1,2,37,10.352909238982898,2422.69
14.16,0,0.063,13,129.12,2009,1,1,3,15,9.118000141232965,3427.3
11.89,0,0.089,5,161.22,2009,1,1,3,15,13.558153225128247,3571.13
14.83,0,0.157,13,189.19,1987,0,1,2,37,12.756388645404895,4807.21
10.9,1,0.013,8,153.32,2009,1,1,3,15,14.064764700486194,3186.51
12.54,0,0.066,6,124.0,2009,1,1,3,15,9.887568774419904,2956.35
14.88,0,0.038,3,96.49,2009,1,1,3,15,6.4841072508567965,2922.28
12.41,0,0.138,14,120.58,2009,1,1,3,15,9.715574893239868,2856.87
12.81,0,0.025,13,143.16,2009,1,1,3,15,11.174771680586995,3410.04
12.68,0,0.03,13,133.19,2009,1,1,3,15,10.503114896301554,3176.35
12.01,2,0.105,14,146.0,2009,1,1,3,15,12.155524102905671,3287.09
15.02,0,0.044,13,193.24,1987,0,1,2,37,12.864656148059385,4934.83
9.81,0,0.039,5,141.69,2009,1,1,3,15,14.44195290999898,2701.94
12.55,2,0.175,4,170.58,2009,1,1,3,15,13.590948928372242,3912.55
14.24,0,0.133,1,135.42,1998,2,2,1,26,9.50916368232568,1418.19
14.09,0,0.128,13,178.38,1999,1,0,0,25,12.659144134553971,4418.71
13.19,0,0.007,4,153.58,2009,1,1,3,15,11.642786748540674,3708.43
16.02,0,0.132,0,187.35,1999,1,0,0,25,11.694026590100492,5039.06
12.28,2,0.031,5,144.26,2009,1,1,3,15,11.746600439703608,3312.18
12.84,0,0.047,13,147.58,2009,1,1,3,15,11.492874386730007,3506.54
14.24,0,0.063,10,159.5,1987,0,1,2,37,11.20005617583035,4067.72
9.74,0,0.036,0,89.74,1998,2,2,1,26,9.212606508572016,1621.92
10.36,2,0.089,5,138.92,2009,1,1,3,15,13.407972203455266,2768.51
9.76,2,0.015,13,139.5,1998,2,2,1,26,14.291568486835367,1474.53
14.02,0,0.128,10,195.0,1987,0,1,2,37,13.907709863775766,4743.07
14.41,0,0.03,13,146.36,2009,1,1,3,15,10.156130733467492,3837.19
12.86,0,0.174,6,160.58,2009,1,1,3,15,12.485809812611775,3777.87
13.16,2,0.011,10,130.22,2009,1,1,3,15,9.894384925157663,3223.31
13.84,0,0.038,1,115.31,2009,1,1,3,15,8.331045444693302,3071.71
14.43,1,0.065,9,177.0,1999,1,0,0,25,12.2652622825861,4467.64
11.4,1,0.063,8,141.03,2009,1,1,3,15,12.36996754670643,3047.2
9.11,1,0.031,8,122.34,1998,2,2,1,26,13.427724728350348,1082.24
9.37,0,0.047,10,130.6,1987,0,1,2,37,13.936612954860742,2374.51
9.66,1,0.177,9,86.2,1998,2,2,1,26,8.922471793810166,1531.37
12.13,1,0.067,8,171.71,2009,1,1,3,15,14.15464512406232,3840.72
10.68,0,0.036,6,145.38,2009,1,1,3,15,13.611085104390975,2973.37
14.25,0,0.031,0,182.95,1987,0,1,2,37,12.83769560030875,4549.33
13.77,0,0.108,6,189.04,1987,0,1,2,37,13.72739815554426,4565.13
14.61,2,0.014,2,144.48,2009,1,1,3,15,9.88844021627541,3842.24
12.29,1,0.037,9,129.26,2009,1,1,3,15,10.516638190545928,3007.15
13.34,0,0.039,5,150.81,2009,1,1,3,15,11.304250056217676,3686.47
14.2,2,0.054,4,112.5,2009,1,1,3,15,7.921977325540456,3097.33
10.58,0,0.04,13,121.29,1987,0,1,2,37,11.462999716472924,2457.01
13.1,2,0.041,6,124.94,2009,1,1,3,15,9.536676589573316,3102.7
10.46,0,0.084,6,158.78,2009,1,1,3,15,15.178281235063569,3197.66
11.61,0,0.033,0,153.19,2009,1,1,3,15,13.193523382998881,3343.51
13.14,1,0.161,8,147.36,2009,1,1,3,15,11.213758465870178,3569.52
13.68,0,0.137,0,97.26,2009,1,1,3,15,7.109129449601638,2667.17
11.29,0,0.021,7,155.86,2009,1,1,3,15,13.803914622265523,3325.42
12.68,0,0.064,6,183.73,1999,1,0,0,25,14.488604999605709,4209.48
10.24,0,0.077,4,123.65,1987,0,1,2,37,12.074016209354555,2428.58
9.4,0,0.082,1,125.61,1998,2,2,1,26,13.361344537815127,2279.88
11.53,0,0.14,14,176.53,2009,1,1,3,15,15.309166594397713,3804.15
8.93,0,0.031,13,126.48,1998,2,2,1,26,14.1619079610346,2190.98
11.03,0,0.028,13,172.58,2009,1,1,3,15,15.645000453268066,3609.33
12.87,2,0.089,6,133.63,2009,1,1,3,15,10.382254681065962,3227.45
16.21,1,0.122,9,186.92,1999,1,0,0,25,11.530442292270678,5072.43
11.9,0,0.024,4,152.37,2009,1,1,3,15,12.803125787748929,3393.08
13.09,0,0.148,4,124.13,2009,1,1,3,15,9.482086929951876,3084.52
14.71,0,0.023,0,153.67,1987,0,1,2,37,10.445924818163277,4055.0
14.48,0,0.128,0,171.58,1999,1,0,0,25,11.848629238312272,4368.41
10.41,2,0.17,4,115.64,1987,0,1,2,37,11.107482470463934,2303.6
10.53,0,0.008,5,142.38,2009,1,1,3,15,13.520083562814548,2878.31
12.37,0,0.066,5,120.29,2009,1,1,3,15,9.723547005092557,2842.59
11.35,2,0.063,3,136.51,2009,1,1,3,15,12.026253193551229,2943.26
15.77,0,0.021,4,144.56,1987,0,1,2,37,9.166191110265679,4107.65
12.47,2,0.013,5,156.41,2009,1,1,3,15,12.541897201507497,3603.48
14.43,1,0.021,9,147.12,2009,1,1,3,15,10.194719700644447,3855.59
10.91,0,0.056,10,106.68,1998,2,2,1,26,9.777288974429476,2233.56
12.67,1,0.076,9,154.3,2009,1,1,3,15,12.177412990292796,3605.41
15.99,2,0.064,13,172.33,1987,0,1,2,37,10.776686886373586,4724.83
13.31,0,0.043,10,125.59,2009,1,1,3,15,9.435053714972579,3163.84
12.09,1,0.123,8,148.76,2009,1,1,3,15,12.30336614010421,3362.58
12.25,1,0.01,8,198.7,1999,1,0,0,25,16.219084156395397,4418.61
12.35,2,0.022,10,113.41,2009,1,1,3,15,9.182252449194397,2697.34
11.13,2,0.035,14,110.81,1987,0,1,2,37,9.95508040607313,2366.89
11.95,0,0.047,1,164.23,2009,1,1,3,15,13.741946280645971,3646.17
14.21,2,0.035,6,127.81,2009,1,1,3,15,8.993737245795511,3412.28
10.31,0,0.054,5,111.08,1998,2,2,1,26,10.772960915527106,2188.81
9.84,2,0.102,0,136.6,2009,1,1,3,15,13.88070318057108,2604.08
12.39,0,0.114,5,175.47,2009,1,1,3,15,14.161084658219675,3975.65
14.76,0,0.076,10,130.99,2009,1,1,3,15,8.874060023033671,3601.2
14.71,1,0.083,9,145.12,2009,1,1,3,15,9.864727074977909,3880.22
10.7,0,0.021,4,136.6,2009,1,1,3,15,12.765162134379965,2799.52
14.04,0,0.039,4,156.19,2009,1,1,3,15,11.12385157752297,3953.88
13.89,0,0.015,5,196.66,1987,0,1,2,37,14.157368080051832,4748.77
11.0,2,0.12,5,152.09,2009,1,1,3,15,13.825106808471958,3183.92
10.48,2,0.015,10,154.22,2009,1,1,3,15,14.714244823967178,3110.05
13.03,1,0.061,8,150.09,2009,1,1,3,15,11.517918808993938,3601.38
12.98,2,0.021,1,147.61,2009,1,1,3,15,11.37123488175025,3538.76
8.88,0,0.115,4,124.27,1998,2,2,1,26,13.992793604323836,2134.72
7.96,2,0.016,6,85.82,1998,2,2,1,26,10.780052757191307,1139.7
11.58,2,0.041,6,114.95,2009,1,1,3,15,9.925740436922545,2554.65
15.91,0,0.092,5,171.64,1987,0,1,2,37,10.787505499340078,4693.82
15.29,0,0.082,4,189.49,1987,0,1,2,37,12.392256883133872,4918.47
12.11,0,0.105,5,135.19,2009,1,1,3,15,11.162579473206177,3089.44
9.26,2,0.021,3,83.38,1998,2,2,1,26,9.00334737069431,1385.27
8.02,0,0.065,3,124.97,1987,0,1,2,37,15.580351577110088,3090.42
15.73,0,0.031,0,149.47,1987,0,1,2,37,9.501621003114868,4199.64
10.96,2,0.137,3,122.25,2009,1,1,3,15,11.15317945442934,2564.53
16.01,0,0.027,6,117.48,2009,1,1,3,15,7.3374554993442,3606.55
12.16,0,0.084,13,130.67,2009,1,1,3,15,10.745004522654387,3006.41
13.27,2,0.046,13,173.14,1987,0,1,2,37,13.046492351744405,4128.1
13.36,0,0.12,7,106.07,2009,1,1,3,15,7.938777037646883,2774.76
13.0,2,0.054,6,166.75,2009,1,1,3,15,12.82593646642566,3934.53
17.87,0,0.124,13,166.45,1999,1,0,0,25,9.313972357450616,5029.11
12.87,0,0.175,4,146.47,2009,1,1,3,15,11.379846165799083,3491.96
14.09,2,0.047,7,192.85,1987,0,1,2,37,13.686040735221063,4714.9
12.65,0,0.121,5,149.9,2009,1,1,3,15,11.848865702316022,3511.58
10.48,0,0.073,10,92.63,1998,2,2,1,26,8.837897147218776,1849.5
11.75,0,0.03,15,161.68,2009,1,1,3,15,13.75882903582674,3549.16
11.3,2,0.099,7,90.06,1998,2,2,1,26,7.969206264932307,1981.53
12.8,1,0.034,11,147.19,2009,1,1,3,15,11.498320443715334,3488.76
12.83,0,0.068,6,162.76,2009,1,1,3,15,12.684903748733536,3814.11
13.56,0,0.029,0,126.47,2009,1,1,3,15,9.326008406459701,3238.63
14.41,0,0.186,6,151.56,2009,1,1,3,15,10.516966206370135,3942.23
8.26,2,0.086,10,131.1,1998,2,2,1,26,15.86974942500908,2134.22
15.52,2,0.086,14,214.65,1999,1,0,0,25,13.82965015140777,5483.76
13.46,0,0.162,14,159.2,2009,1,1,3,15,11.826758784637098,2620.02
12.6,0,0.047,6,130.67,2009,1,1,3,15,10.369811919688914,3105.79
11.15,0,0.079,14,92.71,1998,2,2,1,26,8.314052551340687,2001.18
15.8,0,0.151,3,154.49,1999,1,0,0,25,9.777229289285488,4317.3
15.67,2,0.076,5,135.36,2009,1,1,3,15,8.637610873588157,3897.08
10.4,0,0.026,5,131.82,2009,1,1,3,15,12.673781367176232,2632.49
14.04,0,0.058,3,120.97,2009,1,1,3,15,8.615483227690337,3234.27
10.87,1,0.007,8,143.98,2009,1,1,3,15,13.244411737650632,2988.38
10.71,0,0.033,13,116.75,1987,0,1,2,37,10.900009336196433,2395.76
10.57,2,0.104,10,139.54,2009,1,1,3,15,13.200264875603064,2828.88
13.64,0,0.021,12,163.72,1987,0,1,2,37,12.002052635437284,4017.87
12.03,0,0.031,0,137.0,2009,1,1,3,15,11.387249605186602,3108.32
11.15,0,0.03,13,180.22,2009,1,1,3,15,16.16177921262667,3792.93
14.29,1,0.018,8,188.64,1987,0,1,2,37,13.199916031068504,4675.53
10.69,2,0.176,3,116.37,1987,0,1,2,37,10.884856421288935,2381.71
10.46,0,0.022,13,139.16,2009,1,1,3,15,13.302743523563713,2795.87
12.88,0,0.123,15,158.39,2009,1,1,3,15,12.296405558574644,3738.06
11.85,1,0.045,9,147.18,2009,1,1,3,15,12.419205130368747,3274.24
12.22,2,0.05,3,158.49,2009,1,1,3,15,12.96866050241388,3589.01
10.39,1,0.012,8,101.82,1998,2,2,1,26,9.798864401886247,2016.07
11.49,2,0.013,0,128.44,2009,1,1,3,15,11.17744321643025,2809.48
12.71,0,0.085,4,114.22,2009,1,1,3,15,8.985917709070883,2794.23
15.06,2,0.014,14,146.66,2009,1,1,3,15,9.7377332182458,3990.69
13.65,0,0.09,4,184.25,1999,1,0,0,25,13.497179693795326,4440.59
14.81,0,0.122,13,197.96,1987,0,1,2,37,13.365741678482209,4983.27
11.08,0,0.073,10,151.76,2009,1,1,3,15,13.695514845230575,3193.59
12.22,0,0.032,3,137.13,2009,1,1,3,15,11.220849357663038,3153.74
12.91,0,0.126,0,101.91,2009,1,1,3,15,7.8932693052435905,2588.96
12.78,0,0.07,6,143.58,2009,1,1,3,15,11.233862765041861,3411.71
13.94,0,0.147,3,158.27,2009,1,1,3,15,11.352844128828636,3974.5
14.5,2,0.06,5,192.2,1987,0,1,2,37,13.25425832701193,4794.54
8.84,0,0.017,0,85.76,1998,2,2,1,26,9.700260151566566,1337.22
11.97,2,0.034,13,127.04,2009,1,1,3,15,10.612313089967422,2890.19
14.43,2,0.108,2,159.35,1987,0,1,2,37,11.042200817684153,4106.38
14.62,2,0.064,3,150.23,2009,1,1,3,15,10.274946994049655,3962.62
15.0,0,0.083,6,170.27,1999,1,0,0,25,11.350576628224786,4459.05
14.75,0,0.042,3,220.18,1999,1,0,0,25,14.9264456647007,5423.6
13.2,0,0.138,14,159.85,2009,1,1,3,15,12.108931141580184,3838.27
10.01,2,0.055,6,125.72,1987,0,1,2,37,12.558185995405056,2420.94
12.18,0,0.102,13,111.27,2009,1,1,3,15,9.134718003447993,2614.19
12.34,2,0.085,6,145.17,2009,1,1,3,15,11.76322826351187,3344.33
13.52,0,0.066,10,167.92,1987,0,1,2,37,12.419199763331115,4076.94
9.37,2,0.031,6,154.88,2009,1,1,3,15,16.527585102977273,2871.93
14.28,0,0.079,6,141.66,2009,1,1,3,15,9.919473426230656,3710.49
8.57,0,0.112,10,111.78,1998,2,2,1,26,13.04165208260413,1808.35
11.96,2,0.05,13,147.06,2009,1,1,3,15,12.294958615500375,3297.14
12.2,2,0.067,6,161.51,2009,1,1,3,15,13.237439554134907,3646.72
12.96,0,0.064,6,189.35,1999,1,0,0,25,14.609212252141038,4388.07
13.61,0,0.024,15,158.23,2009,1,1,3,15,11.625156123723459,3899.56
13.25,1,0.039,8,144.34,2009,1,1,3,15,10.892762810353936,3533.9
11.16,2,0.087,0,178.04,2009,1,1,3,15,15.951975629423886,3750.6
8.94,2,0.083,5,82.09,1998,2,2,1,26,9.18129963091377,1285.77
13.95,0,0.055,3,190.17,1987,0,1,2,37,13.631280911762598,4628.81
13.16,1,0.142,9,142.18,2009,1,1,3,15,10.803130461211156,3469.66
11.75,2,0.043,10,105.44,1987,0,1,2,37,8.972853374180922,2397.77
14.69,0,0.076,4,171.16,1999,1,0,0,25,11.650670478524267,4407.9
11.38,0,0.12,14,149.29,2009,1,1,3,15,13.117476495914243,3211.85
14.59,0,0.052,5,154.95,1987,0,1,2,37,10.619560002741416,4053.82
10.08,0,0.026,13,98.23,1998,2,2,1,26,9.744073008630098,1872.35
16.05,2,0.133,3,170.26,1987,0,1,2,37,10.607438788860506,4697.11
13.68,0,0.024,13,138.77,2009,1,1,3,15,10.143264381258682,3516.86
9.96,1,0.19,9,109.74,1998,2,2,1,26,11.016966168055415,2080.79
11.99,2,0.183,5,159.66,2009,1,1,3,15,13.31498623967976,3562.91
7.27,2,0.025,0,129.68,1998,2,2,1,26,17.835235868518776,1882.37
14.26,1,0.112,8,147.57,2009,1,1,3,15,10.347801696935699,3826.56
18.0,2,0.095,0,233.52,1999,1,0,0,25,12.97261263263152,6432.28
14.2,0,0.049,5,162.54,1987,0,1,2,37,11.44567283994085,4119.73
12.42,1,0.061,9,164.19,2009,1,1,3,15,13.218742452298526,3751.21
15.05,0,0.055,13,149.42,1987,0,1,2,37,9.927579562819746,4044.46
14.78,0,0.119,10,152.48,1987,0,1,2,37,10.315946147080712,4044.94
12.51,0,0.015,6,157.5,2009,1,1,3,15,12.588921748861003,3635.72
9.54,2,0.04,13,106.83,1998,2,2,1,26,11.196939524158894,1926.2
8.16,1,0.025,9,104.51,1998,2,2,1,26,12.806028672956748,1567.08
13.33,0,0.053,7,103.88,2009,1,1,3,15,7.7923636636411375,2723.71
13.33,0,0.129,6,144.62,2009,1,1,3,15,10.848398469732205,3557.11
9.29,0,0.05,10,116.73,1998,2,2,1,26,12.56377139166936,2073.22
10.55,1,0.072,8,111.63,1998,2,2,1,26,10.580039806653398,2254.13
16.34,0,0.027,6,179.16,1999,1,0,0,25,10.96383330273545,4944.18
8.04,0,0.014,3,145.35,1987,0,1,2,37,18.076109936575055,2377.27
13.07,0,0.088,6,121.25,2009,1,1,3,15,9.276260423839034,3019.58
14.85,0,0.07,5,169.28,1999,1,0,0,25,11.398559019594641,4404.72
12.46,0,0.042,13,146.24,2009,1,1,3,15,11.735815745124789,2401.99
14.47,0,0.17,6,147.45,2009,1,1,3,15,10.189344205652684,3872.32
13.51,0,0.082,6,142.16,2009,1,1,3,15,10.521797054252092,3547.98
9.02,2,0.032,6,104.6,1998,2,2,1,26,11.59516683294535,1763.22
9.57,2,0.031,3,122.46,1998,2,2,1,26,12.794901264235712,980.96
13.27,2,0.069,12,194.1,1987,0,1,2,37,14.6258759701605,4556.64
11.24,0,0.067,3,94.45,1998,2,2,1,26,8.402277377457523,2057.95
15.7,0,0.015,13,163.16,1999,1,0,0,25,10.391694796509777,4471.91
12.12,0,0.102,1,134.17,2009,1,1,3,15,11.069218711327448,3068.75
14.01,2,0.184,10,177.48,1999,1,0,0,25,12.667190064948969,4382.45
13.74,2,0.078,5,124.69,2009,1,1,3,15,9.074303180263446,3242.71
13.07,1,0.054,8,171.1,1987,0,1,2,37,13.090046668196772,4040.57
13.98,0,0.027,10,204.34,1987,0,1,2,37,14.615549674558329,4925.23
14.28,0,0.055,4,200.43,1987,0,1,2,37,14.034731461382258,4914.64
13.69,0,0.171,14,175.92,1999,1,0,0,25,12.849317069607771,4279.81
6.8,1,0.191,8,85.64,1998,2,2,1,26,12.592265843258344,875.08
12.52,0,0.011,4,126.79,2009,1,1,3,15,10.126188004153024,2964.71
8.03,2,0.076,14,77.05,1998,2,2,1,26,9.5940729672519,976.77
14.42,2,0.065,13,170.37,1999,1,0,0,25,11.814021219055546,4330.37
10.45,0,0.089,4,89.04,1998,2,2,1,26,8.51975887474883,972.72
9.47,0,0.052,3,137.5,2009,1,1,3,15,14.518002322880372,2537.93
11.11,0,0.138,0,152.91,2009,1,1,3,15,13.762037620376205,3224.02
16.29,0,0.098,5,200.39,1999,1,0,0,25,12.30065680437051,5366.59
13.28,1,0.055,9,135.31,2009,1,1,3,15,10.188238837436941,3354.83
13.68,0,0.018,0,163.02,1987,0,1,2,37,11.915795628974491,4012.35
13.28,2,0.035,0,188.91,1999,1,0,0,25,14.224079512084934,4451.41
11.89,1,0.156,9,131.49,2009,1,1,3,15,11.057942982087294,2963.71
17.68,0,0.049,0,152.4,1999,1,0,0,25,8.619421978394888,4699.08
15.56,0,0.153,3,171.92,1987,0,1,2,37,11.04813315339631,4619.83
12.8,2,0.022,3,145.28,2009,1,1,3,15,11.34911335051949,3450.78
13.92,2,0.054,3,181.48,1999,1,0,0,25,13.036419797428346,4443.6
12.3,0,0.008,6,157.24,2009,1,1,3,15,12.782700593447688,3582.28
13.88,2,0.035,6,124.77,2009,1,1,3,15,8.988545493840501,3275.64
10.11,0,0.053,7,88.91,1998,2,2,1,26,8.793393333992682,1690.08
10.94,0,0.026,5,119.27,1987,0,1,2,37,10.90119733113975,2499.11
15.89,0,0.171,14,168.67,1987,0,1,2,37,10.61418412938141,4627.99
13.99,1,0.083,8,145.92,2009,1,1,3,15,10.429561861196483,3733.52
13.51,0,0.099,13,157.57,2009,1,1,3,15,11.662349196950633,3863.1
8.99,2,0.041,15,101.94,1998,2,2,1,26,11.338004671338005,1702.62
10.42,0,0.039,6,132.7,2009,1,1,3,15,12.733902696478264,2655.46
9.45,0,0.094,3,162.28,1998,2,2,1,26,17.17066977039467,563.06
11.76,0,0.068,7,164.98,2009,1,1,3,15,14.027718731400391,3618.29
12.75,2,0.028,10,136.17,2009,1,1,3,15,10.679162418633831,3252.6
14.33,0,0.097,5,131.06,2009,1,1,3,15,9.145209685297607,3505.13
13.47,2,0.151,4,120.15,2009,1,1,3,15,8.919159676341772,3086.94
10.32,2,0.025,13,122.2,1987,0,1,2,37,11.839937990504797,2417.92
9.42,2,0.074,4,103.32,1998,2,2,1,26,10.96698864239465,1828.94
11.83,2,0.123,5,130.51,2009,1,1,3,15,11.031189248584228,4968.47
13.07,0,0.068,14,155.38,2009,1,1,3,15,11.887384285823579,3718.13
10.63,1,0.034,8,194.38,2009,1,1,3,15,18.28426300442103,3964.22
10.47,0,0.16,14,93.51,1999,1,0,0,25,8.930379142393278,5233.53
11.24,1,0.014,9,143.02,2009,1,1,3,15,12.7230673427631,3050.9
11.78,2,0.066,10,144.41,2009,1,1,3,15,12.25787284610814,3203.44
13.89,2,0.053,7,182.66,1999,1,0,0,25,13.14952127276654,4462.33
13.66,2,0.076,13,144.64,2009,1,1,3,15,10.587804699509553,3632.6
13.05,0,0.017,1,163.79,2009,1,1,3,15,12.549996168875948,3886.66
12.67,1,0.054,8,158.53,2009,1,1,3,15,12.511246152631996,3691.88
13.22,0,0.108,4,161.92,2009,1,1,3,15,12.247182512669237,3885.99
12.25,1,0.015,9,127.43,2009,1,1,3,15,10.401599869398417,2960.39
9.26,2,0.043,14,102.67,1998,2,2,1,26,11.086275780153333,1778.64
14.07,0,0.05,10,154.0,2009,1,1,3,15,10.944495771444815,3917.18
14.02,0,0.128,14,182.28,1999,1,0,0,25,13.000499251123316,4482.93
11.79,0,0.009,4,114.28,2009,1,1,3,15,9.6921380714104,2587.35
11.07,0,0.086,14,88.12,1998,2,2,1,26,7.959533917441966,1889.31
8.36,2,0.042,10,109.94,1998,2,2,1,26,13.149144839134076,1724.22
15.1,1,0.142,9,211.63,1999,1,0,0,25,14.014303688497451,5327.77
14.2,2,0.128,5,181.79,1987,0,1,2,37,12.801211182311105,4513.23
13.0,0,0.047,7,191.22,1999,1,0,0,25,14.708099376971003,4436.42
7.44,0,0.076,13,78.77,1998,2,2,1,26,10.585942749630425,877.75
13.34,2,0.03,3,160.5,2009,1,1,3,15,12.030582415111311,3884.64
12.89,0,0.107,6,153.05,2009,1,1,3,15,11.87262431153518,3630.18
12.57,0,0.152,3,156.22,2009,1,1,3,15,12.427014557314454,3622.6
14.62,0,0.033,6,147.64,2009,1,1,3,15,10.09780452773408,3909.34
10.17,0,0.005,13,149.66,2009,1,1,3,15,14.7143840330351,2947.09
12.69,1,0.172,11,135.49,2009,1,1,3,15,10.676069655661493,3225.11
10.34,0,0.142,3,119.07,1987,0,1,2,37,11.514360313315928,2358.07
8.9,0,0.108,13,149.8,2009,1,1,3,15,16.829569711268398,2660.66
16.35,0,0.08,0,202.49,1999,1,0,0,25,12.38395205186227,5422.91
17.84,0,0.037,14,148.23,1987,0,1,2,37,8.308390785269882,4650.04
11.35,0,0.027,4,119.64,1998,2,2,1,26,10.540040525063873,1011.63
16.64,2,0.094,3,194.6,1999,1,0,0,25,11.694008773511205,5327.33
11.47,1,0.09,8,157.41,2009,1,1,3,15,13.722430476854676,3397.82
13.53,2,0.048,13,193.39,1987,0,1,2,37,14.292365678811619,4599.89
17.16,2,0.036,3,167.49,1999,1,0,0,25,9.759920750539013,4891.32
14.76,0,0.011,10,167.31,1999,1,0,0,25,11.334597926969717,4344.66
14.68,0,0.063,10,115.49,2009,1,1,3,15,7.866630338532798,3266.3
13.91,0,0.092,6,175.26,1999,1,0,0,25,12.59866292861764,4313.99
13.28,0,0.072,13,208.64,1987,0,1,2,37,15.709660417137265,4854.85
10.14,0,0.01,3,95.25,1998,2,2,1,26,9.392564835815008,1826.77
11.07,0,0.067,4,125.2,2009,1,1,3,15,11.308824857736429,2648.73
12.64,0,0.12,14,103.88,2009,1,1,3,15,8.217704295546238,2567.56
9.52,0,0.022,0,154.55,2009,1,1,3,15,16.232538598886673,2899.65
12.76,0,0.036,14,136.48,2009,1,1,3,15,10.695086591959878,3262.43
11.05,0,0.081,3,119.87,2009,1,1,3,15,10.846982173558954,2535.28
13.88,2,0.014,3,215.19,1999,1,0,0,25,15.502485411713852,5126.13
12.7,0,0.038,6,170.48,2009,1,1,3,15,13.42256515235021,3944.7
7.6,2,0.021,5,175.03,2009,1,1,3,15,23.027233258781738,2885.13
10.77,0,0.07,15,107.46,1998,2,2,1,26,9.976789527434779,2217.81
11.3,1,0.077,9,166.76,2009,1,1,3,15,14.756216264047428,3551.79
10.94,2,0.154,6,87.18,1998,2,2,1,26,7.96819303537154,1842.65
12.39,2,0.055,3,114.62,2009,1,1,3,15,9.250262287143896,2730.21
16.12,0,0.097,4,160.18,1987,0,1,2,37,9.936108181874573,4505.81
13.2,0,0.129,13,119.89,2009,1,1,3,15,9.081887735777594,3022.29
8.52,0,0.055,14,135.91,1998,2,2,1,26,15.950005867855888,2290.82
12.79,1,0.015,9,150.11,2009,1,1,3,15,11.735595340473774,3547.77
14.34,1,0.026,8,162.64,1987,0,1,2,37,11.340910675685098,4153.3
13.66,0,0.162,13,168.46,1987,0,1,2,37,12.331454505526683,4119.22
12.28,2,0.171,0,141.96,2009,1,1,3,15,11.559319273674785,3265.24
12.49,2,0.047,6,124.68,2009,1,1,3,15,9.981586742454567,2958.3
11.56,0,0.188,6,132.58,2009,1,1,3,15,11.46786610154831,2909.79
12.0,1,0.149,8,106.22,1987,0,1,2,37,8.850929089242564,2470.78
12.55,1,0.162,9,157.6,2009,1,1,3,15,12.556768384989244,3805.39
13.05,2,0.055,4,165.89,2009,1,1,3,15,12.710903379051413,3929.68
11.08,1,0.015,9,143.99,2009,1,1,3,15,12.9943145925458,3034.97
13.56,0,0.027,5,151.12,2009,1,1,3,15,11.14372096453064,3741.07
14.55,2,0.049,13,203.96,1999,1,0,0,25,14.016906054566697,5046.33
14.21,0,0.142,6,152.13,2009,1,1,3,15,10.705087608190837,3909.55
14.9,0,0.05,13,199.95,1999,1,0,0,25,13.418562512583048,5043.15
9.02,0,0.108,13,106.93,1998,2,2,1,26,11.853453053985147,1812.78
12.86,0,0.062,6,139.32,2009,1,1,3,15,10.832750174947517,3341.99
15.57,1,0.173,8,157.75,1999,1,0,0,25,10.131012780168263,4330.81
15.16,0,0.012,3,158.13,1999,1,0,0,25,10.430050788206582,4246.67
11.22,0,0.027,10,144.32,2009,1,1,3,15,12.861598787986809,3075.12
11.96,2,0.077,1,153.4,2009,1,1,3,15,12.825014630883706,3428.18
16.53,0,0.042,0,181.12,1999,1,0,0,25,10.9563849736858,5027.6
13.04,0,0.172,1,154.12,2009,1,1,3,15,11.818112107967183,3686.22
14.67,2,0.072,3,150.17,2009,1,1,3,15,10.235839411083088,3973.91
13.61,0,0.036,13,136.92,2009,1,1,3,15,10.059510689883183,3462.97
13.62,2,0.108,6,179.95,1999,1,0,0,25,13.211217972248734,4345.02
12.04,0,0.013,4,101.35,1987,0,1,2,37,8.417074993771282,2380.12
11.69,1,0.142,9,115.05,2009,1,1,3,15,9.840903258917116,2580.96
9.92,0,0.031,6,153.3,2009,1,1,3,15,15.452071363773815,2964.44
12.18,0,0.017,6,168.17,2009,1,1,3,15,13.805927263771448,3778.49
10.42,1,0.091,8,155.82,2009,1,1,3,15,14.9524997600998,3128.43
16.52,2,0.121,13,111.49,2009,1,1,3,15,6.748380848616911,3599.12
14.15,0,0.014,6,169.94,1999,1,0,0,25,12.009045297152145,4260.86
12.17,0,0.022,0,132.58,2009,1,1,3,15,10.893106564785146,3048.81
13.23,0,0.019,5,175.13,1987,0,1,2,37,13.236338901065679,4158.06
11.55,0,0.07,13,137.99,2009,1,1,3,15,11.94615184832482,3019.18
11.71,1,0.061,8,165.52,2009,1,1,3,15,14.133720433780207,3617.53
9.11,1,0.054,9,123.37,1998,2,2,1,26,13.54077488749863,2167.55
13.46,2,0.161,13,188.36,1999,1,0,0,25,13.993016863531684,4480.26
12.52,2,0.119,6,105.32,1999,1,0,0,25,8.41146873252935,6104.19
16.67,2,0.033,6,233.57,1999,1,0,0,25,14.010557255113667,6132.54
14.82,0,0.072,2,178.16,1987,0,1,2,37,12.020781323797314,4579.88
11.09,0,0.158,14,153.24,2009,1,1,3,15,13.816608060589669,3227.98
11.72,0,0.057,4,155.53,2009,1,1,3,15,13.26934561897449,3415.93
12.0,0,0.097,13,157.77,2009,1,1,3,15,13.146404466294477,3524.53
14.51,2,0.09,13,189.42,1987,0,1,2,37,13.053545586107091,4739.56
11.58,1,0.09,9,123.81,2009,1,1,3,15,10.690786633278647,2735.03
10.91,0,0.099,0,109.32,1998,2,2,1,26,10.019246631839428,2287.11
14.88,0,0.292,4,186.77,1987,0,1,2,37,12.550903837107722,4769.76
11.07,1,0.031,11,136.57,2009,1,1,3,15,12.33583235480083,2882.67
10.92,1,0.087,9,116.87,1998,2,2,1,26,10.701400970607088,2038.64
14.79,1,0.144,8,128.07,2009,1,1,3,15,8.658643769860051,3547.76
12.7,2,0.076,10,107.86,2009,1,1,3,15,8.492244705141328,2663.33
12.1,1,0.057,11,201.72,1999,1,0,0,25,16.6696967192794,4446.42
12.42,0,0.119,14,168.13,2009,1,1,3,15,13.535947186216891,3833.04
10.19,2,0.129,4,115.6,1998,2,2,1,26,11.343342164655088,2254.59
11.9,0,0.067,0,158.76,2009,1,1,3,15,13.340055457524578,3523.96
9.46,2,0.119,0,73.87,1998,2,2,1,26,7.80784272275658,1234.6
12.52,0,0.142,13,158.05,2009,1,1,3,15,12.62279370657296,3649.03
14.47,0,0.033,6,181.67,1987,0,1,2,37,12.55407366457052,4571.91
11.18,1,0.107,9,100.57,1998,2,2,1,26,8.994723191127806,2170.67
11.94,1,0.138,9,176.77,2009,1,1,3,15,14.80361778745499,3900.37
11.07,0,0.128,10,108.41,1987,0,1,2,37,9.79225002258152,2305.71
11.16,0,0.014,1,162.72,2009,1,1,3,15,14.579338768927515,3436.33
15.6,0,0.128,10,142.9,1987,0,1,2,37,9.159669251971028,4034.74
17.44,1,0.094,11,181.24,1999,1,0,0,25,10.391605985895303,5235.95
13.64,0,0.021,5,135.83,2009,1,1,3,15,9.957481123084818,3446.4
12.55,1,0.102,9,140.58,2009,1,1,3,15,11.200701139351446,3297.81
11.65,0,0.035,14,153.25,2009,1,1,3,15,13.153377392498498,3353.21
8.19,1,0.049,8,137.13,1998,2,2,1,26,16.741545598827983,2241.31
13.82,1,0.104,9,197.84,1987,0,1,2,37,14.31444902684321,4757.76
12.51,0,0.066,14,173.85,2009,1,1,3,15,13.895771720885621,3969.38
14.08,0,0.046,0,147.01,2009,1,1,3,15,10.440309637099638,3775.5
11.42,0,0.034,10,156.9,2009,1,1,3,15,13.73785132650381,3376.55
12.98,1,0.123,8,129.04,2009,1,1,3,15,9.940682536014174,3159.82
9.65,0,0.06,4,109.18,1998,2,2,1,26,11.312817324629574,2001.26
12.56,0,0.092,13,161.24,2009,1,1,3,15,12.836557598917285,5064.03
11.48,2,0.025,0,159.46,2009,1,1,3,15,13.889034056266876,3441.95
12.05,0,0.041,4,143.47,2009,1,1,3,15,11.905236079993362,3245.23
11.9,1,0.151,11,207.46,1987,0,1,2,37,17.43214855894463,4519.09
14.37,0,0.154,4,126.74,2009,1,1,3,15,8.819149676431703,3426.76
14.05,0,0.191,13,130.02,2009,1,1,3,15,9.253433919294,3420.56
10.52,0,0.079,3,181.03,2009,1,1,3,15,17.206539302347686,5086.07
9.29,1,0.034,9,127.26,1998,2,2,1,26,13.697126251210852,2288.48
9.11,0,0.022,14,97.82,1998,2,2,1,26,10.73647239600483,1646.53
14.88,0,0.026,3,139.44,2009,1,1,3,15,9.370338014918351,3801.97
15.47,0,0.159,6,180.54,1987,0,1,2,37,11.6695753344968,4775.21
10.36,2,0.021,10,137.03,2009,1,1,3,15,13.225557378631407,2729.96
14.83,0,0.009,6,161.92,1999,1,0,0,25,10.91767244285618,4249.83
10.77,1,0.081,8,139.28,2009,1,1,3,15,12.931018475536163,2870.0
12.8,0,0.085,1,139.4,2009,1,1,3,15,10.889774236387783,3518.98
9.16,0,0.016,7,97.23,1998,2,2,1,26,10.613470145180658,1645.96
13.43,0,0.01,6,134.38,2009,1,1,3,15,10.005211823393642,3369.65
13.53,2,0.136,0,133.19,2009,1,1,3,15,9.843322740373956,3367.73
13.74,0,0.027,3,142.6,2009,1,1,3,15,10.377701768430246,3609.32
12.72,2,0.119,3,125.06,2009,1,1,3,15,9.830988129864005,3018.35
11.91,0,0.127,7,159.0,2009,1,1,3,15,13.34900512131643,3529.48
17.34,0,0.025,13,239.31,1999,1,0,0,25,13.800242200565133,6277.33
11.38,0,0.013,12,128.73,2009,1,1,3,15,11.310956857921095,2790.57
10.86,2,0.08,3,208.49,1998,2,2,1,26,19.19620661080932,2078.06
12.89,0,0.154,0,120.58,2009,1,1,3,15,9.353812737568846,2965.95
10.84,2,0.066,10,120.6,2009,1,1,3,15,11.124435015219998,2502.33
13.84,0,0.054,0,149.18,2009,1,1,3,15,10.778122967993642,3764.66
15.32,0,0.033,6,166.49,1999,1,0,0,25,10.866784152470466,6706.11
14.63,2,0.112,6,191.61,1987,0,1,2,37,13.09616567562026,4812.87
15.67,0,0.041,3,171.66,1987,0,1,2,37,10.953991449173634,4638.56
14.5,2,0.033,15,177.73,1999,1,0,0,25,12.25639611061306,4498.59
12.66,1,0.141,8,146.25,2009,1,1,3,15,11.551220282758077,3439.9
13.7,2,0.03,6,147.42,2009,1,1,3,15,10.759798554850011,3697.17
12.53,0,0.036,10,131.28,2009,1,1,3,15,10.476418482164235,3103.81
11.41,2,0.099,4,167.06,2009,1,1,3,15,14.640259398825695,3582.09
13.25,0,0.091,14,111.71,2009,1,1,3,15,8.430307146630442,2864.96
12.25,0,0.012,7,188.2,1999,1,0,0,25,15.362011264386581,4205.63
12.65,0,0.031,14,143.48,2009,1,1,3,15,11.341395937080073,3379.42
17.21,0,0.033,6,199.57,1999,1,0,0,25,11.595491255592352,5558.43
9.01,2,0.099,6,53.86,1998,2,2,1,26,5.9771390522694485,723.24
8.81,1,0.026,11,89.94,1998,2,2,1,26,10.20769492679605,1417.64
15.52,1,0.044,11,185.24,1987,0,1,2,37,11.934798015591781,4870.75
14.91,2,0.042,10,172.32,1999,1,0,0,25,11.556568975923815,4480.33
11.49,2,0.064,3,148.49,2009,1,1,3,15,12.922287007223046,3221.39
14.07,0,0.1,1,138.43,2009,1,1,3,15,9.83796460805913,3598.36
12.54,0,0.188,14,113.72,2009,1,1,3,15,9.06785742763735,2746.67
18.54,0,0.057,1,171.9,1999,1,0,0,25,9.271344587670567,5292.66
9.21,2,0.113,4,80.14,1998,2,2,1,26,8.700466833134296,1306.34
15.2,0,0.077,5,184.73,1999,1,0,0,25,12.152489967765279,5994.13
11.51,2,0.161,3,141.2,2009,1,1,3,15,12.266527669185995,3075.47
12.5,2,0.071,3,144.48,2009,1,1,3,15,11.557475401967842,3366.67
9.35,0,0.049,3,102.96,1998,2,2,1,26,11.010587102983639,1804.36
15.55,2,0.081,13,207.8,1999,1,0,0,25,13.362484727670246,5351.11
10.55,0,0.096,13,190.65,2009,1,1,3,15,18.069377310207564,3869.95
11.4,0,0.174,14,165.93,2009,1,1,3,15,14.553986492412948,3556.31
13.2,0,0.124,6,159.31,2009,1,1,3,15,12.068025149609879,3828.79
14.35,0,0.039,4,179.76,1987,0,1,2,37,12.525956379346388,4505.87
16.13,0,0.071,1,205.27,1999,1,0,0,25,12.725187527121692,5430.32
15.62,2,0.052,5,183.02,1987,0,1,2,37,11.716279367518085,4860.93
13.01,0,0.089,10,135.16,2009,1,1,3,15,10.388133118130813,3290.51
15.0,1,0.064,9,188.52,1987,0,1,2,37,12.567162189187389,4832.14
15.54,1,0.025,8,191.21,1999,1,0,0,25,12.303584067949297,5009.25
11.16,0,0.096,10,142.9,2009,1,1,3,15,12.80351223008691,3032.16
9.24,1,0.024,9,119.52,1998,2,2,1,26,12.933665187750243,828.37
7.99,2,0.016,5,135.44,1998,2,2,1,26,16.94906770116381,2163.22
11.11,0,0.034,13,153.58,2009,1,1,3,15,13.822338223382236,3238.29
15.36,0,0.01,15,181.89,1987,0,1,2,37,11.841025974871428,4778.74
14.2,2,0.007,3,166.57,1999,1,0,0,25,11.729455672135765,4202.12
16.94,2,0.039,3,191.11,1999,1,0,0,25,11.280916120654034,5324.71
15.9,0,0.016,10,182.28,1999,1,0,0,25,11.463429972957675,4908.0
15.6,1,0.079,8,163.51,1999,1,0,0,25,10.480738414204218,4455.93
15.22,0,0.011,15,130.5,2009,1,1,3,15,8.57368109848236,3695.61
15.25,2,0.085,3,122.62,2009,1,1,3,15,8.040128516162875,3540.01
13.97,0,0.142,14,142.2,2009,1,1,3,15,10.178226325960917,3651.46
14.41,0,0.141,13,169.16,1999,1,0,0,25,11.73825549927139,4303.23
12.85,0,0.112,13,154.57,2009,1,1,3,15,12.027857754260369,3651.71
10.71,0,0.082,6,114.58,1987,0,1,2,37,10.6974138735879,2349.74
12.69,0,0.031,1,109.59,2009,1,1,3,15,8.635253329130881,2696.58
10.74,1,0.015,8,101.94,1998,2,2,1,26,9.490736430499954,2098.95
9.85,0,0.09,14,128.55,1987,0,1,2,37,13.049436605420771,2442.1
11.93,0,0.034,6,198.39,1999,1,0,0,25,16.62811164194116,4339.96
12.98,2,0.032,3,140.64,2009,1,1,3,15,10.834296279177257,3395.63
14.25,0,0.027,6,148.87,2009,1,1,3,15,10.446284471265175,3851.02
14.66,0,0.014,7,168.73,1999,1,0,0,25,11.508764750017052,4350.25
14.86,0,0.031,3,190.16,1987,0,1,2,37,12.795908754457978,4833.74
13.35,0,0.076,0,117.88,2009,1,1,3,15,8.829301175941877,3015.25
13.5,0,0.091,13,182.58,1999,1,0,0,25,13.523442707947561,4372.56
12.64,0,0.113,5,149.42,2009,1,1,3,15,11.8202673839095,3498.16
8.06,0,0.049,6,129.72,1998,2,2,1,26,16.092296241161147,2059.98
11.81,0,0.12,6,160.44,2009,1,1,3,15,13.583947167894335,3544.84
13.22,0,0.164,13,123.76,2009,1,1,3,15,9.36086529006883,3105.09
16.13,1,0.023,9,189.18,1999,1,0,0,25,11.727729217035522,5100.69
13.12,0,0.177,4,206.69,1987,0,1,2,37,15.752610319335417,4779.32
13.29,0,0.078,10,154.82,2009,1,1,3,15,11.648483936498383,3756.22
17.08,0,0.174,5,192.86,1999,1,0,0,25,11.290908026462152,5391.51
11.11,1,0.297,8,185.72,2009,1,1,3,15,16.714967149671498,3896.79
11.79,0,0.097,14,156.35,2009,1,1,3,15,13.260113646001189,3449.41
12.14,0,0.154,0,132.23,2009,1,1,3,15,10.891195123960134,3033.74
10.04,0,0.168,13,111.63,1998,2,2,1,26,11.117418583806394,2139.18
11.3,1,0.059,9,105.62,1987,0,1,2,37,9.346075568533758,2300.56
11.36,2,0.061,5,126.82,2009,1,1,3,15,11.162749757943843,2746.91
15.07,0,0.035,14,158.7,1999,1,0,0,25,10.530157255656558,4238.63
13.18,1,0.053,9,186.55,1999,1,0,0,25,14.15294742432289,4380.24
8.02,0,0.045,10,145.98,1987,0,1,2,37,18.19972571998504,2385.54
13.59,2,0.131,6,223.98,1999,1,0,0,25,16.48002354499301,5239.41
12.02,2,0.063,13,120.23,2009,1,1,3,15,10.001663755095251,2762.42
9.36,0,0.006,13,94.31,1998,2,2,1,26,10.074778335647903,1629.55
11.11,0,0.103,4,127.5,2009,1,1,3,15,11.475114751147512,2704.5
10.59,1,0.136,9,173.42,2009,1,1,3,15,16.374280049098292,3526.79
15.38,2,0.05,3,150.32,1987,0,1,2,37,9.773096677719263,4135.8
8.64,0,0.116,6,105.07,1998,2,2,1,26,12.159472283300543,1687.12
10.37,0,0.061,6,110.76,1998,2,2,1,26,10.679780156204803,2195.72
11.26,0,0.104,4,133.62,2009,1,1,3,15,11.865731284965813,2862.91
12.77,0,0.027,0,146.96,2009,1,1,3,15,11.507321274763136,3479.11
12.15,0,0.013,3,141.87,2009,1,1,3,15,11.675582256604395,3233.42
14.38,0,0.129,0,194.04,1987,0,1,2,37,13.492803003963562,4805.93
11.82,0,0.023,13,140.98,2009,1,1,3,15,11.926232975213603,3141.92
12.56,2,0.031,13,158.58,1999,1,0,0,25,12.624791019823263,6707.41
12.09,0,0.129,14,161.54,2009,1,1,3,15,13.360350674055082,3622.97
9.39,2,0.018,6,151.86,2009,1,1,3,15,16.17080183154084,2815.55
10.6,0,0.039,5,110.61,1998,2,2,1,26,10.433921328176588,2243.02
11.78,0,0.023,3,171.33,2009,1,1,3,15,14.54290807231984,3753.94
18.92,1,0.152,11,228.58,1999,1,0,0,25,12.0807568310343,6537.68
12.85,2,0.13,6,132.12,2009,1,1,3,15,10.280911991284727,3191.96
11.15,0,0.026,10,124.33,2009,1,1,3,15,11.149672675096404,2649.55
11.26,2,0.055,6,68.44,1998,2,2,1,26,6.077613000621614,1530.97
10.28,1,0.01,11,148.37,2009,1,1,3,15,14.431475537399088,2944.23
11.31,2,0.067,10,208.21,1999,1,0,0,25,18.40774467332685,4402.55
10.5,0,0.031,13,99.99,1998,2,2,1,26,9.52195029044853,2003.66
9.23,0,0.08,14,176.94,2009,1,1,3,15,19.16802079948001,3292.66
14.31,0,0.109,13,151.43,2009,1,1,3,15,10.581370973377123,3916.78
14.75,0,0.104,4,148.76,2009,1,1,3,15,10.084740017625924,3961.79
15.67,0,0.077,0,191.78,1999,1,0,0,25,12.237891646991258,5050.45
11.72,0,0.023,4,169.4,2009,1,1,3,15,14.452691749850695,3984.14
12.8,2,0.075,6,144.69,2009,1,1,3,15,11.303023201312397,3438.07
13.85,1,0.036,8,154.78,2009,1,1,3,15,11.174644430005054,3882.62
13.66,2,0.108,5,81.08,1987,0,1,2,37,5.935143840128834,2332.23
14.07,2,0.077,3,197.49,1987,0,1,2,37,14.035249804562577,4806.62
13.87,0,0.099,13,116.18,2009,1,1,3,15,8.375747963376831,3097.16
9.29,1,0.021,8,67.99,1998,2,2,1,26,7.3178344634592625,1076.93
15.13,0,0.026,14,128.72,2009,1,1,3,15,8.507038530169849,3638.51
12.91,2,0.024,13,162.0,2009,1,1,3,15,12.547440167299202,3818.14
15.0,0,0.04,4,153.86,1987,0,1,2,37,10.256649556696221,4122.73
15.69,0,0.158,6,137.22,2009,1,1,3,15,8.745140526416417,3938.59
13.99,2,0.021,13,139.73,2009,1,1,3,15,9.987134586519906,3605.77
11.12,0,0.074,0,129.51,2009,1,1,3,15,11.64553547342865,2749.33
10.9,0,0.048,14,140.8,2009,1,1,3,15,12.916246215943493,2929.21
15.17,2,0.033,13,200.39,1999,1,0,0,25,13.208753542943773,5114.66
8.9,0,0.074,0,102.65,1998,2,2,1,26,11.53241208852938,1697.38
9.01,2,0.046,6,104.24,1999,1,0,0,25,11.568083453556765,5623.48
14.12,0,0.038,5,144.32,2009,1,1,3,15,10.22023935981871,5007.32
11.4,0,0.066,6,183.68,2009,1,1,3,15,16.110867467765985,3919.07
11.01,2,0.016,14,136.7,2009,1,1,3,15,12.414857869403324,2870.86
14.99,0,0.007,6,132.97,2009,1,1,3,15,8.869988659862585,3692.89
10.59,0,0.074,4,122.2,1987,0,1,2,37,11.538098385421586,2479.34
15.04,0,0.049,13,196.49,1999,1,0,0,25,13.063626088690913,5004.0
14.66,0,0.036,10,159.94,1987,0,1,2,37,10.90921492394789,4171.93
12.13,2,0.039,0,107.33,2009,1,1,3,15,8.847580578682713,2521.74
13.1,0,0.046,2,133.97,2009,1,1,3,15,10.225936951377758,3286.68
10.69,0,0.027,0,132.3,2009,1,1,3,15,12.374894771302968,2707.49
10.33,0,0.061,5,164.31,2009,1,1,3,15,15.904559093988967,3280.89
12.2,0,0.015,6,154.52,2009,1,1,3,15,12.664535693795592,3503.22
12.5,2,0.013,6,166.72,2009,1,1,3,15,13.336533077353812,3820.74
13.48,0,0.066,13,155.23,2009,1,1,3,15,11.514724426971291,3807.16
9.03,0,0.015,14,146.39,2009,1,1,3,15,16.20972206843096,2622.29
9.79,0,0.062,4,105.19,1998,2,2,1,26,10.743539985701155,1949.2
16.72,1,0.093,9,221.09,1999,1,0,0,25,13.222295317265713,5888.67
11.09,0,0.022,10,130.95,2009,1,1,3,15,11.806870435488234,2770.43
16.21,0,0.149,4,153.28,1999,1,0,0,25,9.455308124113255,4385.81
14.81,1,0.164,11,208.64,1999,1,0,0,25,14.086827358044696,6740.07
10.63,0,0.015,4,130.63,2009,1,1,3,15,12.287649327438622,2660.71
14.52,2,0.044,5,186.51,1987,0,1,2,37,12.84415673851663,4683.72
9.63,1,0.121,8,142.24,2009,1,1,3,15,14.768975184300697,2671.29
8.18,1,0.161,9,154.41,2009,1,1,3,15,18.874220755408874,2593.66
14.05,1,0.04,8,137.43,2009,1,1,3,15,9.780798519678315,3573.44
10.86,0,0.041,10,154.43,2009,1,1,3,15,14.218764386336435,3198.65
11.99,0,0.184,0,71.29,1998,2,2,1,26,5.945292302560254,1754.44
13.19,2,0.064,13,150.89,2009,1,1,3,15,11.438859828671063,3652.99
12.21,0,0.021,12,107.93,2009,1,1,3,15,8.838751944967653,2552.81
15.41,0,0.133,4,166.49,1999,1,0,0,25,10.803322302251638,4473.54
11.87,0,0.058,5,140.58,2009,1,1,3,15,11.842304776345719,4479.13
13.54,2,0.025,10,149.17,2009,1,1,3,15,11.016173103906654,3268.01
13.93,1,0.086,8,186.31,1987,0,1,2,37,13.373770727155266,4545.15
13.7,1,0.16,8,184.37,1999,1,0,0,25,13.456681994015037,4453.75
15.05,0,0.047,5,121.48,2009,1,1,3,15,8.071224503355259,3473.21
13.15,0,0.143,2,123.37,2009,1,1,3,15,9.381035662687248,3919.52
10.71,0,0.048,0,155.95,2009,1,1,3,15,14.559798338157034,3196.34
10.55,0,0.077,13,150.88,2009,1,1,3,15,14.300066344422328,3057.49
11.17,0,0.076,13,132.94,2009,1,1,3,15,11.900456539253424,2830.8
9.85,1,0.021,8,171.56,2009,1,1,3,15,17.415490813115422,3322.39
11.79,1,0.11,11,106.73,1987,0,1,2,37,9.051819184123486,2434.25
12.61,2,0.042,13,132.58,2009,1,1,3,15,10.513044167790026,3147.59
11.61,2,0.035,3,123.09,2009,1,1,3,15,10.601154078029456,2727.15
11.52,1,0.058,9,101.99,1998,2,2,1,26,8.8525301623123,2274.97
16.58,0,0.052,5,159.67,1987,0,1,2,37,9.62969664073337,4549.17
14.36,0,0.039,3,117.03,2009,1,1,3,15,8.149153958637978,3226.24
14.36,0,0.107,6,164.93,1999,1,0,0,25,11.484576282988652,4206.12
12.63,0,0.039,1,124.77,2009,1,1,3,15,9.878077745229989,2991.53
15.42,0,0.028,4,181.59,1987,0,1,2,37,11.775500940276247,4786.53
13.68,0,0.063,6,114.36,2009,1,1,3,15,8.35903808201155,3017.08
9.98,1,0.024,9,186.83,2009,1,1,3,15,18.71856527402064,3662.77
10.3,0,0.098,14,142.54,2009,1,1,3,15,13.83749150567906,2828.91
12.33,2,0.044,6,116.39,2009,1,1,3,15,9.438812748357797,2752.82
13.65,2,0.014,6,157.15,2009,1,1,3,15,11.511977144531537,3886.7
9.67,0,0.064,0,133.88,2009,1,1,3,15,13.84344948816048,2511.14
9.56,1,0.098,9,94.4,1998,2,2,1,26,9.873444200397449,1677.42
11.68,2,0.04,1,128.59,2009,1,1,3,15,11.00847530177211,2855.37
11.31,1,0.099,8,152.64,2009,1,1,3,15,13.49482804349748,3265.06
13.26,0,0.024,1,156.17,2009,1,1,3,15,11.776638262574465,3776.76
14.08,2,0.074,1,127.51,2009,1,1,3,15,9.055464810737874,3375.71
12.89,0,0.153,14,170.29,2009,1,1,3,15,13.209991466914902,3983.47
13.81,0,0.034,4,189.95,1987,0,1,2,37,13.753529795090868,4593.43
13.22,1,0.022,9,124.22,2009,1,1,3,15,9.395658422207095,3115.36
16.69,2,0.147,3,169.3,1999,1,0,0,25,10.143190941225809,4238.57
11.25,1,0.021,9,144.48,2009,1,1,3,15,12.841525197760198,3084.35
16.35,1,0.06,9,153.6,1999,1,0,0,25,9.393920861109411,4423.44
13.81,1,0.11,9,154.16,2009,1,1,3,15,11.16211715299399,3860.14
15.52,0,0.085,13,191.57,1999,1,0,0,25,12.342632562334902,5012.4
10.0,0,0.023,15,146.58,2009,1,1,3,15,14.656534346565346,2845.23
11.7,0,0.032,3,156.24,2009,1,1,3,15,13.35270489701735,3425.48
11.74,1,0.09,9,159.96,2009,1,1,3,15,13.624052465718425,3512.22
10.57,0,0.065,5,116.43,1987,0,1,2,37,11.014095166020246,2356.2
12.86,0,0.107,13,176.41,1987,0,1,2,37,13.716662778944096,4100.72
13.9,0,0.035,6,118.48,2009,1,1,3,15,8.523127832530035,3151.8
10.95,0,0.061,14,110.82,1987,0,1,2,37,10.119623778650352,2327.71
9.54,2,0.046,6,136.88,2009,1,1,3,15,14.34650455927052,2541.53
9.83,1,0.105,8,118.26,1998,2,2,1,26,12.02929508696979,2227.41
11.4,0,0.048,0,143.79,2009,1,1,3,15,12.612051574423296,3103.01
15.38,2,0.017,2,185.92,1987,0,1,2,37,12.08764059553995,4866.21
13.35,0,0.118,7,120.89,2009,1,1,3,15,9.054752452999775,3076.65
11.51,0,0.089,6,146.47,2009,1,1,3,15,12.724350621144993,3183.48
13.58,2,0.064,0,168.84,1987,0,1,2,37,12.432074221338636,4109.42
11.82,0,0.073,13,118.41,2009,1,1,3,15,10.0169190423822,2679.27
13.88,0,0.098,6,191.35,1987,0,1,2,37,13.785029896981484,4636.36
10.87,0,0.047,6,103.68,1998,2,2,1,26,9.537301076257936,2164.29
15.51,1,0.118,9,164.9,1999,1,0,0,25,10.631164979691832,4463.89
7.86,1,0.036,8,95.79,1998,2,2,1,26,12.185472586184963,1321.0
12.43,2,0.021,10,152.28,2009,1,1,3,15,12.250020111012791,3510.01
7.22,0,0.093,6,123.14,1998,2,2,1,26,17.053039745187647,1736.1
12.94,2,0.028,3,114.81,2009,1,1,3,15,8.871802797310874,2858.69
11.91,0,0.045,4,129.12,2009,1,1,3,15,10.84039963059357,2919.63
9.28,1,0.145,9,110.31,1998,2,2,1,26,11.88557267535826,1938.57
10.92,0,0.12,13,149.64,2009,1,1,3,15,13.702041937551506,3114.73
12.45,0,0.038,13,160.71,2009,1,1,3,15,12.907396996225204,3688.14
12.26,0,0.057,6,136.75,2009,1,1,3,15,11.153250142728979,3155.15
8.49,0,0.042,6,119.53,1998,2,2,1,26,14.077258273466024,1950.44
13.3,1,0.071,9,207.75,1987,0,1,2,37,15.619126381475077,4843.04
14.64,0,0.052,6,185.13,1998,2,2,1,26,12.644628099173554,1495.58
10.57,0,0.09,13,139.77,2009,1,1,3,15,13.222022514426262,2835.02
15.37,0,0.033,10,134.74,2009,1,1,3,15,8.765857784138964,3816.49
12.74,0,0.058,15,112.05,2009,1,1,3,15,8.794443136331529,2756.8
14.09,0,0.073,10,159.22,1987,0,1,2,37,11.29941097154212,4027.73
14.32,1,0.185,9,148.83,2009,1,1,3,15,10.392430696180435,3867.72
10.27,2,0.105,14,123.79,1998,2,2,1,26,12.052380488754748,874.26
14.67,2,0.062,0,157.49,1987,0,1,2,37,10.734782905050782,4123.39
14.55,0,0.08,0,186.12,1987,0,1,2,37,12.790873479485946,4681.45
10.96,0,0.056,13,112.35,1987,0,1,2,37,10.249977191862056,2360.33
11.11,0,0.025,13,157.92,2009,1,1,3,15,14.212942129421295,3326.65
12.42,1,0.044,8,180.1,1987,0,1,2,37,14.499637710329282,4078.49
16.96,2,0.173,6,204.5,1999,1,0,0,25,12.057072106597486,5602.23
9.8,0,0.142,6,97.05,1998,2,2,1,26,9.90205081114172,1786.52
10.48,2,0.144,13,80.3,1998,2,2,1,26,7.6614826829501,1596.16
13.99,0,0.071,1,166.83,1987,0,1,2,37,11.924094060467445,4161.34
14.64,0,0.071,5,178.84,1987,0,1,2,37,12.215012635748925,4553.27
12.92,2,0.01,0,173.23,1987,0,1,2,37,13.406857054407553,4050.13
12.61,0,0.025,13,152.36,2009,1,1,3,15,12.081516136706053,3552.94
10.88,0,0.078,14,158.85,2009,1,1,3,15,14.598842018196857,3295.11
15.73,0,0.089,15,173.7,1987,0,1,2,37,11.041891805988175,4695.38
13.94,1,0.011,9,171.51,1999,1,0,0,25,12.302560791908759,4245.63
12.28,0,0.011,13,127.58,2009,1,1,3,15,10.388404853025,2971.03
12.53,0,0.042,4,165.88,2009,1,1,3,15,13.237570824355599,3811.02
9.12,0,0.017,14,153.09,1998,2,2,1,26,16.78434382194935,800.36
13.31,0,0.053,0,168.1,1987,0,1,2,37,12.628652993764556,4032.14
14.15,1,0.126,8,155.8,2009,1,1,3,15,11.009822627376158,3971.23
8.9,2,0.066,1,109.33,1987,0,1,2,37,12.282889562970453,3170.34
8.73,1,0.083,8,114.76,1998,2,2,1,26,13.143969762913756,1906.66
14.68,0,0.162,6,115.68,2009,1,1,3,15,7.879572236223692,3270.12
11.8,2,0.112,13,142.17,2009,1,1,3,15,12.047284128463689,3160.19
10.24,0,0.056,6,114.45,1998,2,2,1,26,11.175666438824335,2240.86
13.42,2,0.089,6,162.27,2009,1,1,3,15,12.090753297071755,3938.99
13.56,2,0.017,5,150.12,2009,1,1,3,15,11.069980089963867,3721.56
16.14,0,0.112,14,198.44,1999,1,0,0,25,12.294157734960658,5293.66
11.43,0,0.228,6,137.91,2009,1,1,3,15,12.064561280727846,2990.64
9.22,2,0.038,5,143.8,2009,1,1,3,15,15.594837870079168,2610.94
15.72,2,0.074,6,150.69,1999,1,0,0,25,9.585268112715475,4220.92
11.76,2,0.093,3,169.01,1998,2,2,1,26,14.370376668650625,536.2
16.59,0,0.053,14,206.71,1999,1,0,0,25,12.45916460731722,5563.65
12.76,1,0.157,8,146.07,2009,1,1,3,15,11.446595094428336,3458.42
13.38,0,0.035,6,135.53,2009,1,1,3,15,10.128540467827516,3382.72
12.85,0,0.086,0,148.49,2009,1,1,3,15,11.554742821570308,3526.64
14.45,2,0.021,4,196.06,1987,0,1,2,37,13.567227181509931,4863.67
11.29,2,0.084,0,96.76,1998,2,2,1,26,8.569657249136482,2117.59
14.14,0,0.011,0,159.49,1987,0,1,2,37,11.278551729014922,4045.4
13.36,1,0.015,11,178.89,1999,1,0,0,25,13.388967891624878,5520.58
11.25,0,0.142,0,101.79,1998,2,2,1,26,9.04719580481735,2209.58
12.79,1,0.076,9,136.98,2009,1,1,3,15,10.709092330544914,3279.14
12.68,2,0.137,3,187.68,1999,1,0,0,25,14.80009462976106,4291.28
9.64,0,0.094,0,160.96,2009,1,1,3,15,16.695363551498808,3058.0
10.56,2,0.009,4,106.88,1998,2,2,1,26,10.12025376384812,2158.29
12.12,0,0.099,6,152.1,2009,1,1,3,15,12.54846959821797,3437.43
10.9,2,0.066,13,155.17,2009,1,1,3,15,14.234473901476928,3224.66
12.92,0,0.017,0,133.41,2009,1,1,3,15,10.325052240538659,3235.99
12.45,0,0.057,10,114.21,2009,1,1,3,15,9.172757208256366,2734.81
13.64,0,0.044,14,174.57,1999,1,0,0,25,12.79744886738509,4238.84
10.69,0,0.033,4,152.95,2009,1,1,3,15,14.306425965765598,3130.17
8.49,2,0.052,0,108.7,1998,2,2,1,26,12.801790130726653,1728.74
14.32,2,0.075,0,154.88,2009,1,1,3,15,10.814887228545492,3989.84
14.25,2,0.012,10,152.66,2009,1,1,3,15,10.712230720651183,3929.03
13.4,0,0.112,6,138.94,2009,1,1,3,15,10.367882993806433,3457.51
12.89,2,0.072,2,120.8,2009,1,1,3,15,9.370878907765107,2970.45
14.97,1,0.118,8,166.95,1999,1,0,0,25,11.151559682051966,4384.19
13.83,0,0.052,3,122.34,2009,1,1,3,15,8.84534740799653,3213.74
12.68,0,0.094,5,142.13,2009,1,1,3,15,11.208106616197462,3360.27
13.8,0,0.173,4,159.88,2009,1,1,3,15,11.584667777697268,3974.78
13.8,0,0.015,6,163.96,1987,0,1,2,37,11.880298529092094,4059.87
14.64,2,0.033,6,205.15,1999,1,0,0,25,14.012021036814426,5091.09
10.4,0,0.07,13,161.33,2009,1,1,3,15,15.511008556869534,3237.31
17.48,0,0.041,1,223.98,1999,1,0,0,25,12.812768148275268,6118.55
9.16,2,0.064,13,155.97,2009,1,1,3,15,17.02543390459557,2847.84
12.25,0,0.061,0,164.38,2009,1,1,3,15,13.417680189372296,3716.68
9.36,1,0.026,9,149.56,2009,1,1,3,15,15.976925542142936,2760.29
9.03,0,0.021,5,119.89,1998,2,2,1,26,13.275384785738016,2080.01
11.43,0,0.028,14,174.7,2009,1,1,3,15,15.283002361998076,3733.46
11.92,0,0.053,6,138.27,2009,1,1,3,15,11.598859156111066,3109.47
11.41,0,0.031,5,112.43,1987,0,1,2,37,9.852773639470687,2463.39
13.1,0,0.039,3,123.62,2009,1,1,3,15,9.43592092206702,3075.52
11.73,1,0.066,9,137.3,2009,1,1,3,15,11.70403205182849,3044.77
12.53,1,0.123,9,141.93,2009,1,1,3,15,11.326310749341634,3321.26
14.17,1,0.045,8,180.95,1999,1,0,0,25,12.76903535389175,4490.96
13.9,0,0.042,5,143.41,2009,1,1,3,15,10.316523991079778,3661.27
12.71,0,0.093,6,147.6,2009,1,1,3,15,11.611989615293838,3477.54
15.27,0,0.066,6,142.28,2009,1,1,3,15,9.317006089974463,3947.37
13.24,1,0.128,8,136.87,2009,1,1,3,15,10.3368325655162,3377.89
13.56,0,0.033,0,105.73,2009,1,1,3,15,7.796622667944842,2812.81
14.45,2,0.024,13,86.51,2009,1,1,3,15,5.986436924780293,2620.43
12.29,0,0.1,13,101.8,1987,0,1,2,37,8.28248311772842,2446.82
12.36,1,0.106,11,106.18,2009,1,1,3,15,8.589919909392446,2552.24
15.94,1,0.067,9,176.93,1987,0,1,2,37,11.099052757041592,2455.65
13.2,1,0.033,9,160.93,2009,1,1,3,15,12.190743125520795,3861.35
11.95,1,0.062,9,168.29,2009,1,1,3,15,14.08166680612501,3728.5
11.74,0,0.057,4,169.77,2009,1,1,3,15,14.459586065922835,3711.28
12.7,2,0.131,6,201.4,1987,0,1,2,37,15.857019132351786,4576.85
9.37,0,0.019,10,108.18,1998,2,2,1,26,11.544125493543914,1917.0
13.25,0,0.115,2,142.45,2009,1,1,3,15,10.75013206550449,3493.76
10.92,1,0.156,9,80.69,1998,2,2,1,26,7.388517535024265,1703.6
10.94,0,0.113,4,106.85,1998,2,2,1,26,9.766017731468787,2243.02
7.94,0,0.014,4,101.99,1998,2,2,1,26,12.843470595642865,1422.41
15.18,2,0.051,14,182.44,1987,0,1,2,37,12.017653646004876,4748.93
13.57,2,0.171,3,149.05,2009,1,1,3,15,10.982978409844522,3701.19
9.83,0,0.184,6,141.63,2009,1,1,3,15,14.406469331705829,2704.28
9.72,2,0.054,0,129.03,1987,0,1,2,37,13.273325789527826,2422.16
16.38,0,0.044,13,206.95,1999,1,0,0,25,12.633538855991697,5520.88
12.3,0,0.185,4,153.99,2009,1,1,3,15,12.518494431347046,3516.99
12.22,0,0.029,6,165.36,2009,1,1,3,15,13.530807626217168,3731.51
14.46,0,0.114,3,129.24,2009,1,1,3,15,8.937141276536893,3497.39
11.67,1,0.094,11,160.0,2009,1,1,3,15,13.70919372804387,3495.67
10.79,0,0.022,13,134.34,2009,1,1,3,15,12.44926327495135,2773.15
14.59,0,0.02,4,149.52,2009,1,1,3,15,10.247412788705368,3942.58
11.36,1,0.12,8,108.46,1987,0,1,2,37,9.546694833201304,2371.79
11.81,0,0.082,4,104.35,1987,0,1,2,37,8.834984336635339,2389.25
9.77,0,0.125,3,133.15,2009,1,1,3,15,13.627059666359637,2518.7
12.61,0,0.048,6,214.03,1987,0,1,2,37,16.9716913805408,4814.55
12.08,1,0.056,11,173.49,2009,1,1,3,15,14.3605661782965,3865.59
13.7,2,0.037,13,120.04,2009,1,1,3,15,8.76140427706007,3138.84
10.19,2,0.113,0,171.99,2009,1,1,3,15,16.87665587282897,3407.4
12.22,1,0.073,9,125.07,2009,1,1,3,15,10.234023402340233,2905.22
13.26,0,0.054,10,103.43,2009,1,1,3,15,7.799562627252848,2699.05
12.84,2,0.035,3,136.82,2009,1,1,3,15,10.654933416400592,3286.01
12.99,0,0.121,6,210.15,1987,0,1,2,37,16.176583788776846,4820.58
17.02,1,0.027,9,124.67,2009,1,1,3,15,7.324481522824746,3983.6
14.46,0,0.061,13,188.66,1987,0,1,2,37,13.046124057810662,4714.48
16.7,0,0.027,0,195.8,1999,1,0,0,25,11.723848871325071,5364.97
10.99,0,0.082,13,98.81,1998,2,2,1,26,8.990082795014104,2091.74
13.73,2,0.057,12,165.03,1987,0,1,2,37,12.018789600174788,4065.79
13.96,0,0.01,13,166.25,1987,0,1,2,37,11.908172766993768,4142.8
12.02,0,0.117,5,150.87,2009,1,1,3,15,12.55053656101822,3388.42
14.07,0,0.042,0,184.24,1987,0,1,2,37,13.093596759292161,2880.31
15.66,0,0.075,6,175.18,1987,0,1,2,37,11.185748036523849,4708.78
8.2,2,0.078,13,126.68,1998,2,2,1,26,15.446896719912209,2030.27
10.77,0,0.061,13,155.17,2009,1,1,3,15,14.406276111781636,2393.62
11.44,2,0.027,0,144.18,2009,1,1,3,15,12.60204527576261,3120.85
10.56,2,0.151,13,119.23,1987,0,1,2,37,11.28965060126882,2411.64
15.17,1,0.01,9,167.63,1999,1,0,0,25,11.049370509524751,4443.73
10.79,0,0.015,6,106.14,1998,2,2,1,26,9.835974423130388,2196.51
12.24,0,0.072,5,157.59,2009,1,1,3,15,12.873948206845846,3576.25
11.96,2,0.21,13,189.37,1987,0,1,2,37,15.83228827021152,4163.44
12.74,0,0.064,5,182.38,1987,0,1,2,37,14.314418020563535,4197.22
14.63,0,0.044,4,110.11,2009,1,1,3,15,7.525801380630169,3143.6
15.45,1,0.058,8,115.99,2009,1,1,3,15,7.506957478480357,2152.78
10.08,0,0.206,5,165.9,2009,1,1,3,15,16.45670072413451,3256.76
14.2,0,0.035,6,170.12,1999,1,0,0,25,11.97943806774171,4275.96
12.05,0,0.09,13,152.19,2009,1,1,3,15,12.628827483196416,3422.84
10.76,2,0.038,13,79.01,1998,2,2,1,26,7.342254437319952,1634.51
10.5,0,0.041,10,95.15,1998,2,2,1,26,9.061041805542331,1905.89
13.78,1,0.022,9,175.16,1999,1,0,0,25,12.71025324722444,6298.26
12.75,0,0.091,13,145.24,2009,1,1,3,15,11.390479178103678,3438.77
13.97,0,0.121,0,170.29,1999,1,0,0,25,12.188819697945744,4226.4
9.13,0,0.027,6,121.09,1998,2,2,1,26,13.261417150366881,2125.92
14.67,0,0.02,4,143.9,2009,1,1,3,15,9.80846568059437,3845.01
14.48,0,0.137,3,207.57,1999,1,0,0,25,14.33395483737311,5105.72
12.62,0,0.049,5,119.51,2009,1,1,3,15,9.469138737025593,2881.91
11.43,2,0.079,13,156.09,2009,1,1,3,15,13.65497331816989,3363.3
13.5,0,0.044,6,186.3,1999,1,0,0,25,13.798977853492335,4447.63
14.86,2,0.027,10,146.48,2009,1,1,3,15,9.856671825583742,3939.83
15.38,1,0.031,9,161.11,1999,1,0,0,25,10.474611533710423,4358.0
8.7,2,0.028,6,111.26,1998,2,2,1,26,12.787035972876684,1827.76
14.94,0,0.067,13,181.94,1987,0,1,2,37,12.177230439729604,4683.49
10.12,2,0.175,3,120.08,1987,0,1,2,37,11.864440272700328,2328.29
12.24,2,0.023,15,107.71,2009,1,1,3,15,8.799117719140593,2555.12
14.3,0,0.14,4,199.39,1987,0,1,2,37,13.942381651632752,4897.88
12.84,0,0.024,5,201.1,1987,0,1,2,37,15.660774083015342,4602.44
12.64,2,0.031,4,162.45,2009,1,1,3,15,12.851040265801755,3766.9
9.87,0,0.033,6,123.13,1987,0,1,2,37,12.473913483942864,2334.74
14.38,0,0.009,6,114.96,2009,1,1,3,15,7.9938808149641885,3187.05
13.97,1,0.047,11,119.68,2009,1,1,3,15,8.566315940161765,3190.48
11.67,0,0.035,13,183.87,1999,1,0,0,25,15.754434067346416,6764.72
16.0,0,0.053,12,229.49,1999,1,0,0,25,14.34222861071183,5897.01
13.52,0,0.036,6,77.36,1998,2,2,1,26,5.72147030545078,2222.64
15.34,2,0.092,13,139.39,2009,1,1,3,15,9.086109119353367,3905.4
19.14,0,0.103,7,216.81,1999,1,0,0,25,11.326994409905438,6347.57
13.67,2,0.151,13,168.3,1987,0,1,2,37,12.310730743910469,4118.04
13.0,0,0.12,4,171.38,1987,0,1,2,37,13.182062918237058,4029.06
13.02,2,0.061,6,151.74,2009,1,1,3,15,11.653482835419709,3632.32
10.72,0,0.075,10,178.03,2009,1,1,3,15,16.605727077697974,3650.38
12.38,0,0.039,10,145.95,2009,1,1,3,15,11.78822389144657,3369.76
14.93,1,0.064,9,148.93,1987,0,1,2,37,9.97454959480276,4007.69
13.66,0,0.028,15,197.68,1987,0,1,2,37,14.470390161774395,4717.49
12.45,2,0.054,7,126.01,2009,1,1,3,15,10.120472251224802,2978.24
11.55,1,0.024,9,139.84,2009,1,1,3,15,12.106311141892476,3057.35
12.59,0,0.023,10,141.77,2009,1,1,3,15,11.259629894368995,3332.48
11.85,0,0.016,10,200.43,1987,0,1,2,37,16.91249683571007,2310.46
7.16,0,0.021,5,103.64,1998,2,2,1,26,14.47283898896802,1323.37
10.25,0,0.117,13,186.3,2009,1,1,3,15,18.17383669885865,3714.66
12.24,0,0.123,4,130.53,2009,1,1,3,15,10.66334449799853,3021.57
13.23,0,0.191,13,129.25,2009,1,1,3,15,9.768724964099464,3219.22
14.9,1,0.018,9,145.98,2009,1,1,3,15,9.796657942419971,3938.73
13.36,2,0.04,6,113.38,2009,1,1,3,15,8.485891774567772,2925.1
13.35,0,0.044,6,203.4,1987,0,1,2,37,15.234813871620105,4763.13
10.78,0,0.178,5,86.3,1998,2,2,1,26,8.004823300250441,1787.79
13.4,2,0.079,14,211.17,1987,0,1,2,37,15.757779270203715,4934.29
12.64,1,0.061,8,160.89,2009,1,1,3,15,12.727632307570602,3734.73
14.72,0,0.168,14,142.38,2009,1,1,3,15,9.671897289586305,3826.41
14.07,0,0.014,7,190.42,1987,0,1,2,37,13.532797953237154,4660.82
13.31,2,0.011,14,171.77,1987,0,1,2,37,12.904364811058525,4108.56
14.11,0,0.208,14,155.56,2009,1,1,3,15,11.024023811211112,3956.61
11.27,2,0.047,10,136.46,2009,1,1,3,15,12.107177712714046,2924.64
10.66,0,0.049,6,129.8,2009,1,1,3,15,12.17521808460745,2650.48
10.73,0,0.044,5,109.2,1998,2,2,1,26,10.176125244618396,2243.85
12.63,1,0.045,8,156.96,2009,1,1,3,15,12.426569551104427,3652.13
12.63,2,0.009,3,142.0,2009,1,1,3,15,11.24218193333861,3345.32
11.52,2,0.023,5,177.78,2009,1,1,3,15,15.430952174290427,3827.31
8.65,1,0.119,9,140.56,1987,0,1,2,37,16.2478326205063,3670.8
12.2,2,0.045,13,134.63,2009,1,1,3,15,11.034341447422344,3097.32
8.53,2,0.066,6,85.88,1999,1,0,0,25,10.066815144766148,5065.7
11.69,1,0.035,11,183.71,2009,1,1,3,15,15.713796937815415,3985.57
17.14,2,0.127,15,225.33,1999,1,0,0,25,13.145674114695758,6069.48
10.63,1,0.129,9,105.06,1987,0,1,2,37,9.882419339667011,3503.05
13.37,0,0.067,6,135.98,2009,1,1,3,15,10.169770398623887,3389.05
12.17,0,0.173,13,79.19,1998,2,2,1,26,6.506449757620573,1956.14
13.35,2,0.067,4,139.96,2009,1,1,3,15,10.483109879409783,3466.9
8.55,2,0.123,13,90.0,1998,2,2,1,26,10.525084785405216,1358.45
15.27,0,0.108,5,159.79,1999,1,0,0,25,10.463623862222514,4306.47
10.7,0,0.041,12,86.35,1998,2,2,1,26,8.069339314082796,1769.62
13.39,1,0.019,11,176.72,1999,1,0,0,25,13.19692330669853,4227.13
14.52,0,0.061,6,130.67,2009,1,1,3,15,8.99869155016872,3541.1
13.45,2,0.032,3,148.69,2009,1,1,3,15,11.05419671399896,3668.61
9.69,1,0.02,8,71.35,1987,0,1,2,37,7.362501289856568,2367.3
14.81,2,0.021,0,108.1,2009,1,1,3,15,7.298629397069745,3143.55
12.95,0,0.02,14,144.45,2009,1,1,3,15,11.153578874218207,3467.47
10.96,0,0.011,0,102.94,1998,2,2,1,26,9.391478879664264,2167.94
13.88,0,0.036,4,142.94,2009,1,1,3,15,10.297528996469994,3646.58
8.94,1,0.039,8,92.18,1998,2,2,1,26,10.309808746225256,1492.65
16.65,0,0.033,13,162.26,1987,0,1,2,37,9.744760074470001,4191.9
13.17,2,0.034,6,164.63,1998,2,2,1,26,12.499430567155114,1011.57
17.35,0,0.191,2,188.77,1999,1,0,0,25,10.879488213935796,5368.58
9.99,2,0.118,13,148.3,2009,1,1,3,15,14.84335902312081,2876.83
13.14,0,0.042,4,132.78,2009,1,1,3,15,10.104253861958755,3272.22
13.98,2,0.27,4,121.45,2009,1,1,3,15,8.686789213933196,3228.85
13.67,2,0.026,13,169.48,1987,0,1,2,37,12.397044839441152,4141.67
13.25,2,0.05,10,102.22,2009,1,1,3,15,7.714134782280583,2671.58
13.82,2,0.022,4,164.8,1987,0,1,2,37,11.923883944721801,4080.92
11.46,0,0.03,6,154.19,2009,1,1,3,15,13.453450833260623,3331.33
16.64,0,0.074,5,177.15,1999,1,0,0,25,10.645393906616189,6747.7
11.86,1,0.042,9,138.15,2009,1,1,3,15,11.647415900851533,3091.75
8.38,0,0.038,6,117.28,1998,2,2,1,26,13.993556854790597,1879.24
14.29,2,0.041,13,184.99,1987,0,1,2,37,12.944510531103493,4599.33
14.03,0,0.105,10,150.21,2009,1,1,3,15,10.70558050032072,3828.43
14.99,0,0.089,13,144.06,2009,1,1,3,15,9.60976585951571,3919.81
12.44,1,0.068,9,143.3,2009,1,1,3,15,11.518366690780486,3328.75
10.37,2,0.069,10,122.83,1987,0,1,2,37,11.843602352714301,2441.15
12.23,0,0.052,13,160.56,2009,1,1,3,15,13.12729948491538,3634.56
13.34,0,0.048,5,154.53,1999,1,0,0,25,11.58308972340904,5707.41
14.89,2,0.131,3,171.17,1999,1,0,0,25,11.494862668726075,4451.93
8.56,0,0.035,6,76.33,1998,2,2,1,26,8.916014484289219,1082.17
9.38,1,0.009,9,96.4,1998,2,2,1,26,10.276089969086451,1676.69
13.64,0,0.015,13,173.34,1999,1,0,0,25,12.707279524961514,4215.13
13.66,0,0.034,4,113.31,2009,1,1,3,15,8.294414757338409,2991.39
13.44,0,0.063,0,150.64,2009,1,1,3,15,11.207499442005803,3703.97
10.69,1,0.171,9,145.44,2009,1,1,3,15,13.603965952670471,2978.05
12.57,0,0.036,15,196.84,1999,1,0,0,25,15.658261077082173,4452.7
10.38,2,0.164,3,146.6,2009,1,1,3,15,14.121953569020326,2931.13
10.66,0,0.046,6,107.51,1998,2,2,1,26,10.084419848044275,2194.07
15.46,0,0.105,6,105.02,2009,1,1,3,15,6.792574865791345,3229.08
17.03,0,0.071,1,179.62,1999,1,0,0,25,10.546650226058363,5108.53
13.14,2,0.081,3,124.68,2009,1,1,3,15,9.487862415341299,3106.09
10.23,1,0.015,8,169.62,2009,1,1,3,15,16.579024533281206,3368.51
14.12,1,0.059,11,148.13,2009,1,1,3,15,10.490050279725233,3808.19
11.25,0,0.048,14,140.27,2009,1,1,3,15,12.467336236778955,2996.83
17.38,2,0.164,15,150.7,1987,0,1,2,37,8.670387204418617,4597.68
10.29,2,0.036,10,202.9,1987,0,1,2,37,19.716256923525414,4062.75
12.07,0,0.077,10,131.58,2009,1,1,3,15,10.900505343384973,3004.57
15.04,1,0.018,11,135.55,2009,1,1,3,15,9.012033774350112,3757.4
15.18,0,0.076,14,164.02,1999,1,0,0,25,10.804294842237008,4372.76
17.64,0,0.024,3,188.22,1999,1,0,0,25,10.669463182359275,5422.65
14.48,2,0.093,13,185.65,1987,0,1,2,37,12.820247220495823,4656.85
12.68,0,0.043,13,148.86,2009,1,1,3,15,11.738821859474807,3497.51
16.25,0,0.046,3,192.27,1999,1,0,0,25,11.831271921727893,5191.46
11.71,0,0.031,4,143.47,2009,1,1,3,15,12.250875245495687,3167.46
12.62,2,0.085,5,139.89,2009,1,1,3,15,11.083907772759686,3299.22
12.7,0,0.027,14,164.9,2009,1,1,3,15,12.98322966695536,3828.96
14.79,2,0.14,0,148.09,2009,1,1,3,15,10.012169562571835,3958.75
10.49,2,0.087,6,93.74,1998,2,2,1,26,8.935277857210943,1874.02
12.26,2,0.024,6,133.16,2009,1,1,3,15,10.860451839164831,3079.64
9.99,0,0.162,5,116.09,1998,2,2,1,26,11.619457511760585,2218.05
10.87,0,0.033,13,160.36,2009,1,1,3,15,14.751172845184438,3322.13
10.76,0,0.007,0,171.82,2009,1,1,3,15,15.96691757271629,3532.18
12.93,2,0.029,13,130.35,2009,1,1,3,15,10.080426881138349,3173.86
11.48,2,0.035,3,166.51,2009,1,1,3,15,14.503092065151119,3586.35
15.67,2,0.045,6,181.27,1987,0,1,2,37,11.567226086401634,4835.88
10.72,0,0.068,13,111.08,1998,2,2,1,26,10.360973789758418,2281.16
9.41,2,0.021,12,54.64,1998,2,2,1,26,5.805971735203485,829.1
10.73,0,0.036,13,126.43,2009,1,1,3,15,11.781753797409376,2596.93
10.74,2,0.039,10,164.21,2009,1,1,3,15,15.288148217112003,3372.04
9.63,0,0.011,4,125.43,1987,0,1,2,37,13.02356972277022,2327.55
8.89,2,0.076,0,101.39,1998,2,2,1,26,11.403666629175572,1668.17
16.72,0,0.101,4,217.12,1999,1,0,0,25,12.984869325997249,5806.41
8.15,0,0.065,6,99.78,1998,2,2,1,26,12.241442767758558,1467.89
14.68,0,0.076,6,137.53,2009,1,1,3,15,9.367890470676386,3716.88
13.02,2,0.053,5,150.46,2009,1,1,3,15,11.555180093694803,3605.57
10.46,0,0.103,6,100.58,1998,2,2,1,26,9.614759583213841,2007.53
12.23,0,0.05,0,177.75,2009,1,1,3,15,14.532744665194997,3986.38
7.83,2,0.097,6,125.42,1998,2,2,1,26,16.015834503894776,1922.06
10.61,1,0.03,9,114.99,1987,0,1,2,37,10.8368674017529,2336.1
13.1,0,0.078,3,145.5,2009,1,1,3,15,11.106022441035035,3523.76
9.61,2,0.042,0,80.09,1998,2,2,1,26,8.333159920923944,1396.25
13.12,2,0.055,3,169.33,1987,0,1,2,37,12.90526636689277,4015.02
11.95,0,0.038,13,125.45,1998,2,2,1,26,10.497029537277216,871.22
6.64,0,0.009,0,129.24,1998,2,2,1,26,19.460924559554286,1731.05
16.59,0,0.039,4,232.41,1999,1,0,0,25,14.008197215357724,3724.32
11.46,0,0.067,14,146.59,2009,1,1,3,15,12.79033243172498,3174.28
13.81,0,0.029,6,156.77,2009,1,1,3,15,11.351096951705163,3914.0
10.28,0,0.025,3,142.01,2009,1,1,3,15,13.812858671335475,2813.27
12.27,2,0.062,13,158.12,2009,1,1,3,15,12.885665389943771,3594.1
10.99,1,0.053,9,152.08,2009,1,1,3,15,13.836775543626604,3181.78
12.64,0,0.053,6,145.92,2009,1,1,3,15,11.543390554544734,5160.75
13.84,0,0.089,0,135.04,2009,1,1,3,15,9.756520482624088,3475.33
12.38,0,0.046,15,138.81,2009,1,1,3,15,11.21153380179307,3223.27
11.75,0,0.128,0,152.69,2009,1,1,3,15,12.993787762743597,3365.65
13.99,0,0.021,6,210.21,1999,1,0,0,25,15.024658709170183,5047.84
8.12,0,0.048,2,81.36,1998,2,2,1,26,10.018470631695605,1085.88
14.28,0,0.01,5,153.35,2009,1,1,3,15,10.738043554372943,3950.0
11.99,0,0.094,6,125.16,2009,1,1,3,15,10.437828371278458,2856.48
14.02,2,0.045,3,144.69,2009,1,1,3,15,10.319520718921618,3714.61
12.42,0,0.058,6,131.64,2009,1,1,3,15,10.598180500764833,4178.26
15.39,0,0.011,0,159.13,1998,2,2,1,26,10.3391592489117,1103.68
15.86,1,0.047,8,142.56,1987,0,1,2,37,8.988083979572536,4085.8
10.93,0,0.073,14,145.92,2009,1,1,3,15,13.349190375994876,3040.05
10.79,0,0.056,6,113.32,1987,0,1,2,37,10.501343712352888,2342.14
13.79,0,0.115,15,176.35,1999,1,0,0,25,12.787325067072729,4309.23
11.38,0,0.125,5,175.82,2009,1,1,3,15,15.448554608558123,3755.34
14.08,1,0.026,8,193.38,1987,0,1,2,37,13.73339961650451,4723.11
10.69,0,0.12,0,116.69,1987,0,1,2,37,10.914788139556638,2389.16
15.55,2,0.027,14,162.47,1999,1,0,0,25,10.447559642466722,4424.01
9.35,0,0.064,6,111.63,1998,2,2,1,26,11.93776066730831,1982.48
14.14,2,0.126,10,182.81,1987,0,1,2,37,12.927657167102751,4521.29
19.37,0,0.099,13,226.76,1999,1,0,0,25,11.706158690826491,5961.77
12.74,0,0.037,13,157.51,2009,1,1,3,15,12.362451926850325,3686.93
10.14,0,0.122,12,162.93,2009,1,1,3,15,16.06646287348388,3210.54
13.33,0,0.054,14,149.59,2009,1,1,3,15,11.22121371239967,3658.51
11.08,2,0.171,4,138.17,2009,1,1,3,15,12.469091237252956,2915.59
14.41,2,0.122,10,155.09,1987,0,1,2,37,10.761917979321352,4014.47
11.42,2,0.01,14,172.12,2009,1,1,3,15,15.070484195779706,3688.46
15.33,2,0.111,6,210.12,1999,1,0,0,25,13.7055638901572,5350.05
13.54,0,0.093,3,152.82,2009,1,1,3,15,11.285724835684219,3772.87
11.58,0,0.07,0,151.71,2009,1,1,3,15,13.099905016837926,4776.28
13.97,0,0.025,5,188.22,1987,0,1,2,37,13.472192398539832,4594.32
11.63,1,0.011,8,144.47,2009,1,1,3,15,12.421115983148482,2918.24
14.15,2,0.052,5,133.72,2009,1,1,3,15,9.449508868631192,3519.26
13.44,1,0.076,9,137.65,2009,1,1,3,15,10.241053493043674,3440.0
12.21,2,0.019,4,176.25,2009,1,1,3,15,14.433707313078372,3951.99
13.74,0,0.04,3,186.96,1987,0,1,2,37,13.60599665235427,4515.79
11.55,2,0.023,13,119.89,2009,1,1,3,15,10.379187949095316,2648.75
12.06,0,0.157,2,104.46,1987,0,1,2,37,8.660973385291435,2448.0
12.58,1,0.026,8,120.93,2009,1,1,3,15,9.6121135044909,2903.64
11.87,0,0.072,6,140.76,2009,1,1,3,15,11.857467778620167,3148.54
15.24,0,0.053,10,204.28,1999,1,0,0,25,13.403319992126502,5209.52
14.4,0,0.02,3,177.93,1999,1,0,0,25,12.355391986667593,4480.73
13.13,0,0.027,13,110.64,2009,1,1,3,15,8.425862462874115,2816.81
13.0,0,0.042,5,146.99,2009,1,1,3,15,11.306053380509193,3530.16
9.39,0,0.157,3,75.32,1998,2,2,1,26,8.020445107017355,1247.89
9.88,2,0.056,5,67.99,1998,2,2,1,26,6.880882501771075,1209.9
16.56,2,0.096,6,185.24,1999,1,0,0,25,11.185314896443453,5117.37
17.15,2,0.019,6,142.09,1999,1,0,0,25,8.284648125473733,4367.62
15.93,0,0.014,3,172.22,1987,0,1,2,37,10.810369719414977,4709.12
12.21,0,0.129,6,142.19,2009,1,1,3,15,11.64441896650561,3254.38
10.99,2,0.028,3,186.74,2009,1,1,3,15,16.990264762078066,3889.56
12.08,0,0.061,5,153.26,2009,1,1,3,15,12.686035924178462,3452.34
14.65,2,0.22,4,174.5,1999,1,0,0,25,11.910449798648557,4467.73
12.59,1,0.193,9,153.95,2009,1,1,3,15,12.22698753077595,3580.69
16.36,0,0.078,6,156.11,1999,1,0,0,25,9.541592812175296,4477.4
11.76,2,0.13,13,172.43,2009,1,1,3,15,14.661168268004422,3771.5
12.08,0,0.042,4,179.07,1999,1,0,0,25,14.822448472808542,5572.72
12.23,2,0.019,6,145.37,2009,1,1,3,15,11.885373231951599,3323.56
11.99,2,0.091,6,163.82,2009,1,1,3,15,13.661913101492786,3647.44
15.21,0,0.044,14,177.95,1987,0,1,2,37,11.69877062652028,4662.98
9.0,1,0.03,8,31.0,1998,2,2,1,26,3.444061770914343,253.53
12.41,0,0.076,10,128.87,2009,1,1,3,15,10.383530738860689,3025.94
12.4,0,0.021,3,153.16,2009,1,1,3,15,12.350616885735022,3522.31
16.9,0,0.28,0,179.19,1999,1,0,0,25,10.602331223004557,5072.25
14.03,0,0.089,13,127.42,1999,1,0,0,25,9.081319934430903,5588.8
12.07,1,0.045,8,151.82,2009,1,1,3,15,12.577251263358463,3419.12
8.29,0,0.144,14,130.89,1998,2,2,1,26,15.786997949583887,2137.39
14.41,2,0.084,4,124.18,2009,1,1,3,15,8.617028658663521,3383.14
13.93,2,0.006,13,155.02,2009,1,1,3,15,11.127700811140624,4646.23
15.57,1,0.091,8,205.73,1999,1,0,0,25,13.212381992164921,4982.49
13.54,2,0.015,14,134.74,2009,1,1,3,15,9.950520641016174,3403.3
9.86,2,0.057,5,102.3,1999,1,0,0,25,10.374201399452389,5174.91
14.34,0,0.16,6,162.53,1999,1,0,0,25,11.333240359807546,6111.13
11.68,1,0.045,9,114.64,2009,1,1,3,15,9.814228233884085,2571.51
15.32,2,0.056,10,152.49,1987,0,1,2,37,9.953005678480517,4168.32
10.74,0,0.128,3,132.21,2009,1,1,3,15,12.308909784936226,2716.76
15.23,0,0.042,5,140.48,2009,1,1,3,15,9.223294596546516,3902.6
12.2,1,0.1,9,147.08,2009,1,1,3,15,12.05474961068765,3352.73
8.18,0,0.104,13,108.67,1998,2,2,1,26,13.283217210609951,1658.65
13.46,0,0.092,4,193.75,1987,0,1,2,37,14.39343288017235,4592.18
15.15,2,0.049,5,143.08,2009,1,1,3,15,9.443601082436803,3936.82
15.58,2,0.148,0,155.8,1999,1,0,0,25,9.999358192670561,4294.9
13.67,2,0.036,5,134.98,2009,1,1,3,15,9.873454758247385,3437.5
17.03,0,0.034,0,212.33,1999,1,0,0,25,12.467265574540543,5777.8
12.49,2,0.077,6,138.54,2009,1,1,3,15,11.091185653670642,3243.32
13.37,0,0.026,13,153.06,2009,1,1,3,15,11.447161768005387,3739.69
12.89,2,0.067,6,116.78,2009,1,1,3,15,9.059033434178884,2888.83
15.35,0,0.029,5,192.99,1999,1,0,0,25,12.571819425444598,5003.72
12.58,0,0.023,0,114.69,2009,1,1,3,15,9.116127493839917,2774.86
14.21,2,0.176,4,144.38,2009,1,1,3,15,10.159735416226866,3751.48
9.96,1,0.038,11,140.95,2009,1,1,3,15,14.150185724324865,2720.64
14.33,0,0.013,0,138.85,2009,1,1,3,15,9.688786546647128,3663.97
14.8,0,0.11,6,180.39,1987,0,1,2,37,12.18769002094453,4622.12
14.99,0,0.042,6,160.1,1999,1,0,0,25,10.679741178040157,4249.88
15.3,0,0.126,10,209.54,1999,1,0,0,25,13.694529769296123,5330.33
12.84,1,0.032,9,138.72,2009,1,1,3,15,10.802896970640916,3325.48
10.79,2,0.078,13,120.9,1987,0,1,2,37,11.203780928551573,2497.79
10.72,0,0.05,13,119.37,1987,0,1,2,37,11.134222553866245,2449.82
12.89,0,0.061,0,174.88,1987,0,1,2,37,13.566053836009619,4075.95
11.82,0,0.152,13,123.64,2009,1,1,3,15,10.459352000676763,2787.21
13.44,0,0.032,4,180.62,1999,1,0,0,25,13.437988244922254,4318.12
12.18,0,0.061,14,154.25,2009,1,1,3,15,12.663163943846977,3494.03
9.88,0,0.123,14,130.54,1987,0,1,2,37,13.211213439935229,2490.3
9.76,0,0.014,14,135.3,2009,1,1,3,15,13.861284704436024,2559.69
10.76,0,0.08,6,135.64,2009,1,1,3,15,12.604776507759501,2793.29
14.64,1,0.05,8,176.55,1998,2,2,1,26,12.058602554470324,478.24
14.02,2,0.035,4,131.93,2009,1,1,3,15,9.409457242707369,3453.19
12.23,2,0.136,1,117.44,2009,1,1,3,15,9.601831411985938,2752.95
12.49,0,0.027,0,130.06,2009,1,1,3,15,10.41229685373469,3069.39
13.73,0,0.064,4,131.79,2009,1,1,3,15,9.597989949748744,3384.47
8.61,2,0.046,5,132.15,1998,2,2,1,26,15.34664963418883,2234.91
15.37,1,0.04,11,120.78,2009,1,1,3,15,7.857654023811073,3531.01
15.87,0,0.006,5,142.35,1987,0,1,2,37,8.969189087014051,4083.6
10.72,0,0.045,4,130.79,1998,2,2,1,26,12.199421695737337,1276.0
9.69,0,0.104,13,100.79,1998,2,2,1,26,10.400371478691572,1838.22
12.89,1,0.021,8,158.2,2009,1,1,3,15,12.27212784112947,3735.98
11.84,1,0.122,11,140.23,2009,1,1,3,15,11.842749767756102,3129.85
7.12,2,0.009,4,57.41,1998,2,2,1,26,8.062069933998034,368.72
17.53,0,0.163,0,240.4,1999,1,0,0,25,13.712851520164278,6466.54
11.76,1,0.075,8,158.08,2009,1,1,3,15,13.441033925686593,3476.86
10.47,2,0.01,3,130.16,2009,1,1,3,15,12.430522395186706,2614.32
13.75,2,0.079,15,114.59,2009,1,1,3,15,8.333212130026908,3036.96
16.33,0,0.052,3,167.31,1999,1,0,0,25,10.244932949605046,5696.17
11.53,0,0.082,0,144.04,2009,1,1,3,15,12.491544532130778,3137.88
14.64,2,0.042,6,151.58,2009,1,1,3,15,10.353117956423743,3994.4
12.97,1,0.025,9,114.48,2009,1,1,3,15,8.825842263510909,2858.59
11.0,0,0.053,3,135.31,2009,1,1,3,15,12.299790928097446,2839.28
14.72,1,0.099,8,176.1,1987,0,1,2,37,11.962502547381291,4514.76
12.65,0,0.072,6,187.61,1999,1,0,0,25,14.829657734566439,4283.89
12.9,1,0.025,8,76.23,1998,2,2,1,26,5.908844275637548,2061.04
12.98,0,0.021,10,124.86,2009,1,1,3,15,9.618673445805408,3073.1
11.57,0,0.116,4,131.07,2009,1,1,3,15,11.327456572465646,2880.87
11.37,1,0.133,9,111.2,1987,0,1,2,37,9.779263037551669,2431.34
12.39,2,0.116,4,128.98,2009,1,1,3,15,10.40916794447583,3023.57
13.77,0,0.024,6,153.21,2009,1,1,3,15,11.125553699803937,3831.27
13.16,0,0.061,13,185.32,1999,1,0,0,25,14.080996884735203,4351.5
12.74,2,0.048,1,162.51,2009,1,1,3,15,12.754885801742406,3790.61
13.73,1,0.031,8,171.24,1987,0,1,2,37,12.47105090670745,4192.94
12.17,0,0.026,6,131.74,2009,1,1,3,15,10.824090050119137,3031.43
11.99,0,0.049,1,121.01,2009,1,1,3,15,10.091735468267869,2770.65
13.62,0,0.036,6,196.11,1987,0,1,2,37,14.397621320020558,4676.22
16.92,1,0.015,8,220.66,1999,1,0,0,25,13.040600437326397,5925.17
13.86,0,0.061,14,152.03,2009,1,1,3,15,10.96818411370031,3827.48
11.38,0,0.089,0,134.69,1998,2,2,1,26,11.834636675160354,1272.32
9.45,0,0.057,5,102.98,1998,2,2,1,26,10.896201460162947,1828.81
14.75,0,0.076,13,187.48,1987,0,1,2,37,12.709646803606535,4754.73
14.55,2,0.009,6,179.65,1987,0,1,2,37,12.346230499622019,4549.13
14.11,0,0.129,14,183.29,1987,0,1,2,37,12.989157394940118,4525.07
10.37,2,0.06,14,105.52,1998,2,2,1,26,10.17452511811783,2088.56
11.51,1,0.064,8,161.13,2009,1,1,3,15,13.99791503778994,3483.35
14.3,1,0.023,9,126.98,2009,1,1,3,15,8.879099363680862,3414.86
10.32,0,0.14,6,163.29,2009,1,1,3,15,15.821141362271097,3257.9
9.75,0,0.116,4,117.8,1998,2,2,1,26,12.080812224387243,2200.33
12.09,0,0.018,13,111.35,2009,1,1,3,15,9.20932925316351,2596.93
12.22,2,0.148,0,126.41,2009,1,1,3,15,10.343670730709434,2934.49
16.66,2,0.082,6,239.49,1999,1,0,0,25,14.374287257667607,6250.67
13.43,0,0.185,14,129.18,2009,1,1,3,15,9.618047799865982,3262.67
11.41,1,0.071,8,120.3,2009,1,1,3,15,10.542459030759794,2624.84
10.6,0,0.12,15,120.41,1987,0,1,2,37,11.358362418639752,2445.43
13.02,2,0.009,0,126.55,2009,1,1,3,15,9.718915597880347,3116.97
12.8,2,0.068,14,164.3,2009,1,1,3,15,12.834934770721038,3839.36
16.09,2,0.058,13,229.63,1999,1,0,0,25,14.270710334969857,5919.69
12.95,2,0.032,2,106.82,2009,1,1,3,15,8.248011736545442,2698.74
11.21,2,0.021,13,123.32,2009,1,1,3,15,10.999910801891,2642.31
16.14,2,0.028,6,129.92,2009,1,1,3,15,8.049067591846848,3891.48
13.49,2,0.051,3,121.63,2009,1,1,3,15,9.015640056333853,3123.54
13.91,0,0.022,6,132.72,2009,1,1,3,15,9.540651283157214,3445.66
16.83,0,0.051,4,173.25,1999,1,0,0,25,10.293506030538888,4933.98
11.41,1,0.028,11,116.59,2009,1,1,3,15,10.217334151257559,2548.46
13.62,1,0.064,9,173.0,1999,1,0,0,25,12.700976433448353,4203.82
15.53,0,0.024,0,184.27,1987,0,1,2,37,11.864657781211772,4866.29
10.74,2,0.022,13,135.31,2009,1,1,3,15,12.597523508053255,2780.41
14.8,1,0.061,9,174.32,1999,1,0,0,25,11.777582595770555,4497.83
13.06,0,0.026,5,161.47,2009,1,1,3,15,12.362759359926498,3840.28
12.19,0,0.137,13,140.54,2009,1,1,3,15,11.528176523665,3214.91
16.8,1,0.029,8,179.01,1999,1,0,0,25,10.65472293315874,5044.51
10.34,0,0.052,4,163.11,2009,1,1,3,15,15.77313606034233,3885.82
11.58,0,0.038,6,143.92,2009,1,1,3,15,12.427251532682842,3146.56
17.5,2,0.106,6,171.36,1999,1,0,0,25,9.791440489114908,5047.14
11.48,2,0.073,3,143.69,2009,1,1,3,15,12.515460325755596,3119.44
16.0,0,0.048,1,177.06,1987,0,1,2,37,11.065558402599837,4824.37
6.82,0,0.063,3,112.74,1998,2,2,1,26,16.52836827444656,1434.51
16.82,0,0.113,4,140.14,1999,1,0,0,25,8.331252600915521,4253.75
9.56,2,0.045,10,129.4,1987,0,1,2,37,13.534149147578706,2393.83
10.04,0,0.038,2,159.94,2009,1,1,3,15,15.928692361318596,3126.22
16.39,0,0.072,13,175.0,1999,1,0,0,25,10.676590812030991,4869.43
9.13,2,0.03,10,81.96,1998,2,2,1,26,8.976015770452305,1324.74
12.57,1,0.102,8,219.33,1987,0,1,2,37,17.44729933975022,4914.36
12.55,0,0.033,5,145.81,2009,1,1,3,15,11.617401003904071,3404.93
17.66,2,0.116,1,175.58,1999,1,0,0,25,9.941679406602118,5169.39
15.21,1,0.008,9,127.08,2009,1,1,3,15,8.354480310301755,3622.81
11.37,0,0.07,13,120.33,2009,1,1,3,15,10.582182745580864,2616.62
15.27,2,0.038,0,168.12,1999,1,0,0,25,11.009102219893917,4475.83
11.23,1,0.065,8,175.35,2009,1,1,3,15,15.613035348588728,3710.49
11.26,1,0.126,9,100.62,1998,2,2,1,26,8.935263298108516,2189.46
15.41,0,0.116,4,181.24,1987,0,1,2,37,11.76043086107326,4776.76
10.55,1,0.179,9,96.39,1998,2,2,1,26,9.135626954791014,1941.0
14.78,2,0.083,13,160.61,1999,1,0,0,25,10.865976591570261,4211.6
10.15,0,0.032,6,135.64,2009,1,1,3,15,13.36223032213575,2653.52
13.95,1,0.141,8,136.71,2009,1,1,3,15,9.799297541394884,3534.48
14.12,0,0.099,0,126.73,2009,1,1,3,15,8.974576871326395,3369.64
15.23,0,0.089,13,196.51,1999,1,0,0,25,12.901976232683342,5047.06
13.29,1,0.055,9,192.75,1987,0,1,2,37,14.502294785945377,4532.72
14.56,0,0.041,4,173.87,1999,1,0,0,25,11.940800769177942,4433.58
12.77,0,0.08,6,113.63,2009,1,1,3,15,8.897502153316108,2797.44
14.92,0,0.057,4,161.57,1999,1,0,0,25,10.82836271027411,4263.41
12.62,0,0.055,10,149.6,2009,1,1,3,15,11.853260438950956,3497.55
15.56,1,0.117,9,203.69,1999,1,0,0,25,13.089775721354668,5269.61
10.82,0,0.035,0,150.24,2009,1,1,3,15,13.88411422234544,3105.23
14.05,2,0.113,4,140.02,2009,1,1,3,15,9.965127037221551,3625.22
10.32,1,0.09,9,151.9,2009,1,1,3,15,14.717566127313246,3026.48
17.42,0,0.092,5,156.15,1999,1,0,0,25,8.963320130876527,4717.42
10.24,0,0.016,10,169.41,2009,1,1,3,15,16.542329850600527,3365.07
15.19,0,0.017,4,174.23,1987,0,1,2,37,11.469291027582122,4584.3
11.18,2,0.076,4,154.45,2009,1,1,3,15,13.81361237814149,3272.91
9.81,2,0.129,4,92.15,1998,2,2,1,26,9.392518601569668,1687.0
14.7,0,0.103,12,148.61,2009,1,1,3,15,10.108836133596355,3948.31
12.17,0,0.057,3,132.28,2009,1,1,3,15,10.868457809547285,3041.4
14.58,0,0.128,6,149.01,2009,1,1,3,15,10.21946368561827,3929.59
11.88,2,0.076,4,198.5,1999,1,0,0,25,16.707347866341216,4331.81
7.39,0,0.012,6,113.4,1998,2,2,1,26,15.342984711135164,1576.61
12.18,2,0.12,13,125.96,2009,1,1,3,15,10.340694524259092,2916.01
12.66,0,0.036,1,145.71,2009,1,1,3,15,11.508569623252509,3426.9
13.71,2,0.092,13,180.21,1999,1,0,0,25,13.143461454306761,4371.51
12.83,0,0.03,3,95.15,1987,0,1,2,37,7.415634011378693,2431.56
13.28,0,0.032,6,132.4,2009,1,1,3,15,9.969128830660344,3296.28
12.42,0,0.081,14,142.88,2009,1,1,3,15,11.50309958940504,3316.42
15.13,2,0.125,10,203.55,1999,1,0,0,25,13.452514704910449,5168.94
11.51,0,0.052,6,147.13,2009,1,1,3,15,12.78168708192164,3196.75
10.88,2,0.031,10,138.9,2009,1,1,3,15,12.76537082988696,2886.87
14.54,2,0.162,0,191.76,1987,0,1,2,37,13.18753868372189,4795.43
8.86,1,0.099,9,129.0,1998,2,2,1,26,14.558176278072454,2227.51
13.47,2,0.017,6,102.19,2009,1,1,3,15,7.585925321060055,2720.11
15.1,0,0.292,6,151.74,1987,0,1,2,37,10.048341169458977,4102.13
11.03,0,0.093,14,132.08,2009,1,1,3,15,11.973529145136435,2780.72
10.31,0,0.017,6,153.91,2009,1,1,3,15,14.926777228202889,2082.23
13.4,0,0.088,5,148.79,2009,1,1,3,15,11.102902768450114,3658.4
14.82,0,0.054,6,152.24,1987,0,1,2,37,10.27191147695837,4049.84
11.17,1,0.044,9,122.37,2009,1,1,3,15,10.954256557156926,2613.04
13.47,0,0.184,6,154.78,2009,1,1,3,15,11.489867121965704,3796.93
14.84,2,0.054,0,112.86,2009,1,1,3,15,7.604608853850819,3155.42
14.92,2,0.067,3,187.06,1987,0,1,2,37,12.53669325112258,4784.89
10.76,1,0.052,9,189.07,2009,1,1,3,15,17.569928445311774,3886.43
15.39,1,0.006,11,179.95,1987,0,1,2,37,11.691897862387108,4744.98
12.51,0,0.118,15,173.4,2009,1,1,3,15,13.859803373031733,3959.66
10.59,0,0.119,10,72.59,1998,2,2,1,26,6.853932584269664,1463.98
11.4,0,0.047,13,101.58,1998,2,2,1,26,8.909744759231646,2240.26
8.25,0,0.123,4,100.0,1998,2,2,1,26,12.119743061447098,1495.15
14.48,2,0.019,10,158.6,1987,0,1,2,37,10.952282300946067,4117.33
12.24,0,0.089,10,181.93,1987,0,1,2,37,14.86234784739809,2764.46
11.3,0,0.174,6,121.44,2009,1,1,3,15,10.745951685691532,1578.54
11.07,2,0.14,13,132.45,2009,1,1,3,15,11.963688916990334,2796.66
17.77,0,0.113,5,191.63,1999,1,0,0,25,10.78329863260368,5522.96
9.89,2,0.012,0,131.75,2009,1,1,3,15,13.320190071782429,2515.9
17.46,0,0.121,6,230.51,1999,1,0,0,25,13.201420308115226,6248.81
12.59,1,0.02,11,146.65,2009,1,1,3,15,11.647208323405609,3430.89
11.83,1,0.096,11,182.95,1987,0,1,2,37,15.463612543318401,4001.93
15.64,0,0.016,5,155.88,1999,1,0,0,25,9.966114698548687,4310.03
10.84,0,0.023,0,116.45,1987,0,1,2,37,10.741629001014667,2440.97
10.65,0,0.046,5,160.56,2009,1,1,3,15,15.074640878790724,3276.31
11.62,0,0.082,13,139.95,2009,1,1,3,15,12.042853454952242,3074.3
9.68,0,0.018,7,153.33,2009,1,1,3,15,15.838239851255038,2909.71
10.23,0,0.123,7,182.45,2009,1,1,3,15,17.833056397224123,3631.17
12.93,0,0.026,6,144.85,2009,1,1,3,15,11.20176320470188,3472.09
10.56,0,0.184,5,159.22,2009,1,1,3,15,15.076223842439163,3229.35
11.51,2,0.044,6,128.68,2009,1,1,3,15,11.17887238293806,2818.86
15.66,2,0.044,0,134.56,2009,1,1,3,15,8.592043930783476,3878.79
11.15,0,0.14,7,126.41,2009,1,1,3,15,11.336203031118286,2692.57
14.35,0,0.044,4,166.92,1999,1,0,0,25,11.631245209393073,4243.8
13.3,0,0.034,6,98.5,2009,1,1,3,15,7.405458236222841,2607.08
14.96,0,0.09,4,139.19,2009,1,1,3,15,9.303522491812044,3814.83
13.19,0,0.235,13,141.68,2009,1,1,3,15,10.740656508225307,3464.61
14.38,0,0.119,3,131.19,1999,1,0,0,25,9.122453236909811,5811.24
14.37,2,0.076,5,173.74,1999,1,0,0,25,12.089624939113493,4388.63
14.16,1,0.102,9,172.4,1999,1,0,0,25,12.174281477296802,4312.33
11.05,0,0.112,14,120.27,2009,1,1,3,15,10.883177992941814,2543.44
11.67,2,0.033,5,124.51,2009,1,1,3,15,10.66832319424214,2769.42
14.98,1,0.14,9,187.98,1987,0,1,2,37,12.547893999065483,4817.14
12.79,2,0.045,3,152.02,2009,1,1,3,15,11.88491908373075,3586.82
11.94,0,0.067,14,175.92,2009,1,1,3,15,14.732434469474919,3883.52
12.41,2,0.026,7,118.27,2009,1,1,3,15,9.529449681733945,2809.7
14.82,1,0.142,8,158.87,1987,0,1,2,37,10.719249713244722,4185.56
16.41,1,0.105,9,206.79,1999,1,0,0,25,12.600694656023398,5524.65
11.87,0,0.025,0,113.36,2009,1,1,3,15,9.549321876842727,2586.88
9.35,0,0.174,10,137.23,2009,1,1,3,15,14.675435782269277,2506.34
10.03,0,0.047,4,140.57,2009,1,1,3,15,14.013557970292096,2728.83
13.33,0,0.015,13,147.52,2009,1,1,3,15,11.065936538894308,2923.53
11.28,2,0.03,5,149.32,1998,2,2,1,26,13.236415211417428,680.56
15.46,1,0.026,9,171.83,1987,0,1,2,37,11.113770131298105,4595.77
13.87,0,0.1,14,178.64,1999,1,0,0,25,12.87866772402855,4374.74
10.58,0,0.016,6,144.73,2009,1,1,3,15,13.678291276816935,2938.62
10.7,0,0.041,0,160.61,2009,1,1,3,15,15.00887767498365,3289.27
14.1,2,0.031,10,155.49,2009,1,1,3,15,11.026877526416568,3953.57
11.71,0,0.085,4,151.65,2009,1,1,3,15,12.949363845956793,3333.79
10.88,0,0.063,3,143.66,2009,1,1,3,15,13.202830622185461,2983.87
13.92,0,0.057,13,185.58,1987,0,1,2,37,13.330938869334101,4528.95
14.62,2,0.027,13,162.41,1999,1,0,0,25,11.107995349155326,4211.49
11.89,0,0.111,4,172.07,2009,1,1,3,15,14.470608022874442,3793.27
12.22,0,0.034,5,130.54,2009,1,1,3,15,10.681613615907045,3019.09
13.26,2,0.191,6,148.31,2009,1,1,3,15,11.1839227810874,3615.84
11.13,0,0.053,14,124.54,2009,1,1,3,15,11.188572455305005,2649.25
11.89,1,0.03,8,122.19,2009,1,1,3,15,10.27583886973341,2771.67
16.34,2,0.112,6,184.46,1999,1,0,0,25,11.288170858576587,5051.69
13.54,2,0.076,1,210.34,1987,0,1,2,37,15.533564729340524,4948.7
14.08,0,0.077,5,128.96,2009,1,1,3,15,9.158440451672467,3405.24
13.42,0,0.054,14,144.38,1999,1,0,0,25,10.757767677520304,6636.3
13.86,0,0.039,3,146.29,2009,1,1,3,15,10.554072577736095,3710.2
8.18,0,0.021,13,118.86,1998,2,2,1,26,14.52878621195453,1866.43
11.2,0,0.104,6,143.69,2009,1,1,3,15,12.828318900098207,3055.59
10.29,0,0.047,6,101.5,1998,2,2,1,26,9.862987076085902,1988.53
11.53,2,0.2,5,154.69,2009,1,1,3,15,13.415141791691962,3356.56
12.4,0,0.041,0,141.18,2009,1,1,3,15,11.38456576082574,3275.98
8.68,0,0.111,7,116.3,1998,2,2,1,26,13.397074069807626,1927.01
11.24,2,0.071,5,153.15,2009,1,1,3,15,13.62423271950894,3258.06
11.45,0,0.039,10,125.43,2009,1,1,3,15,10.953628504060783,2738.39
12.15,0,0.055,13,144.7,2009,1,1,3,15,11.908484898362273,3292.92
12.55,0,0.019,1,150.82,2009,1,1,3,15,12.016572384670544,3508.49
13.83,2,0.025,13,143.46,2009,1,1,3,15,10.372351962981709,3647.05
6.99,2,0.023,6,90.88,1998,2,2,1,26,12.999570876841652,1025.01
10.48,1,0.021,9,92.45,1998,2,2,1,26,8.820723213433833,1845.4
14.31,0,0.161,6,110.16,2009,1,1,3,15,7.6975752917336315,3073.8
13.12,1,0.036,11,149.56,2009,1,1,3,15,11.398521454157459,3610.09
18.39,1,0.074,9,179.17,1999,1,0,0,25,9.74226523843184,5408.3
11.98,0,0.052,5,141.31,2009,1,1,3,15,11.794507970954012,3183.95
13.62,2,0.113,0,114.03,2009,1,1,3,15,8.371632038763675,2997.47
11.57,0,0.136,14,155.25,2009,1,1,3,15,13.417163598651802,3375.97
15.67,2,0.078,4,145.48,1987,0,1,2,37,9.283389700721077,4102.38
10.71,1,0.028,8,118.86,1987,0,1,2,37,11.097003080944823,2438.27
11.88,2,0.062,6,123.43,2009,1,1,3,15,10.388856156889151,2794.64
10.69,0,0.127,0,115.27,1987,0,1,2,37,10.78196613974371,2360.83
13.13,0,0.01,3,152.0,2009,1,1,3,15,11.575660650369354,3663.65
15.11,0,0.185,6,123.26,2009,1,1,3,15,8.156971742439284,3522.3
13.62,0,0.035,13,173.85,1999,1,0,0,25,12.76338007488437,4221.53
11.03,0,0.058,6,166.44,2009,1,1,3,15,15.0883872722328,3482.94
14.69,1,0.037,8,158.44,1987,0,1,2,37,10.784834252263291,4147.71
15.23,2,0.167,13,133.2,2009,1,1,3,15,8.745322040575141,3752.66
11.84,0,0.108,5,211.87,1987,0,1,2,37,17.892914449793093,4595.28
16.11,0,0.039,3,183.43,1999,1,0,0,25,11.38538886475079,4980.03
13.12,1,0.038,9,148.43,2009,1,1,3,15,11.312399969514521,3587.48
12.64,0,0.021,15,172.89,2009,1,1,3,15,13.676924293964085,2898.86
13.25,1,0.14,8,180.9,1999,1,0,0,25,13.651799864161196,4281.47
8.97,0,0.094,0,67.06,1998,2,2,1,26,7.475197859770371,985.73
13.92,0,0.074,3,180.0,1999,1,0,0,25,12.930105595862367,4414.4
9.75,1,0.152,8,132.28,1987,0,1,2,37,13.565788124294945,2494.49
13.44,0,0.039,0,187.76,1999,1,0,0,25,13.969198720333308,4465.02
11.88,2,0.07,13,130.83,2009,1,1,3,15,11.011699351906406,2947.02
13.28,2,0.029,5,163.0,2009,1,1,3,15,12.273172200888489,3922.5
9.89,0,0.104,4,113.13,1998,2,2,1,26,11.437670609645131,2135.44
14.39,2,0.043,10,110.8,2009,1,1,3,15,7.699256479744284,3103.47
11.94,1,0.08,9,143.98,2009,1,1,3,15,12.057616615023868,3230.48
13.23,0,0.03,13,154.73,2009,1,1,3,15,11.694505328395435,3740.75
12.86,0,0.186,6,154.02,2009,1,1,3,15,11.97574061114999,3643.07
10.78,1,0.114,11,164.09,2009,1,1,3,15,15.220294963361471,3378.17
11.07,0,0.066,4,87.06,1998,2,2,1,26,7.863788275675188,1869.01
11.19,1,0.049,9,95.12,1998,2,2,1,26,8.499687248681978,2059.89
11.27,0,0.014,0,146.13,2009,1,1,3,15,12.96513175405909,3122.95
13.6,0,0.082,5,159.22,2009,1,1,3,15,11.706492169693405,3916.47
12.05,0,0.032,4,131.9,2009,1,1,3,15,10.945149780101238,3006.57
15.72,0,0.042,10,170.4,1987,0,1,2,37,10.839005152343999,4625.38
11.09,0,0.052,14,149.17,2009,1,1,3,15,13.449643855378234,3144.5
15.56,0,0.075,5,157.89,1999,1,0,0,25,10.146520146520146,4331.94
13.33,0,0.009,14,143.06,2009,1,1,3,15,10.731377991148452,3525.5
13.49,2,0.03,13,156.83,2009,1,1,3,15,11.624786894967016,3841.97
16.76,0,0.081,15,169.25,1999,1,0,0,25,10.097846190561421,4836.45
10.18,2,0.152,14,144.85,2009,1,1,3,15,14.227482565563305,2849.82
13.18,1,0.175,8,100.1,2009,1,1,3,15,7.594264471587891,4263.26
12.39,0,0.034,1,143.74,2009,1,1,3,15,11.600355096440966,3327.51
13.15,1,0.113,8,141.61,2009,1,1,3,15,10.768002433275038,3453.75
13.24,1,0.074,9,142.7,2009,1,1,3,15,10.77713163658334,3496.38
12.12,2,0.076,5,112.44,2009,1,1,3,15,9.276462338090917,2625.78
13.04,0,0.019,4,107.5,2009,1,1,3,15,8.243232880914041,2731.45
12.38,0,0.071,5,136.45,2009,1,1,3,15,11.02091915031096,3175.4
13.54,2,0.081,6,153.27,2009,1,1,3,15,11.318957240971866,3780.33
10.96,0,0.07,6,135.63,2009,1,1,3,15,12.37387099717179,2837.8
10.81,0,0.089,14,82.99,1998,2,2,1,26,7.676440662288409,1727.25
14.57,1,0.049,9,142.88,2009,1,1,3,15,9.805778601331411,3802.73
13.45,2,0.092,6,169.24,1987,0,1,2,37,12.581964166232996,4087.34
12.15,1,0.012,8,128.65,2009,1,1,3,15,10.587605958357338,2962.87
8.66,0,0.052,4,99.31,1998,2,2,1,26,11.466343378362776,1575.43
10.13,1,0.015,9,135.17,2009,1,1,3,15,13.342216957852136,2639.89
10.52,0,0.058,7,132.88,2009,1,1,3,15,12.629978138960176,2682.74
14.07,0,0.046,4,199.61,1987,0,1,2,37,14.185914291805844,4848.94
11.41,0,0.029,7,136.83,2009,1,1,3,15,11.99106125668215,2963.88
8.3,0,0.041,3,88.82,1998,2,2,1,26,10.699915672810503,1279.42
13.01,0,0.121,13,166.37,2009,1,1,3,15,12.78687264622243,3930.17
12.31,0,0.086,4,137.47,2009,1,1,3,15,11.1664365201852,3179.34
12.85,2,0.023,14,135.02,2009,1,1,3,15,10.50657536378492,3251.48
13.28,0,0.061,3,175.71,1987,0,1,2,37,13.230178450417892,4182.02
12.6,2,0.025,5,137.95,2009,1,1,3,15,10.94754384572653,4586.4
11.27,0,0.081,13,144.13,2009,1,1,3,15,12.787685209830538,3082.59
16.01,0,0.105,10,148.16,1999,1,0,0,25,9.253638123789893,4235.57
13.03,0,0.151,1,129.73,2009,1,1,3,15,9.955490752820198,3183.78
12.75,0,0.036,13,166.65,2009,1,1,3,15,13.069563171515961,3876.76
15.36,2,0.113,3,114.93,2009,1,1,3,15,7.481934769871754,4422.47
13.1,0,0.007,4,176.31,1987,0,1,2,37,13.457751316693383,4153.02
16.04,0,0.051,14,200.74,1999,1,0,0,25,12.514182407580575,5317.02
11.12,0,0.16,14,90.55,1998,2,2,1,26,8.142253394478914,1951.66
14.31,0,0.031,13,173.3,1999,1,0,0,25,12.109566068059536,4365.89
10.78,0,0.154,7,106.5,1998,2,2,1,26,9.878489935998518,2200.21
8.61,2,0.013,5,82.74,1998,2,2,1,26,9.60864011148531,1223.9
12.26,0,0.128,6,146.47,2009,1,1,3,15,11.946007666585109,3352.24
10.49,0,0.016,13,142.38,2009,1,1,3,15,13.571632828138405,2868.18
9.55,0,0.108,3,92.17,1998,2,2,1,26,9.6502983980735,1630.26
14.7,0,0.026,5,140.6,2009,1,1,3,15,9.563975239779607,3784.84
12.39,0,0.188,13,140.38,2009,1,1,3,15,11.329190541522072,3258.03
15.67,0,0.036,7,180.71,1987,0,1,2,37,11.531491289643292,4823.69
13.87,0,0.043,4,130.68,2009,1,1,3,15,9.42109436954798,3392.96
9.5,0,0.191,10,83.78,1998,2,2,1,26,8.818019155878329,1447.55
14.15,0,0.065,6,216.16,1999,1,0,0,25,15.275245565684404,5205.29
15.74,0,0.019,13,208.82,1999,1,0,0,25,13.265993265993266,5414.51
13.18,2,0.047,0,164.47,2009,1,1,3,15,12.477808967453154,4684.25
15.19,0,0.191,6,154.18,1987,0,1,2,37,10.149430583898361,4172.46
12.94,0,0.028,7,174.83,1987,0,1,2,37,13.509775133297275,4086.83
10.32,2,0.063,0,101.95,1998,2,2,1,26,9.877918806317219,2002.69
13.39,0,0.117,4,151.09,2009,1,1,3,15,11.282951235904711,2135.61
15.93,2,0.073,3,117.25,2009,1,1,3,15,7.359864415290943,3585.49
14.36,1,0.013,9,110.36,2009,1,1,3,15,7.6847016224496905,3088.24
12.11,0,0.051,0,110.75,2009,1,1,3,15,9.144579308067048,2587.29
16.2,0,0.017,13,218.74,1999,1,0,0,25,13.501635701499907,5722.13
14.31,1,0.078,9,131.83,2009,1,1,3,15,9.21179512263294,3517.89
12.7,0,0.076,3,128.19,2009,1,1,3,15,10.092906070388159,3077.88
16.18,0,0.093,1,202.49,1999,1,0,0,25,12.514059699647735,5384.8
9.37,2,0.014,0,102.9,1998,2,2,1,26,10.980685092306052,1809.27
8.53,2,0.079,10,183.03,2009,1,1,3,15,21.454694643066468,3257.26
14.67,1,0.041,9,184.14,1987,0,1,2,37,12.551291663826596,4669.2
12.69,2,0.184,5,146.86,2009,1,1,3,15,11.571980143408718,3458.09
11.3,0,0.029,6,130.27,2009,1,1,3,15,11.527298469162021,2803.51
12.74,0,0.053,6,199.62,1998,2,2,1,26,15.66753002119143,1940.96
11.56,0,0.024,6,93.65,1998,2,2,1,26,8.100510336476084,2114.3
15.91,2,0.09,5,163.64,1987,0,1,2,37,10.284708692099805,4529.96
14.52,0,0.054,14,184.39,1987,0,1,2,37,12.69816128365815,4638.79
9.56,0,0.174,6,146.97,2009,1,1,3,15,15.371823031063697,2753.05
14.09,2,0.042,6,176.25,1987,0,1,2,37,12.50798381945923,4592.97
14.36,2,0.085,1,150.85,2009,1,1,3,15,10.504143165517721,3916.43
11.42,0,0.041,5,147.65,2009,1,1,3,15,12.927939760091062,3582.92
13.12,0,0.088,14,144.82,2009,1,1,3,15,11.037268500876458,3514.03
10.6,0,0.147,4,146.23,2009,1,1,3,15,13.793981699839637,2973.2
17.01,0,0.026,3,175.36,1999,1,0,0,25,10.30862383163835,5016.54
11.72,0,0.024,6,150.15,2009,1,1,3,15,12.81034041464039,3306.3
8.06,0,0.07,3,83.66,1998,2,2,1,26,10.378364967125666,1117.81
11.42,1,0.14,9,137.81,2009,1,1,3,15,12.066368969442257,2986.22
13.54,2,0.031,5,190.24,1987,0,1,2,37,14.049183959825717,4538.83
12.1,2,0.009,6,125.98,2009,1,1,3,15,10.410709858689366,2897.77
12.58,0,0.12,14,141.38,2009,1,1,3,15,11.237580478499325,3320.87
9.61,1,0.075,9,114.56,1998,2,2,1,26,11.91967537196962,2101.31
12.92,1,0.118,9,161.75,2009,1,1,3,15,12.518380930268556,3813.81
13.5,2,0.048,4,148.26,2009,1,1,3,15,10.981408784534478,3669.34
14.37,2,0.039,6,197.79,1987,0,1,2,37,13.76313408948577,4880.47
13.02,2,0.112,4,161.96,2009,1,1,3,15,12.438368788879504,3841.02
12.4,2,0.122,13,132.64,2009,1,1,3,15,10.695911620030643,3101.99
11.37,2,0.033,2,122.56,2009,1,1,3,15,10.778295664409464,2663.81
12.51,2,0.121,0,149.62,2009,1,1,3,15,11.959076013108465,3474.09
10.98,2,0.031,13,168.61,2009,1,1,3,15,15.354703578909026,3515.83
13.95,0,0.073,1,104.83,2009,1,1,3,15,7.514156691276612,2882.61
8.98,1,0.026,9,123.34,1998,2,2,1,26,13.733437256430243,2139.13
15.02,1,0.033,8,187.98,1987,0,1,2,37,12.514479728380268,4827.09
14.16,0,0.071,6,194.9,1987,0,1,2,37,13.76315231975143,4773.88
12.09,2,0.023,15,154.35,2009,1,1,3,15,12.765693491026383,3476.8
15.06,0,0.053,6,164.06,1999,1,0,0,25,10.893034991036451,4345.53
13.02,0,0.053,2,150.45,2009,1,1,3,15,11.554412103525076,3605.98
15.31,0,0.047,10,191.25,1987,0,1,2,37,12.491019528443603,4958.42
15.63,1,0.106,9,151.5,1999,1,0,0,25,9.692278165184568,4218.53
14.76,1,0.109,8,113.74,1999,1,0,0,25,7.705440010839374,5503.51
11.63,0,0.027,13,136.45,2009,1,1,3,15,11.731579399879632,3005.81
10.79,0,0.043,5,102.29,1998,2,2,1,26,9.47919562598462,2116.18
10.19,2,0.031,3,149.76,2009,1,1,3,15,14.69531939947012,2951.37
13.63,0,0.085,4,131.89,2009,1,1,3,15,9.675739124055461,3363.15
12.15,2,0.015,0,171.07,1999,1,0,0,25,14.078676652127397,6367.83
15.85,2,0.034,10,201.73,1999,1,0,0,25,12.72664185224907,5294.08
13.38,0,0.061,3,150.45,2009,1,1,3,15,11.24355429340109,3688.78
14.11,0,0.048,0,154.17,2009,1,1,3,15,10.92551909857558,3927.89
11.35,0,0.007,13,151.05,2009,1,1,3,15,13.307197603735355,3241.09
11.27,0,0.061,6,103.91,1998,2,2,1,26,9.219235205394375,2257.54
13.79,0,0.016,0,177.82,1999,1,0,0,25,12.893916322239143,4341.09
15.49,0,0.099,3,193.1,1999,1,0,0,25,12.465302433671164,5037.84
10.97,0,0.024,7,144.32,2009,1,1,3,15,13.154680521374532,3016.47
13.32,2,0.022,13,124.28,2009,1,1,3,15,9.32962990766459,3139.29
13.33,0,0.102,10,154.71,2009,1,1,3,15,11.605280924161729,3763.78
13.65,0,0.041,0,171.43,1987,0,1,2,37,12.55805435499231,4178.4
16.44,0,0.233,13,124.57,2009,1,1,3,15,7.57678973298461,3849.32
12.35,0,0.094,4,182.43,1987,0,1,2,37,14.770463930046152,4109.54
10.88,0,0.115,13,116.02,1987,0,1,2,37,10.662622920687436,2418.6
13.17,2,0.047,4,119.32,2009,1,1,3,15,9.059296940247513,3004.24
10.11,0,0.09,14,136.13,2009,1,1,3,15,13.463554544555436,2655.65
12.54,0,0.043,13,160.15,2009,1,1,3,15,12.770114025994738,3697.11
14.11,0,0.159,0,146.49,2009,1,1,3,15,10.38126284458933,3772.65
9.04,2,0.016,0,121.11,1998,2,2,1,26,13.395642074991706,2107.19
12.69,1,0.022,8,150.53,2009,1,1,3,15,11.86116145299819,3533.01
11.5,0,0.095,4,186.75,1987,0,1,2,37,16.237718459264414,4005.73
10.46,0,0.026,0,127.12,2009,1,1,3,15,12.151801930981742,2549.73
11.44,0,0.092,5,102.98,1998,2,2,1,26,9.000961454418322,2278.74
12.75,2,0.056,6,227.47,1999,1,0,0,25,17.839385146263037,5120.87
12.91,2,0.031,3,146.91,2009,1,1,3,15,11.378669351715592,3508.26
11.96,0,0.018,13,151.35,2009,1,1,3,15,12.653624278906445,3384.58
14.44,0,0.037,10,163.21,1987,0,1,2,37,11.301848902430581,4188.47
13.58,0,0.113,15,87.17,1987,0,1,2,37,6.418525881746558,2437.49
10.22,1,0.024,9,186.52,2009,1,1,3,15,18.24870364934938,3711.48
15.58,0,0.013,4,163.08,1999,1,0,0,25,10.466593928502665,4444.01
11.84,2,0.021,10,88.85,1998,2,2,1,26,7.503589223883118,2079.95
15.49,0,0.159,3,209.62,1999,1,0,0,25,13.531728100187205,5374.44
13.08,2,0.051,14,160.56,2009,1,1,3,15,12.274290956348903,3827.77
13.14,0,0.131,3,170.49,1987,0,1,2,37,12.973898485655582,4043.7
14.24,2,0.071,4,157.54,1987,0,1,2,37,11.062425391475317,4026.95
13.25,0,0.2,15,198.32,1987,0,1,2,37,14.9664176288582,4637.97
11.95,2,0.041,3,135.58,2009,1,1,3,15,11.344657350849303,3059.57
10.21,0,0.081,3,97.17,1998,2,2,1,26,9.516208010968564,1880.46
14.25,1,0.014,9,135.66,2009,1,1,3,15,9.51933197670339,3581.44
18.12,0,0.116,4,210.29,1999,1,0,0,25,11.604767948788696,5983.84
17.23,0,0.057,0,175.07,1999,1,0,0,25,10.160176426208576,5062.16
15.14,2,0.088,13,182.81,1987,0,1,2,37,12.07383924443564,4747.34
11.63,0,0.045,14,103.77,1987,0,1,2,37,8.921846788754191,2337.66
9.66,0,0.039,13,117.44,1998,2,2,1,26,12.156091501914917,2170.99
10.18,2,0.077,0,154.03,2009,1,1,3,15,15.129162164816817,3037.0
10.34,0,0.292,2,81.19,1998,2,2,1,26,7.851271637172421,1584.06
12.62,0,0.086,3,111.48,2009,1,1,3,15,8.83289755169955,2717.67
12.87,0,0.146,10,148.05,2009,1,1,3,15,11.502602750369048,3013.11
13.47,1,0.089,9,174.12,1987,0,1,2,37,12.925543760671072,4193.18
9.68,0,0.03,3,130.73,1987,0,1,2,37,13.50377027166615,2448.62
15.06,0,0.292,13,159.13,1999,1,0,0,25,10.565699488745768,4244.59
10.65,0,0.055,13,154.47,2009,1,1,3,15,14.502863580884425,3153.49
11.52,0,0.184,3,135.91,2009,1,1,3,15,11.796719034806006,2970.69
8.57,0,0.061,5,120.74,1998,2,2,1,26,14.087037685217593,1991.81
14.06,2,0.046,1,208.62,1999,1,0,0,25,14.836782590142949,5031.47
14.71,2,0.107,4,193.86,1987,0,1,2,37,13.177894092855686,4877.12
16.31,2,0.048,6,179.03,1999,1,0,0,25,10.976028447060266,4933.82
7.87,0,0.033,3,96.69,1998,2,2,1,26,12.284334900266801,1343.13
12.56,2,0.008,13,133.35,2009,1,1,3,15,10.616192978266062,3151.43
13.91,2,0.01,3,130.9,2009,1,1,3,15,9.40981956724894,3406.78
10.21,2,0.026,6,88.16,1998,2,2,1,26,8.633826265791793,1697.43
10.63,1,0.073,11,115.43,1987,0,1,2,37,10.857868497789484,2350.45
14.53,1,0.095,11,147.44,2009,1,1,3,15,10.146583167022229,3886.34
12.28,1,0.16,9,172.16,2009,1,1,3,15,14.018402410227182,3882.42
13.66,0,0.064,0,149.54,2009,1,1,3,15,10.94649000805212,3438.18
16.26,0,0.174,12,128.94,2009,1,1,3,15,7.929401635815754,3898.43
16.05,0,0.066,13,183.0,1999,1,0,0,25,11.401158806304903,4957.75
4.0,0,0.077,13,75.44,1998,2,2,1,26,18.855286178455383,33.0
12.22,0,0.025,13,123.19,2009,1,1,3,15,10.080189837165534,2867.06
12.98,0,0.137,5,147.22,2009,1,1,3,15,11.341190971419767,3531.82
12.24,1,0.176,9,122.93,2009,1,1,3,15,10.042480189527,2865.86
12.27,0,0.178,7,113.12,2009,1,1,3,15,9.218482601254992,2673.62
10.27,0,0.04,0,169.39,2009,1,1,3,15,16.492065037484178,3371.62
16.33,1,0.142,9,187.24,1999,1,0,0,25,11.465311371012186,5107.18
13.21,0,0.013,3,113.6,2009,1,1,3,15,8.598894860343652,2894.73
16.32,2,0.018,14,174.02,1987,0,1,2,37,10.662336866613565,4833.61
15.49,0,0.054,4,136.38,2009,1,1,3,15,8.803821573817055,3875.76
12.12,2,0.12,6,151.5,2009,1,1,3,15,12.49896873195281,3424.31
9.04,1,0.011,9,81.64,1998,2,2,1,26,9.029974560336248,1298.52
12.92,0,0.04,14,172.64,1987,0,1,2,37,13.361194953950932,4037.04
12.92,2,0.064,13,147.15,2009,1,1,3,15,11.388437427443698,3515.89
9.51,1,0.107,8,155.31,2009,1,1,3,15,16.32951319524761,4257.16
11.97,0,0.031,13,141.82,2009,1,1,3,15,11.84696349511319,3192.84
6.44,0,0.007,4,79.33,1998,2,2,1,26,12.316410495264709,1323.04
12.58,1,0.073,8,118.43,2009,1,1,3,15,9.41340116048009,2851.97
10.02,0,0.076,6,79.16,1998,2,2,1,26,7.899411236403553,1470.64
10.39,0,0.105,7,145.29,2009,1,1,3,15,13.982292368395726,2905.88
12.84,1,0.028,8,135.56,2009,1,1,3,15,10.5568102172728,3259.84
11.46,2,0.038,6,106.69,1987,0,1,2,37,9.308960823662856,2359.34
15.76,0,0.046,13,176.65,1987,0,1,2,37,11.208045174798555,4761.01
12.15,0,0.033,13,120.05,1999,1,0,0,25,9.879845280223849,5816.98
11.31,0,0.036,6,112.2,1987,0,1,2,37,9.91954734329414,2437.51
11.35,0,0.016,6,171.34,2009,1,1,3,15,15.094705312307287,3656.26
10.15,0,0.022,6,108.61,1998,2,2,1,26,10.69943847896759,2102.68
11.32,2,0.112,13,120.45,2009,1,1,3,15,10.639519477077997,2608.03
11.04,2,0.024,6,134.17,2009,1,1,3,15,12.151978987410562,2826.38
15.9,0,0.023,10,188.02,1999,1,0,0,25,11.824413558895667,5025.47
13.86,1,0.124,9,168.03,1987,0,1,2,37,12.12250198398384,4156.66
11.21,2,0.057,10,124.42,2009,1,1,3,15,11.098028721791097,2664.05
14.85,2,0.013,4,122.66,2009,1,1,3,15,8.259376472964783,3450.56
15.05,2,0.12,6,198.53,1999,1,0,0,25,13.190485682014485,5049.41
13.38,2,0.014,3,165.02,2009,1,1,3,15,12.33241162842837,3984.89
13.69,0,0.034,5,141.72,2009,1,1,3,15,10.351325688408444,3579.46
10.78,2,0.152,5,135.65,2009,1,1,3,15,12.582320749466657,2796.1
14.68,0,0.027,6,139.47,2009,1,1,3,15,9.500034057625502,3756.45
11.69,0,0.151,2,144.35,2009,1,1,3,15,12.347104610384056,3181.14
13.27,2,0.074,1,202.24,1987,0,1,2,37,15.239243463190418,4722.32
14.14,0,0.093,6,178.59,1999,1,0,0,25,12.629234141857012,4435.44
14.76,2,0.152,13,96.1,2009,1,1,3,15,6.510399024456338,2887.41
9.35,2,0.126,1,111.24,1987,0,1,2,37,11.896053897978826,2778.51
15.01,2,0.041,10,196.9,1999,1,0,0,25,13.1170474985011,5005.78
10.33,2,0.042,6,159.97,2009,1,1,3,15,15.48446423385926,3192.8
11.35,0,0.036,6,129.96,2009,1,1,3,15,11.449211523213815,2808.9
12.91,0,0.063,4,159.11,2009,1,1,3,15,12.323600030981336,3758.47
10.55,0,0.078,6,192.06,2009,1,1,3,15,18.203013932328687,3899.12
14.11,0,0.029,6,186.12,1987,0,1,2,37,13.189710155198075,4581.85
11.57,0,0.08,6,172.28,2009,1,1,3,15,14.888946504191514,3725.34
14.71,2,0.067,5,165.13,1999,1,0,0,25,11.224933723064373,4288.74
10.41,0,0.122,0,148.13,2009,1,1,3,15,14.228220151762558,2967.93
6.78,0,0.057,6,119.22,1998,2,2,1,26,17.581477658162513,1556.23
17.34,1,0.076,8,229.58,1999,1,0,0,25,13.239144224669857,6201.6
16.07,1,0.053,9,200.63,1999,1,0,0,25,12.483977350507123,5321.84
12.98,2,0.055,10,167.99,2009,1,1,3,15,12.941221785686773,3955.81
12.52,1,0.052,9,141.3,2009,1,1,3,15,11.28504113090009,3306.31
15.12,2,0.047,14,208.25,1999,1,0,0,25,13.772237285893791,5262.91
12.39,0,0.014,0,149.52,2009,1,1,3,15,12.066822693890728,3444.58
9.36,1,0.036,8,122.03,1998,2,2,1,26,13.036000427304776,2196.62
8.99,2,0.075,4,107.5,1998,2,2,1,26,11.956400845289735,895.67
14.83,2,0.021,14,147.13,2009,1,1,3,15,9.920436922661992,3946.78
13.8,0,0.091,0,149.53,2009,1,1,3,15,10.834722121585392,3764.73
15.29,0,0.113,0,155.21,1999,1,0,0,25,10.150415276960304,4216.97
15.88,0,0.018,14,155.4,1999,1,0,0,25,9.785278005163404,4354.72
16.35,2,0.108,0,145.62,1999,1,0,0,25,8.905877316372086,4259.52
9.14,0,0.055,3,132.11,1987,0,1,2,37,14.452466907340556,4744.69
10.94,1,0.015,11,161.22,2009,1,1,3,15,14.735398958047712,3357.47
16.81,0,0.111,4,180.56,1999,1,0,0,25,10.740586520730474,5078.5
14.11,2,0.023,5,167.1,1987,0,1,2,37,11.841825526185247,4193.43
16.62,2,0.013,5,183.11,1999,1,0,0,25,11.016785993622525,5088.56
10.97,0,0.156,6,175.71,2009,1,1,3,15,16.015859994531038,3660.82
14.33,0,0.035,13,112.98,2009,1,1,3,15,7.8836089595980745,1786.7
11.18,0,0.042,4,115.08,1987,0,1,2,37,10.29246042393346,4047.09
14.46,2,0.017,10,169.11,1999,1,0,0,25,11.694212018532605,4313.73
11.42,0,0.081,6,163.88,2009,1,1,3,15,14.34900621661851,3520.32
13.55,0,0.186,0,66.75,1998,2,2,1,26,4.925835731680318,2014.05
12.11,0,0.129,14,153.05,2009,1,1,3,15,12.637271901577082,3453.86
13.62,0,0.085,7,91.51,2009,1,1,3,15,6.718302620952941,2535.01
14.3,0,0.02,4,126.68,2009,1,1,3,15,8.858121809663661,3409.6
14.74,0,0.085,7,187.29,1987,0,1,2,37,12.70537955362594,4749.78
13.76,2,0.063,5,157.3,2009,1,1,3,15,11.430855315747403,3913.87
14.73,0,0.143,13,165.1,1998,2,2,1,26,11.207657321295228,1160.47
13.27,0,0.07,5,131.16,2009,1,1,3,15,9.883203978599955,3269.14
14.53,0,0.016,10,181.25,1987,0,1,2,37,12.473332874544079,4578.3
8.9,2,0.032,3,122.61,1998,2,2,1,26,13.774856757667678,2105.86
7.14,0,0.011,6,109.27,1998,2,2,1,26,15.301778462400224,1435.64
13.16,2,0.29,10,100.73,2009,1,1,3,15,7.653673732999013,2621.35
13.65,0,0.071,5,135.3,2009,1,1,3,15,9.911361804995972,3438.8
10.03,2,0.096,13,151.05,2009,1,1,3,15,15.058319210447616,2942.09
12.84,0,0.067,2,162.37,2009,1,1,3,15,12.644653843158634,3808.51
13.48,0,0.024,6,144.6,2009,1,1,3,15,10.7262072546547,3589.55
13.66,1,0.083,9,176.33,1999,1,0,0,25,12.90754703169607,4279.28
13.49,0,0.178,6,184.74,1999,1,0,0,25,13.693573493440072,4414.76
16.7,2,0.129,5,134.75,1987,0,1,2,37,8.068379138973715,4116.93
10.07,2,0.006,10,104.49,1998,2,2,1,26,10.375335120643431,1999.45
11.55,0,0.028,10,111.89,1987,0,1,2,37,9.6866072201541,2485.64
13.32,0,0.025,13,92.42,1987,0,1,2,37,6.937917573755724,2485.93
11.49,1,0.043,9,153.24,2009,1,1,3,15,13.335653990079194,3316.49
11.93,0,0.058,1,119.61,2009,1,1,3,15,10.02514458134272,2728.9
11.86,2,0.067,10,113.66,2009,1,1,3,15,9.58266587977405,2590.41
11.15,0,0.027,10,133.09,2009,1,1,3,15,11.93525244372702,2829.18
10.95,0,0.12,3,121.71,2009,1,1,3,15,11.114053511094879,2550.16
13.52,2,0.033,10,184.12,1999,1,0,0,25,13.617335995858296,4408.18
18.61,1,0.063,11,171.14,1999,1,0,0,25,9.195636988877544,5291.94
12.31,0,0.035,1,136.34,2009,1,1,3,15,11.074648688165055,3155.91
10.25,1,0.038,8,82.21,1998,2,2,1,26,8.019705394595649,1585.11
12.19,0,0.039,5,143.54,2009,1,1,3,15,11.774259699778526,3278.4
10.24,1,0.067,9,146.43,2009,1,1,3,15,14.298408358558735,2895.01
12.64,0,0.141,3,143.37,2009,1,1,3,15,11.341666007436121,4138.12
14.71,2,0.05,10,167.8,1999,1,0,0,25,11.406430562164367,4342.1
10.12,0,0.098,3,112.07,1998,2,2,1,26,11.073016500345817,2165.49
16.59,0,0.056,3,185.99,1999,1,0,0,25,11.210294738111024,5139.43
18.04,2,0.045,13,171.3,1999,1,0,0,25,9.49503907765645,5167.79
13.52,2,0.093,13,197.19,1987,0,1,2,37,14.583980474816952,4674.53
14.31,2,0.035,14,191.13,1987,0,1,2,37,13.355460834323248,4730.89
13.6,2,0.057,14,168.31,1987,0,1,2,37,12.37482538048673,4102.35
12.85,2,0.074,10,140.26,2009,1,1,3,15,10.914325733405962,3358.61
14.09,2,0.017,13,168.81,1999,1,0,0,25,11.979987225888866,4223.93
10.6,0,0.053,6,141.22,2009,1,1,3,15,13.321384775021226,2869.75
14.5,0,0.122,3,167.28,1998,2,2,1,26,11.535756154747949,1526.43
15.0,0,0.161,6,202.46,1999,1,0,0,25,13.496433571095261,5118.71
15.42,0,0.046,5,153.07,1999,1,0,0,25,9.926074833019907,4201.15
9.44,1,0.085,8,118.9,1998,2,2,1,26,12.594004872365218,677.12
11.44,0,0.096,3,118.25,2009,1,1,3,15,10.335634996940827,2590.15
10.39,0,0.01,10,132.22,2009,1,1,3,15,12.724473101722644,2639.8
11.33,1,0.083,8,161.45,2009,1,1,3,15,14.248521754478864,3449.86
13.22,2,0.036,6,162.57,2009,1,1,3,15,12.29634672112548,3899.02
14.38,2,0.055,6,185.57,1987,0,1,2,37,12.903831444266741,4908.7
10.19,2,0.025,3,165.24,2009,1,1,3,15,16.214306741242275,3269.54
16.95,2,0.034,6,151.42,1987,0,1,2,37,8.93280632411067,4514.19
7.33,2,0.039,10,81.44,1998,2,2,1,26,11.108989223843949,908.32
10.85,0,0.027,3,62.8,1998,2,2,1,26,5.787485024421713,1321.81
12.91,2,0.017,13,87.98,1987,0,1,2,37,6.814344357524592,2303.02
10.55,0,0.188,1,130.38,2009,1,1,3,15,12.357122547625817,2637.17
13.72,0,0.057,13,120.09,2009,1,1,3,15,8.752277530792217,3143.55
12.6,2,0.024,6,144.95,2009,1,1,3,15,11.50305531307039,3398.44
11.63,0,0.004,5,174.42,2009,1,1,3,15,14.996131029146246,3782.81
8.24,2,0.071,5,125.42,1998,2,2,1,26,15.219026817133845,2014.85
15.52,1,0.007,11,183.35,1987,0,1,2,37,11.813027511113974,4845.17
10.08,1,0.154,8,119.91,1987,0,1,2,37,11.894653308203551,2316.14
12.03,1,0.026,8,112.02,2009,1,1,3,15,9.310946720970826,2596.63
15.77,2,0.006,3,158.1,1999,1,0,0,25,10.024728932851437,4383.85
12.95,2,0.034,3,97.63,2009,1,1,3,15,7.538414022083237,2509.43
12.26,1,0.055,9,173.11,2009,1,1,3,15,14.118750509746352,5304.55
10.69,0,0.039,0,155.64,2009,1,1,3,15,14.558039472453466,4603.38
8.33,2,0.024,12,101.1,1998,2,2,1,26,12.135397911415197,1536.11
15.35,0,0.075,0,158.89,1998,2,2,1,26,10.35046576770243,914.75
12.0,1,0.118,9,81.91,1998,2,2,1,26,6.825264561286559,1739.34
11.34,0,0.094,0,147.74,2009,1,1,3,15,13.02706992328719,1737.15
10.47,0,0.063,7,136.4,2009,1,1,3,15,13.026454015853309,2741.67
11.15,2,0.085,0,146.19,2009,1,1,3,15,13.110034974441755,3097.14
12.9,0,0.073,4,195.91,1987,0,1,2,37,15.185644523680335,4508.15
12.86,0,0.047,6,112.91,2009,1,1,3,15,8.779255112355182,2802.69
14.53,0,0.013,14,110.97,2009,1,1,3,15,7.636776546693277,3139.43
9.22,2,0.016,0,87.04,1998,2,2,1,26,9.439323283808697,1450.19
10.27,2,0.031,3,141.78,2009,1,1,3,15,13.803913932431119,2808.26
14.61,0,0.026,1,141.85,2009,1,1,3,15,9.708438847443707,3788.57
15.14,0,0.059,4,103.93,2009,1,1,3,15,6.864143715738723,3133.35
14.67,0,0.041,6,156.41,1987,0,1,2,37,10.661168291186694,4099.97
16.65,0,0.027,6,166.25,1987,0,1,2,37,9.98438532220287,4749.28
10.17,0,0.274,1,77.76,1998,2,2,1,26,7.6452659522170885,1475.31
8.09,0,0.007,10,118.46,1998,2,2,1,26,14.6409590903473,1837.38
13.77,0,0.065,4,186.41,1987,0,1,2,37,13.536417108416238,4512.26
11.8,2,0.082,12,163.81,2009,1,1,3,15,13.881027031607491,2142.41
8.0,0,0.009,6,105.61,1998,2,2,1,26,13.199600049993752,1554.62
13.15,0,0.016,6,146.39,2009,1,1,3,15,11.1314728917953,3083.57
12.23,0,0.028,0,165.24,2009,1,1,3,15,13.509933774834439,3730.58
10.31,0,0.014,3,149.07,2009,1,1,3,15,14.457375618271747,2965.86
12.16,0,0.149,3,132.5,2009,1,1,3,15,10.895485568621002,3043.63
9.03,0,0.049,6,90.52,1998,2,2,1,26,10.023253238843983,1478.9
14.83,2,0.016,3,197.97,1987,0,1,2,37,13.348391881869059,4986.71
14.77,0,0.023,6,189.19,1987,0,1,2,37,12.808205267077382,4795.13
9.13,0,0.021,4,134.46,1987,0,1,2,37,14.725659840105138,2399.59
7.96,0,0.027,5,126.91,1998,2,2,1,26,15.941464640120588,1980.89
11.83,0,0.043,3,153.74,2009,1,1,3,15,12.99467500633928,3404.16
8.93,0,0.047,15,139.71,1987,0,1,2,37,15.643265031911323,2462.46
12.12,0,0.143,14,147.54,2009,1,1,3,15,12.172263014602756,3343.84
14.12,2,0.039,10,174.02,1999,1,0,0,25,12.323489837830184,4336.33
12.36,2,0.086,3,131.63,2009,1,1,3,15,10.64881482080738,3072.02
13.45,0,0.077,6,118.27,2009,1,1,3,15,8.792654821202886,2849.96
9.44,0,0.03,4,97.25,1998,2,2,1,26,10.300815591568691,1709.21
9.95,0,0.115,6,91.46,1998,2,2,1,26,9.191036076776204,1705.16
9.71,2,0.051,5,202.69,1999,1,0,0,25,20.872206775821233,6299.08
12.09,1,0.063,11,165.33,2009,1,1,3,15,13.673806963857416,3701.12
11.44,0,0.038,6,174.75,2009,1,1,3,15,15.274014509221223,3745.45
12.03,0,0.085,10,169.95,2009,1,1,3,15,14.126007813149364,3781.9
9.72,0,0.03,13,102.91,1998,2,2,1,26,10.586359428042382,1887.4
15.91,0,0.018,0,180.01,1987,0,1,2,37,11.313556658915216,4863.18
14.42,2,0.07,10,155.14,1987,0,1,2,37,10.757922474169613,4017.75
12.63,0,0.018,3,162.61,2009,1,1,3,15,12.873881719578815,3767.08
12.8,0,0.046,0,177.69,1987,0,1,2,37,13.880946801031168,4113.94
12.11,1,0.038,9,150.48,2009,1,1,3,15,12.425068119891009,3401.96
12.19,0,0.115,0,117.35,2009,1,1,3,15,9.62595357230744,2490.03
15.98,0,0.078,1,155.92,1999,1,0,0,25,9.756585945810649,4386.45
15.15,1,0.082,9,151.05,1987,0,1,2,37,9.969638967724903,4100.25
15.6,1,0.072,9,144.06,1987,0,1,2,37,9.234023460034614,4058.0
14.58,1,0.044,11,178.61,1987,0,1,2,37,12.249502777587272,4535.43
12.59,0,0.009,0,136.06,2009,1,1,3,15,10.806131363672465,3213.97
12.16,2,0.112,4,129.54,2009,1,1,3,15,10.652084532521997,2984.59
10.67,0,0.031,0,118.79,1987,0,1,2,37,11.132040108705839,2427.82
10.31,1,0.054,8,138.16,2009,1,1,3,15,13.399282319852585,4955.51
12.8,0,0.066,13,154.24,2009,1,1,3,15,12.049058667291618,3633.75
13.05,0,0.027,6,155.6,2009,1,1,3,15,11.922458049191633,3718.89
11.93,2,0.055,4,142.75,2009,1,1,3,15,11.964629955577907,3202.1
17.7,0,0.059,4,247.62,1999,1,0,0,25,13.989040167222191,6653.24
12.42,2,0.076,5,116.05,2009,1,1,3,15,9.343048063762982,2766.26
11.84,2,0.164,0,127.81,2009,1,1,3,15,10.793851870619037,2877.27
13.71,2,0.058,0,176.33,1999,1,0,0,25,12.860476989278682,4291.66
16.8,0,0.062,10,170.8,1999,1,0,0,25,10.166061543955717,4877.16
12.25,0,0.105,4,150.03,2009,1,1,3,15,12.246347236960249,3423.5
9.15,0,0.06,4,119.21,1987,0,1,2,37,13.026991585619058,4587.86
12.86,2,0.021,3,167.93,2009,1,1,3,15,13.05730503071301,3926.74
11.12,1,0.071,9,173.06,2009,1,1,3,15,15.561550220303932,3639.43
12.88,2,0.057,7,189.44,1999,1,0,0,25,14.706932691561214,4373.03
9.14,2,0.048,3,150.72,2009,1,1,3,15,16.48834919593042,2735.04
9.21,2,0.044,13,127.39,1998,2,2,1,26,13.830203018130495,2273.06
14.78,1,0.054,8,135.47,2009,1,1,3,15,9.165144442189298,3697.92
11.52,0,0.085,0,122.95,2009,1,1,3,15,10.671816682579639,2705.03
14.18,0,0.179,4,161.86,1987,0,1,2,37,11.413863620337072,4102.79
13.57,2,0.057,10,164.86,1987,0,1,2,37,12.147962567238967,4025.3
14.46,2,0.162,5,147.39,2009,1,1,3,15,10.19224120047023,3869.61
11.37,1,0.016,9,153.27,2009,1,1,3,15,13.479025591416764,3290.89
11.47,0,0.065,1,165.48,2009,1,1,3,15,14.425943684072879,3564.53
10.85,0,0.142,6,106.03,1987,0,1,2,37,9.771449635978252,3254.88
13.73,0,0.068,13,185.82,1999,1,0,0,25,13.532881800305876,4491.34
10.13,2,0.114,10,163.85,2009,1,1,3,15,16.173131971177572,3227.91
11.97,2,0.073,5,169.98,2009,1,1,3,15,14.199315011277253,3767.55
11.4,1,0.117,9,143.4,2009,1,1,3,15,12.577844048767652,3096.37
15.2,0,0.061,13,190.59,1987,0,1,2,37,12.537990921649893,4566.56
16.4,0,0.067,3,143.09,1999,1,0,0,25,8.724468020242668,4219.09
12.27,0,0.036,10,134.43,2009,1,1,3,15,10.955097384076279,3110.1
13.47,1,0.052,8,156.76,2009,1,1,3,15,11.636849528617029,3838.02
12.67,1,0.042,8,162.7,2009,1,1,3,15,12.840344092810355,3777.08
7.66,0,0.068,7,74.61,1998,2,2,1,26,9.738937475525388,842.74
13.23,2,0.057,0,124.67,2009,1,1,3,15,9.422568211019575,3126.74
12.13,1,0.078,8,77.21,1998,2,2,1,26,6.364685516445469,1907.38
14.41,1,0.082,9,163.96,1987,0,1,2,37,11.377420026368746,4197.53
13.92,0,0.172,5,147.74,2009,1,1,3,15,10.612743337403924,3754.24
10.98,2,0.048,0,156.24,2009,1,1,3,15,14.22821236681541,3264.52
10.71,0,0.026,0,152.1,2009,1,1,3,15,14.200354775464476,3117.95
10.77,0,0.141,3,122.49,2009,1,1,3,15,11.372203138055891,2524.71
8.92,0,0.045,14,84.89,1987,0,1,2,37,9.515749355453424,3118.5
14.89,1,0.007,9,176.25,1987,0,1,2,37,11.83600832717749,4556.06
9.54,0,0.078,0,132.03,1987,0,1,2,37,13.838172099360657,2441.81
15.5,2,0.091,6,160.21,1999,1,0,0,25,10.33546222824334,4366.65
13.37,0,0.036,3,149.82,2009,1,1,3,15,11.204846309176578,3672.68
11.23,0,0.031,1,107.35,1987,0,1,2,37,9.55836523907043,2318.76
10.24,1,0.051,8,134.03,2009,1,1,3,15,13.087589102626698,2642.88
14.23,0,0.048,14,173.95,1999,1,0,0,25,12.223315297589767,4360.65
14.25,0,0.022,7,188.67,1987,0,1,2,37,13.239070942390008,4665.76
10.22,0,0.053,6,115.57,1998,2,2,1,26,11.30711280696605,2259.04
15.63,2,0.036,13,156.5,1999,1,0,0,25,10.012155332352377,4320.23
12.92,2,0.028,6,165.72,2009,1,1,3,15,12.825632690968192,3897.1
8.76,2,0.062,2,149.63,2009,1,1,3,15,17.079100559296887,2627.03
10.91,1,0.104,9,152.46,2009,1,1,3,15,13.973054715424801,3169.95
8.65,2,0.044,6,146.15,2009,1,1,3,15,16.894000693561438,2531.62
13.51,0,0.013,5,178.92,1999,1,0,0,25,13.242543113019021,4298.8
11.78,2,0.029,6,145.82,2009,1,1,3,15,12.377557083439436,3230.76
14.85,0,0.035,4,177.97,1987,0,1,2,37,11.983704801023501,4583.6
15.1,1,0.129,11,171.66,1987,0,1,2,37,11.367459108668301,4510.26
10.21,0,0.025,4,125.47,1987,0,1,2,37,12.28772891979238,2459.61
14.33,2,0.087,12,223.34,1999,1,0,0,25,15.584397460051637,5393.46
14.56,0,0.039,0,156.96,1987,0,1,2,37,10.779479431357737,4087.94
15.5,2,0.143,13,163.11,1999,1,0,0,25,10.522546932455972,4426.14
12.79,0,0.019,1,105.05,2009,1,1,3,15,8.212805879133766,2624.41
8.29,0,0.093,5,114.4,1998,2,2,1,26,13.79809431914124,1799.78
11.96,0,0.064,15,156.81,2009,1,1,3,15,13.11010785051417,3496.06
13.77,0,0.131,4,180.91,1987,0,1,2,37,13.137027085905164,4553.3
12.56,0,0.062,5,160.78,2009,1,1,3,15,12.79993631080328,3713.65
11.2,2,0.12,5,165.72,2009,1,1,3,15,14.795107579680387,3507.04
16.27,0,0.03,2,162.6,1987,0,1,2,37,9.993239505869337,4588.38
13.25,2,0.077,3,127.02,2009,1,1,3,15,9.585691645913515,3179.38
12.87,2,0.057,6,151.87,2009,1,1,3,15,11.799393986481238,3600.86
11.93,0,0.013,1,147.05,2009,1,1,3,15,12.325035621490237,3289.54
13.74,0,0.01,5,164.74,1987,0,1,2,37,11.988938214103777,4061.65
12.35,0,0.044,6,137.24,2009,1,1,3,15,11.11165087847138,3183.55
12.64,0,0.09,13,122.19,2009,1,1,3,15,9.666165651451626,2942.79
17.72,0,0.039,7,152.03,1999,1,0,0,25,8.579086958975227,4701.32
8.96,0,0.019,14,178.6,2009,1,1,3,15,19.930811293382433,3263.96
15.5,0,0.03,3,151.87,1987,0,1,2,37,9.7974324237146,4195.92
11.63,2,0.085,5,83.78,1998,2,2,1,26,7.203163958387069,1927.11
12.71,0,0.136,15,134.76,2009,1,1,3,15,10.60184092518291,3216.12
16.59,2,0.099,3,176.12,1999,1,0,0,25,10.615393888252667,4938.91
12.86,0,0.16,13,193.84,1999,1,0,0,25,15.07192286758417,4457.16
14.16,2,0.046,13,161.31,1987,0,1,2,37,11.391144693171388,4085.03
13.13,2,0.033,13,163.4,2009,1,1,3,15,12.443835199147056,3895.37
18.18,2,0.025,10,145.56,1999,1,0,0,25,8.006160277212475,4672.22
16.65,0,0.018,10,148.38,1999,1,0,0,25,8.911176505915561,4384.84
11.03,0,0.058,5,155.66,2009,1,1,3,15,14.111141328981962,3262.74
13.88,0,0.138,13,106.07,2009,1,1,3,15,7.641380304012679,2892.29
13.68,2,0.041,4,137.98,2009,1,1,3,15,10.085520064322782,3500.96
12.02,1,0.133,9,172.95,2009,1,1,3,15,14.387322186174195,3840.93
11.49,0,0.013,13,169.3,2009,1,1,3,15,14.733269515272823,3646.86
13.14,0,0.026,3,185.08,1999,1,0,0,25,14.084164066661595,4340.82
11.93,0,0.032,10,148.77,2009,1,1,3,15,12.469197887855168,3325.74
10.4,2,0.029,10,135.2,2009,1,1,3,15,12.998750120180752,2702.68
7.91,0,0.033,5,152.02,1987,0,1,2,37,19.216281127543926,2482.89
10.34,0,0.05,10,110.02,1998,2,2,1,26,10.639203171840247,2172.45
10.91,0,0.094,14,97.7,1998,2,2,1,26,8.954266336724407,2050.82
12.95,0,0.027,0,168.21,1998,2,2,1,26,12.988186240444755,860.61
13.71,1,0.104,8,172.2,1999,1,0,0,25,12.559258989132813,4207.93
14.28,0,0.006,4,210.04,1999,1,0,0,25,14.707653525663469,5110.06
15.16,2,0.13,10,132.89,2009,1,1,3,15,8.765252951652265,3731.74
16.66,1,0.119,11,168.63,1987,0,1,2,37,10.121241222015485,4801.09
14.35,1,0.037,9,241.63,1999,1,0,0,25,16.837154205281863,5772.44
12.85,0,0.038,12,124.41,2009,1,1,3,15,9.680958680258346,3035.36
11.73,1,0.14,8,177.42,2009,1,1,3,15,15.124030346943993,3867.48
11.95,0,0.081,4,154.0,2009,1,1,3,15,12.885950966446323,3436.69
13.87,2,0.109,3,110.88,2009,1,1,3,15,7.993655828707375,2988.39
15.04,0,0.04,5,131.2,2009,1,1,3,15,8.722824280300513,3669.0
13.87,2,0.076,6,170.59,1999,1,0,0,25,12.298320236464567,4210.3
11.66,0,0.027,7,140.56,2009,1,1,3,15,12.053854729440014,3096.31
13.23,1,0.041,9,196.9,1987,0,1,2,37,14.881717179351524,4603.91
13.57,0,0.085,10,173.01,1987,0,1,2,37,12.74850784761624,4191.83
17.17,0,0.042,6,130.83,1987,0,1,2,37,7.619241744802283,4143.72
15.02,1,0.072,9,174.62,1998,2,2,1,26,11.62505825178084,2238.73
13.1,0,0.049,13,170.78,1987,0,1,2,37,13.03564613388291,4040.87
12.65,0,0.104,2,124.21,2009,1,1,3,15,9.818196190024503,2986.19
15.17,2,0.092,10,182.35,1987,0,1,2,37,12.019642739437083,4744.18
10.72,0,0.006,5,143.19,2009,1,1,3,15,13.356030221061468,2937.08
11.65,2,0.084,2,169.04,2009,1,1,3,15,14.508625869024117,3676.75
9.63,1,0.03,11,101.46,1998,2,2,1,26,10.534731595888276,1837.94
11.73,0,0.017,4,104.99,1987,0,1,2,37,8.949791151649475,2385.32
9.74,0,0.07,0,143.67,2009,1,1,3,15,14.748999076070218,2725.35
14.65,1,0.037,9,167.96,1999,1,0,0,25,11.464063886424135,4333.48
14.95,0,0.04,13,183.23,1987,0,1,2,37,12.255367533944218,4714.05
14.59,0,0.183,7,161.64,1987,0,1,2,37,11.078061818929477,4189.17
14.32,2,0.046,10,159.7,1987,0,1,2,37,11.151455903917324,4090.25
12.98,1,0.007,8,194.72,1987,0,1,2,37,15.00038517833757,4805.01
15.5,0,0.039,10,169.75,1987,0,1,2,37,10.950906393135927,4562.52
17.36,0,0.024,1,208.6,1999,1,0,0,25,12.015436898796152,5777.83
16.13,0,0.042,0,206.83,1999,1,0,0,25,12.821895728721097,5462.98
12.31,0,0.068,13,144.44,2009,1,1,3,15,11.73259686459264,3323.37
14.47,2,0.023,6,146.44,2009,1,1,3,15,10.119549443715016,3852.16
12.37,2,0.083,6,166.94,2009,1,1,3,15,13.494462856680949,3796.12
9.58,2,0.136,6,123.6,1998,2,2,1,26,12.900532303517378,2279.58
11.15,1,0.035,9,204.67,1987,0,1,2,37,18.354407676441575,4532.81
13.31,0,0.011,7,148.87,2009,1,1,3,15,11.183983171812788,3640.17
11.86,1,0.057,9,142.51,2009,1,1,3,15,12.015007166343478,3182.18
13.81,0,0.035,5,117.24,2009,1,1,3,15,8.488885670842082,3105.19
14.71,1,0.025,9,157.29,1987,0,1,2,37,10.691999184283869,4127.75
16.74,0,0.076,14,161.51,1987,0,1,2,37,9.647571829639807,4673.78
12.29,0,0.012,4,165.69,2009,1,1,3,15,13.480595557725167,3752.62
11.52,0,0.121,4,130.14,2009,1,1,3,15,11.295894453606458,2851.53
16.45,0,0.021,5,199.29,1999,1,0,0,25,12.114157194091543,5381.25
12.33,0,0.063,0,158.14,2009,1,1,3,15,12.824588435649988,3608.21
10.33,1,0.042,8,140.23,2009,1,1,3,15,13.57371019262414,2788.35
10.49,0,0.089,10,140.01,2009,1,1,3,15,13.345724907063197,2821.13
12.24,2,0.088,10,192.26,1999,1,0,0,25,15.706233150886366,4285.32
12.09,0,0.029,5,194.25,1999,1,0,0,25,16.065668679182863,4291.76
15.74,0,0.061,5,155.21,1999,1,0,0,25,9.860237596086654,4318.32
11.12,0,0.111,4,97.35,1998,2,2,1,26,8.753709198813057,2091.07
11.52,0,0.046,13,145.66,2009,1,1,3,15,12.642999739605937,3170.06
12.25,0,0.094,5,108.07,2009,1,1,3,15,8.821320708513591,2565.01
11.49,2,0.048,5,106.09,1987,0,1,2,37,9.23244278130711,2352.96
12.36,0,0.188,15,152.56,2009,1,1,3,15,12.342043523986733,3500.27
11.54,0,0.08,13,137.17,2009,1,1,3,15,11.88545186725587,3000.06
16.66,0,0.038,0,162.77,1987,0,1,2,37,9.769521637356702,4680.99
7.82,2,0.036,7,102.18,1998,2,2,1,26,13.064825469888762,1443.06
13.81,0,0.05,14,168.59,1987,0,1,2,37,12.206936499891391,4155.92
9.12,2,0.036,5,106.5,1998,2,2,1,26,11.67635127727223,1825.09
10.18,0,0.052,6,138.71,2009,1,1,3,15,13.624398389156273,2723.74
10.87,0,0.122,4,130.32,2009,1,1,3,15,11.987857602796431,2708.12
11.15,0,0.189,3,154.86,2009,1,1,3,15,13.887543718052195,3273.72
13.56,2,0.062,12,135.41,2009,1,1,3,15,9.985251825086646,3421.04
14.09,2,0.019,14,137.41,2009,1,1,3,15,9.751614505712867,3582.14
8.71,0,0.04,5,98.57,1998,2,2,1,26,11.31557800482149,1569.79
10.4,2,0.066,3,90.22,1998,2,2,1,26,8.674165945582155,1782.06
14.45,0,0.041,10,123.66,2009,1,1,3,15,8.55719327382188,3381.08
9.02,0,0.072,3,103.58,1998,2,2,1,26,11.482097328455826,1743.54
12.59,0,0.017,2,140.5,1999,1,0,0,25,11.1587641966484,6796.94
12.43,0,0.128,4,135.64,2009,1,1,3,15,10.911431099670178,3169.51
10.71,0,0.009,5,133.26,2009,1,1,3,15,12.441415367379328,2731.64
7.79,2,0.036,6,101.68,1998,2,2,1,26,13.050956231549224,1426.77
10.93,2,0.107,13,131.5,2009,1,1,3,15,12.030006403805691,2745.37
14.4,0,0.089,13,187.93,1987,0,1,2,37,13.049788209152142,4684.86
11.51,2,0.069,12,163.1,2009,1,1,3,15,14.169055685865693,3523.9
11.09,0,0.062,10,132.55,2009,1,1,3,15,11.951131548102067,2804.28
14.35,2,0.064,3,194.49,1987,0,1,2,37,13.552365688802176,4809.03
11.41,0,0.019,6,134.69,2009,1,1,3,15,11.803522916484095,2919.55
13.92,1,0.036,8,188.87,1987,0,1,2,37,13.567272466058474,4595.67
15.69,0,0.12,0,161.41,1999,1,0,0,25,10.286788604932765,4434.49
12.73,1,0.104,9,149.62,2009,1,1,3,15,11.75241536407195,3523.26
13.61,2,0.038,6,189.27,1987,0,1,2,37,13.905664536037031,4534.59
16.16,0,0.113,15,110.2,2009,1,1,3,15,6.8188849699894805,3492.72
10.72,0,0.03,5,99.41,1998,2,2,1,26,9.272455927618692,2042.05
13.32,0,0.046,14,111.12,2009,1,1,3,15,8.341716087380828,2868.74
11.76,1,0.091,8,132.54,2009,1,1,3,15,11.269449876711164,2955.04
13.51,0,0.018,13,186.06,1999,1,0,0,25,13.771001406261565,4444.73
11.95,2,0.039,15,137.32,1999,1,0,0,25,11.49025186176889,6588.5
15.87,0,0.106,10,213.28,1999,1,0,0,25,13.438346670027094,5534.96
8.41,0,0.09,3,159.61,1999,1,0,0,25,18.976340506479612,6553.97
15.59,0,0.019,3,187.02,1987,0,1,2,37,11.995381951125651,4935.59
13.17,2,0.017,5,208.86,1987,0,1,2,37,15.85756586439906,4835.87
13.53,0,0.038,10,130.74,2009,1,1,3,15,9.66225703939103,3317.51
15.49,0,0.018,13,173.1,1987,0,1,2,37,11.174230198179588,4627.5
12.0,1,0.068,9,106.16,1987,0,1,2,37,8.84592950587451,2468.42
10.8,0,0.085,5,124.11,2009,1,1,3,15,11.490602721970188,2565.93
14.25,2,0.053,13,170.39,1999,1,0,0,25,11.956353940074381,4292.76
13.88,1,0.023,8,116.7,2009,1,1,3,15,8.407175275556517,3110.29
10.71,1,0.073,8,142.14,2009,1,1,3,15,13.270469610680607,5105.44
10.89,2,0.082,0,147.95,2009,1,1,3,15,13.584611146818473,3072.8
11.42,2,0.16,6,160.7,2009,1,1,3,15,14.070571753786883,3454.88
14.06,1,0.041,8,82.53,1987,0,1,2,37,5.869426072114359,2450.37
12.38,0,0.015,3,146.22,2009,1,1,3,15,11.810031499878846,3374.78
12.38,2,0.056,4,161.95,2009,1,1,3,15,13.080526613359178,3696.49
11.56,0,0.114,6,137.97,2009,1,1,3,15,11.934088746648214,3020.23
9.8,0,0.085,6,114.01,1998,2,2,1,26,11.63248648097133,2131.94
11.15,0,0.107,13,167.36,2009,1,1,3,15,15.008519415299078,3530.42
12.45,0,0.075,6,130.66,2009,1,1,3,15,10.493936230021685,3072.05
13.33,0,0.136,13,102.39,2009,1,1,3,15,7.680594103968195,2693.77
14.46,0,0.012,10,140.34,2009,1,1,3,15,9.704723048198604,3725.26
9.32,0,0.011,6,108.34,1998,2,2,1,26,11.623216393090871,1908.36
11.88,0,0.16,1,128.15,2009,1,1,3,15,10.786129113710967,2891.5
10.97,2,0.016,10,138.24,2009,1,1,3,15,12.600492206726827,2892.79
12.82,0,0.055,14,115.68,2009,1,1,3,15,9.022697137508775,2850.28
10.66,0,0.1,13,160.32,2009,1,1,3,15,15.037988931619923,3275.36
14.41,0,0.125,4,141.15,2009,1,1,3,15,9.79460134619388,3730.7
11.62,0,0.038,6,155.09,2009,1,1,3,15,13.34566732639188,3383.94
10.06,0,0.142,5,161.89,2009,1,1,3,15,16.09084584037372,3171.96
11.36,0,0.094,5,142.11,2009,1,1,3,15,12.50858199102192,4111.76
9.81,0,0.045,13,176.97,2009,1,1,3,15,18.03791662419733,3422.8
13.97,0,0.034,13,213.63,1999,1,0,0,25,15.29095984539403,5113.76
13.2,1,0.028,8,141.04,2009,1,1,3,15,10.684039087947884,3455.06
13.53,2,0.11,5,160.24,2009,1,1,3,15,11.84243588796098,3920.91
7.26,0,0.071,4,120.44,1998,2,2,1,26,16.58724693568379,1690.77
12.57,0,0.082,10,129.55,2009,1,1,3,15,10.305464959032696,3076.96
11.96,0,0.022,5,172.86,2009,1,1,3,15,14.451968898921496,3824.34
14.86,1,0.07,8,157.62,1987,0,1,2,37,10.606284906803042,4168.05
14.09,0,0.097,13,206.9,1999,1,0,0,25,14.683131076573702,5003.35
12.89,0,0.026,7,152.4,1998,2,2,1,26,11.822201535955319,1290.81
16.53,0,0.156,10,177.12,1999,1,0,0,25,10.71441534087472,4944.68
14.46,0,0.075,4,158.71,1987,0,1,2,37,10.975036304543254,4100.95
14.31,1,0.033,8,151.97,2009,1,1,3,15,10.619104185591503,3928.7
13.2,2,0.056,14,157.43,2009,1,1,3,15,11.925611696083632,3788.64
13.22,2,0.031,3,150.63,2009,1,1,3,15,11.393238030406172,3654.6
13.78,0,0.102,13,193.91,1987,0,1,2,37,14.070822146433496,4667.1
11.74,0,0.026,10,125.81,2009,1,1,3,15,10.715441614853932,2812.33
12.78,2,0.058,5,148.44,2009,1,1,3,15,11.614114701510054,3511.1
13.64,0,0.133,4,191.75,1987,0,1,2,37,14.056887324976175,4590.3
10.62,0,0.061,5,116.5,1987,0,1,2,37,10.968835326240468,2368.04
14.27,2,0.04,3,141.2,2009,1,1,3,15,9.89419101674725,3700.16
11.7,0,0.019,5,189.55,1987,0,1,2,37,16.19947013075806,4108.71
14.66,0,0.093,13,122.03,2009,1,1,3,15,8.32344314848919,3395.33
12.71,0,0.15,14,183.32,1999,1,0,0,25,14.422154039808039,4208.94
16.89,2,0.126,4,186.78,1999,1,0,0,25,11.057959860280622,5224.25
16.8,2,0.033,2,176.82,1999,1,0,0,25,10.524373549193498,4999.19
17.79,2,0.119,0,95.09,2009,1,1,3,15,5.344837277275027,3552.09
12.53,1,0.113,9,139.39,2009,1,1,3,15,11.123613438672093,3268.65
17.97,0,0.049,7,204.44,1999,1,0,0,25,11.376105948472539,5830.62
13.75,2,0.033,3,121.15,2009,1,1,3,15,8.810268344120429,3172.28
16.24,0,0.026,14,153.0,1999,1,0,0,25,9.42060217966874,4386.32
12.55,1,0.174,9,140.04,2009,1,1,3,15,11.157676679149072,3286.6
12.08,1,0.177,9,152.73,2009,1,1,3,15,12.642165383660293,3439.72
8.35,1,0.185,9,136.18,1998,2,2,1,26,16.30702909831158,2259.88
15.62,1,0.021,9,230.65,1999,1,0,0,25,14.76537993726394,5835.86
16.67,0,0.089,13,182.92,1999,1,0,0,25,10.972347189730668,5096.05
11.92,2,0.021,1,120.9,2009,1,1,3,15,10.14176663031625,2753.15
9.94,0,0.029,3,116.89,1998,2,2,1,26,11.758374409013179,2222.45
13.89,0,0.064,14,123.74,2009,1,1,3,15,8.907925995248721,3255.41
12.39,1,0.021,9,118.51,2009,1,1,3,15,9.56419982245178,2810.58
7.02,0,0.066,13,101.02,1998,2,2,1,26,14.388263780088305,1239.76
12.79,0,0.045,13,161.31,2009,1,1,3,15,12.611211007739819,3777.1
14.12,1,0.041,8,156.9,2009,1,1,3,15,11.111111111111112,3313.58
12.56,2,0.032,13,135.83,2009,1,1,3,15,10.813629488098082,3203.43
13.22,1,0.157,9,115.95,2009,1,1,3,15,8.770138416156115,2946.39
14.16,0,0.01,15,139.42,2009,1,1,3,15,9.84534990466775,3638.13
11.61,1,0.035,8,96.42,1998,2,2,1,26,8.304194298510035,2181.04
16.71,0,0.154,4,157.73,1999,1,0,0,25,9.43869307641673,6497.24
13.67,0,0.119,3,164.43,1987,0,1,2,37,12.027649769585254,4039.27
14.06,0,0.056,5,209.76,1999,1,0,0,25,14.917857904843183,5053.99
11.37,2,0.07,5,137.1,2009,1,1,3,15,12.056987072377101,2959.87
13.27,0,0.066,13,184.35,1999,1,0,0,25,13.891191319418281,4357.43
13.0,0,0.03,0,128.38,2009,1,1,3,15,9.874625028843935,3150.29
11.72,2,0.054,5,121.49,2009,1,1,3,15,10.365156556607797,2718.95
9.72,0,0.013,0,121.49,1998,2,2,1,26,12.497685423310358,2267.15
15.57,0,0.021,2,188.4,1999,1,0,0,25,12.099415580245328,4958.29
17.29,0,0.018,0,183.51,1999,1,0,0,25,10.613035683303451,5247.29
14.45,1,0.017,9,175.47,1999,1,0,0,25,12.142412289806934,5041.31
15.51,0,0.123,0,162.52,1999,1,0,0,25,10.47772548513958,4415.94
14.39,0,0.047,6,158.65,1987,0,1,2,37,11.024251268153707,3058.74
13.2,2,0.008,6,171.82,1987,0,1,2,37,13.015680630255284,4084.74
12.31,1,0.129,9,105.99,2009,1,1,3,15,8.609373730809844,2536.09
15.27,0,0.015,5,178.72,1998,2,2,1,26,11.703228341300505,1123.57
10.5,0,0.083,4,116.64,1999,1,0,0,25,11.107513570136177,6634.22
13.2,0,0.125,4,150.37,2009,1,1,3,15,11.39080372699038,3644.17
11.29,1,0.133,8,170.93,2009,1,1,3,15,15.138605969356126,3633.14
12.74,0,0.039,1,148.4,2009,1,1,3,15,11.647437406796955,3500.19
11.18,2,0.046,15,102.45,1998,2,2,1,26,9.162865575529917,2207.51
10.73,0,0.053,4,113.31,1987,0,1,2,37,10.559127760693318,2328.56
9.5,0,0.01,13,111.24,1998,2,2,1,26,11.708241237764446,2008.6
15.61,2,0.044,3,172.4,1987,0,1,2,37,11.04349497149446,4640.98
13.84,0,0.28,4,113.31,2009,1,1,3,15,8.186547214796619,3031.13
12.47,2,0.053,10,173.88,2009,1,1,3,15,13.942747173442386,3962.26
12.56,0,0.023,10,134.11,2009,1,1,3,15,10.676697715150068,3167.84
13.39,1,0.175,8,160.31,2009,1,1,3,15,11.9714733776417,3892.72
11.97,0,0.022,6,111.78,2009,1,1,3,15,9.337565783977947,2578.16
11.18,0,0.093,6,137.91,2009,1,1,3,15,12.334317145156964,2932.75
15.16,1,0.046,9,145.42,2009,1,1,3,15,9.591715586043136,3987.28
10.82,0,0.057,2,154.82,2009,1,1,3,15,14.307365308197024,3198.34
9.48,1,0.043,8,102.74,1998,2,2,1,26,10.83640966142812,1829.24
11.9,1,0.142,8,100.77,1987,0,1,2,37,8.467355684396269,2335.69
12.89,0,0.047,14,198.96,1987,0,1,2,37,15.434023737491273,4568.58
16.39,0,0.078,0,183.04,1999,1,0,0,25,11.167103898480873,5035.81
9.24,0,0.045,6,130.95,1987,0,1,2,37,14.170544313385996,2351.89
9.92,1,0.141,8,94.98,1998,2,2,1,26,9.573631690353796,1769.82
9.85,2,0.044,10,96.8,1998,2,2,1,26,9.826413562074917,1791.63
9.08,2,0.032,0,150.59,2009,1,1,3,15,16.582975443233124,2719.57
12.52,0,0.024,0,160.88,2009,1,1,3,15,12.848813992492612,3705.89
12.37,1,0.038,9,129.99,2009,1,1,3,15,10.507638832754024,3040.88
13.44,2,0.142,14,150.33,2009,1,1,3,15,11.18443568186891,3699.68
11.43,0,0.108,6,141.98,2009,1,1,3,15,12.420610620243199,3073.45
9.79,1,0.088,9,176.71,2009,1,1,3,15,18.048207537534473,3412.52
15.48,2,0.057,6,148.8,1987,0,1,2,37,9.611782184613398,4127.88
14.63,0,0.066,13,135.4,2009,1,1,3,15,9.254323012781082,3662.1
14.34,1,0.047,9,199.55,1987,0,1,2,37,13.914650303326129,4909.67
14.58,0,0.054,5,139.7,2009,1,1,3,15,9.580961525272615,3739.56
10.12,1,0.039,8,152.58,2009,1,1,3,15,15.075585416460827,2995.26
13.16,0,0.019,0,160.93,2009,1,1,3,15,12.227794240559229,3853.02
13.12,2,0.029,3,142.39,2009,1,1,3,15,10.852069202042527,3463.33
12.72,0,0.053,0,147.1,2009,1,1,3,15,11.56355632418835,3469.8
12.04,0,0.022,13,147.49,2009,1,1,3,15,12.248982642637657,3324.8
12.01,0,0.016,4,131.45,2009,1,1,3,15,10.944134543335275,2989.68
16.6,0,0.123,5,199.63,1999,1,0,0,25,12.025179206071922,5421.81
11.37,0,0.079,13,108.22,1987,0,1,2,37,9.517192859027352,2368.69
9.4,0,0.067,10,133.71,1987,0,1,2,37,14.222955004786726,2444.93
11.39,0,0.026,3,118.84,2009,1,1,3,15,10.432797822842595,2591.42
11.54,2,0.032,5,117.75,2009,1,1,3,15,10.202755393813362,2491.34
14.96,0,0.062,4,250.14,1999,1,0,0,25,16.719470623621415,6083.39
13.54,2,0.093,0,113.6,2009,1,1,3,15,8.389336090392144,2968.81
13.9,0,0.056,0,151.03,2009,1,1,3,15,10.864685993813396,3815.91
10.68,0,0.017,3,96.41,1998,2,2,1,26,9.026308398090066,1970.82
16.51,2,0.075,7,129.85,2009,1,1,3,15,7.864454000363392,3972.95
16.29,2,0.184,5,217.94,1999,1,0,0,25,13.377938739181143,5726.19
10.06,0,0.031,6,134.53,2009,1,1,3,15,13.371434251068482,2611.62
13.08,2,0.027,13,155.88,2009,1,1,3,15,11.916520143719898,3730.67
14.83,2,0.148,0,181.27,1987,0,1,2,37,12.222372058526062,4645.4
11.62,2,0.054,3,136.42,2009,1,1,3,15,11.739093021254625,3001.97
14.84,1,0.11,9,167.73,1999,1,0,0,25,11.301799070143522,4371.59
13.87,0,0.129,13,142.63,2009,1,1,3,15,10.282603993944202,3637.27
8.62,1,0.049,8,141.9,1987,0,1,2,37,16.459807446931915,2436.2
14.14,0,0.104,4,156.29,2009,1,1,3,15,11.05225938759635,3979.1
14.24,0,0.135,5,101.53,2009,1,1,3,15,7.129415069166491,2881.17
12.45,1,0.056,9,83.69,1998,2,2,1,26,6.72154847000241,2111.07
9.94,0,0.184,5,92.19,1998,2,2,1,26,9.273714918016298,1717.23
8.62,0,0.11,13,74.28,1998,2,2,1,26,8.616169817886558,1052.83
19.4,0,0.059,5,152.22,1999,1,0,0,25,7.845987320241225,5083.67
10.15,2,0.031,6,90.96,1998,2,2,1,26,8.960693527731257,1739.39
12.51,0,0.039,10,122.83,2009,1,1,3,15,9.817760370873632,2926.07
11.46,0,0.11,7,129.89,2009,1,1,3,15,11.33321699677166,2833.62
13.35,2,0.16,0,157.45,2009,1,1,3,15,11.793124110553517,3823.63
11.12,0,0.16,3,139.1,2009,1,1,3,15,12.507867997482242,2945.6
11.95,0,0.08,15,129.5,2009,1,1,3,15,10.8359133126935,2934.91
12.34,1,0.062,8,150.26,2009,1,1,3,15,12.175674580666072,3448.7
12.71,0,0.079,6,136.62,2009,1,1,3,15,10.748170875619543,3252.0
11.8,0,0.033,6,158.74,2009,1,1,3,15,13.451402423523431,3500.18
15.4,0,0.039,5,156.01,1999,1,0,0,25,10.129861697292384,4257.16
15.78,1,0.067,8,186.35,1999,1,0,0,25,11.80850389709144,4963.64
11.13,2,0.088,4,135.51,2009,1,1,3,15,12.174108346060551,2873.38
13.0,0,0.111,13,133.1,2009,1,1,3,15,10.237674025074995,3246.94
13.71,1,0.176,8,116.67,2009,1,1,3,15,8.509226168769601,3071.14
13.09,0,0.041,4,134.57,2009,1,1,3,15,10.27958139179589,3296.43
16.07,0,0.033,13,185.45,1999,1,0,0,25,11.539418828946548,5012.4
12.25,0,0.051,7,161.77,2009,1,1,3,15,13.20463635621582,3663.02
12.44,0,0.022,13,133.88,2009,1,1,3,15,10.761192830158349,3136.58
10.74,0,0.13,14,107.17,1998,2,2,1,26,9.977655711758683,2205.39
6.95,0,0.079,3,50.13,1998,2,2,1,26,7.211911955114372,180.86
10.2,0,0.077,14,77.01,1998,2,2,1,26,7.549259876482699,1466.13
11.34,0,0.045,6,121.61,2009,1,1,3,15,10.72304029627017,2637.16
15.81,0,0.089,13,169.42,1987,0,1,2,37,10.715324773891593,4624.49
11.04,0,0.058,6,167.84,1999,1,0,0,25,15.201521601304233,5861.54
12.77,2,0.112,13,127.22,2009,1,1,3,15,9.961631822096939,3073.22
11.97,0,0.067,7,128.41,2009,1,1,3,15,10.726756327792163,2918.9
12.99,0,0.038,10,155.48,2009,1,1,3,15,11.968285736278961,3701.33
9.55,2,0.035,4,144.86,2009,1,1,3,15,15.166998220081668,2708.6
12.57,0,0.063,13,162.13,2009,1,1,3,15,12.89714422082571,3743.8
6.71,0,0.129,6,65.21,1998,2,2,1,26,9.71688272984652,436.31
12.13,0,0.023,4,159.75,2009,1,1,3,15,13.168741241447531,3595.73
12.35,2,0.038,3,124.56,1999,1,0,0,25,10.085013359242167,6140.27
12.22,2,0.094,0,125.86,2009,1,1,3,15,10.29866623025939,2922.47
12.86,0,0.095,0,178.17,1987,0,1,2,37,13.853510613482623,4138.18
10.81,2,0.036,13,121.88,2009,1,1,3,15,11.27370271020257,2522.03
15.0,2,0.016,6,164.02,1999,1,0,0,25,10.933937737484168,4331.07
13.6,1,0.039,9,114.12,2009,1,1,3,15,8.390559517682524,2993.4
12.21,2,0.174,6,172.5,2009,1,1,3,15,14.12660715748096,3873.49
15.98,1,0.042,9,195.42,1999,1,0,0,25,12.228271071897877,5194.84
11.66,0,0.051,13,188.11,1987,0,1,2,37,16.13154960981048,4068.97
8.43,2,0.073,13,135.37,1998,2,2,1,26,16.05622108883881,2259.49
11.41,0,0.025,3,144.89,2009,1,1,3,15,12.697397248269214,5209.49
15.79,0,0.073,6,181.99,1987,0,1,2,37,11.524919257805081,4878.66
14.73,0,0.072,15,179.27,1987,0,1,2,37,12.169574366981196,4582.71
16.35,1,0.086,9,142.58,1987,0,1,2,37,8.719955965995963,4196.67
12.11,1,0.014,9,124.62,2009,1,1,3,15,10.289819172652962,2871.13
11.43,2,0.143,7,104.91,1987,0,1,2,37,9.177674744116876,2315.21
11.48,0,0.106,0,132.64,2009,1,1,3,15,11.553000609702986,2894.0
9.52,0,0.113,0,85.56,1998,2,2,1,26,8.9864510030459,1486.47
11.91,2,0.015,13,153.02,2009,1,1,3,15,12.84694819914365,3408.55
10.33,2,0.054,14,151.65,1998,2,2,1,26,14.679121091859454,1185.08
15.05,2,0.044,10,165.04,1999,1,0,0,25,10.965384359843199,4364.07
14.63,2,0.077,5,193.81,1987,0,1,2,37,13.24653133757091,4857.25
13.3,1,0.093,8,158.62,2009,1,1,3,15,11.925419141417938,3837.37
11.4,0,0.016,4,118.04,2009,1,1,3,15,10.353477765108325,2577.08
11.49,0,0.12,0,129.33,2009,1,1,3,15,11.254895135323299,2829.07
14.07,0,0.111,13,185.51,1998,2,2,1,26,13.1838533153294,1489.42
14.93,2,0.007,6,141.63,2009,1,1,3,15,9.485633916013663,3858.15
16.56,0,0.106,6,159.4,1987,0,1,2,37,9.625022643560172,4589.83
10.92,1,0.116,9,132.16,2009,1,1,3,15,12.101455910630895,2756.93
14.74,0,0.204,14,168.07,1999,1,0,0,25,11.40153313886439,4355.54
13.95,1,0.021,8,111.9,2009,1,1,3,15,8.020930399254535,3027.72
12.9,0,0.15,4,129.8,2009,1,1,3,15,10.061235563134641,3157.23
9.96,0,0.047,5,136.53,2009,1,1,3,15,13.706455175183214,2630.07
10.99,1,0.012,8,170.4,2009,1,1,3,15,15.503593849513239,3556.0
18.73,2,0.124,4,168.5,1999,1,0,0,25,8.995782392824728,5265.84
17.73,0,0.032,13,214.33,1999,1,0,0,25,12.087868704528791,5976.67
12.72,0,0.071,5,164.03,2009,1,1,3,15,12.89442653879412,3816.69
13.4,0,0.047,5,178.15,1987,0,1,2,37,13.293784045966719,3020.84
15.18,0,0.104,4,154.63,1987,0,1,2,37,10.185758513931889,4180.54
14.67,0,0.029,10,175.26,1999,1,0,0,25,11.946015949833004,4486.56
11.39,0,0.034,6,137.21,2009,1,1,3,15,12.045474497410236,2966.09
11.74,0,0.176,7,137.3,2009,1,1,3,15,11.69406353802913,3048.91
14.48,0,0.089,1,195.27,1987,0,1,2,37,13.484565983012224,4854.34
11.53,2,0.036,3,102.32,1998,2,2,1,26,8.873471511577486,2285.44
11.68,2,0.044,0,141.82,2009,1,1,3,15,12.141083811317525,3126.36
11.36,2,0.112,13,157.67,2009,1,1,3,15,13.878179737699146,3379.19
12.14,2,0.014,0,140.33,2009,1,1,3,15,11.558355983856355,3200.56
12.02,2,0.013,14,201.24,1999,1,0,0,25,16.740703768405293,4419.17
9.49,0,0.055,13,140.55,2009,1,1,3,15,14.808766199557477,2605.92
17.93,2,0.046,6,141.15,1987,0,1,2,37,7.871842061234733,4524.57
11.09,2,0.039,0,129.84,2009,1,1,3,15,11.70678928861239,2747.25
15.25,0,0.138,14,191.9,1987,0,1,2,37,12.582781456953644,3547.55
11.94,1,0.041,8,153.82,2009,1,1,3,15,12.881668201993133,3431.83
10.46,2,0.047,0,119.9,1987,0,1,2,37,11.461619348054679,2403.26
14.44,1,0.062,9,205.48,1999,1,0,0,25,14.22893151443806,5052.78
13.75,0,0.161,4,196.84,1987,0,1,2,37,14.314595302159844,4721.42
11.93,0,0.067,1,143.48,2009,1,1,3,15,12.02581510351186,3216.58
13.71,0,0.175,4,123.9,2009,1,1,3,15,9.036540004376048,3218.7
12.56,0,0.084,10,126.16,2009,1,1,3,15,10.043786322745005,3005.68
11.48,0,0.074,2,120.47,1998,2,2,1,26,10.492988415643236,657.14
15.3,0,0.093,2,201.26,1999,1,0,0,25,13.153388667407357,5161.01
8.9,2,0.223,13,146.94,2009,1,1,3,15,16.5082574991574,2602.9
11.5,2,0.034,6,115.67,2009,1,1,3,15,10.057386314233545,2550.82
10.54,1,0.138,8,111.69,1998,2,2,1,26,10.59576890238118,2252.34
9.5,2,0.11,6,96.12,1998,2,2,1,26,10.116829807388697,1699.26
12.79,1,0.041,8,160.14,2009,1,1,3,15,12.519740442498632,3753.22
15.13,0,0.099,10,148.98,1987,0,1,2,37,9.846011499570418,4914.05
11.83,2,0.046,6,149.38,2009,1,1,3,15,12.626151635533768,3314.39
9.94,0,0.032,4,173.45,2009,1,1,3,15,17.447942862891058,3381.35
11.35,0,0.032,6,118.98,2009,1,1,3,15,10.481895868205445,2584.33
15.38,1,0.062,8,207.44,1999,1,0,0,25,13.48676939080684,5305.52
12.46,0,0.017,7,106.03,2009,1,1,3,15,8.508947917502608,2550.85
12.6,1,0.052,9,122.98,2009,1,1,3,15,9.759542893421157,2949.61
14.79,0,0.014,6,175.33,1987,0,1,2,37,11.853830031776083,4516.25
9.97,0,0.038,10,137.62,2009,1,1,3,15,13.802025875037609,2655.24
10.4,0,0.039,4,131.98,2009,1,1,3,15,12.689164503413133,2635.72
13.24,0,0.047,10,125.49,2009,1,1,3,15,9.477380862472623,3144.3
16.37,2,0.128,0,196.98,1999,1,0,0,25,12.032252153197726,5314.57
15.23,2,0.012,0,187.84,1987,0,1,2,37,12.332742433195458,4870.4
11.65,0,0.063,6,123.93,2009,1,1,3,15,10.636855205561755,2752.96
12.17,0,0.047,3,151.19,2009,1,1,3,15,12.422151014707092,2143.77
12.09,0,0.039,13,171.5,2009,1,1,3,15,14.184103878918204,3826.91
13.79,0,0.118,4,125.94,2009,1,1,3,15,9.132042636502067,3277.81
10.21,0,0.038,0,97.63,1998,2,2,1,26,9.561257467437077,1890.83
14.86,0,0.012,14,184.22,1987,0,1,2,37,12.396204831437993,4712.88
13.35,0,0.034,0,138.98,2009,1,1,3,15,10.409707138042094,3445.02
12.07,2,0.035,3,155.54,2009,1,1,3,15,12.88542788501367,3495.09
9.74,1,0.097,8,95.46,1998,2,2,1,26,9.799815214043733,1739.07
15.45,0,0.069,5,161.96,1999,1,0,0,25,10.482169438871273,4391.3
9.45,2,0.083,5,133.99,1987,0,1,2,37,14.17733573166861,2463.32
11.82,0,0.025,5,78.52,1998,2,2,1,26,6.642416039252178,1862.85
10.51,0,0.043,0,121.81,1987,0,1,2,37,11.588811721054135,2453.04
14.05,0,0.026,5,148.45,2009,1,1,3,15,10.565084335634474,3796.94
16.04,0,0.054,13,173.2,1987,0,1,2,37,10.797331837167258,4753.32
11.48,0,0.074,7,101.99,1998,2,2,1,26,8.88337252852539,2265.79
17.79,2,0.007,14,211.89,1999,1,0,0,25,11.909954471361923,3999.51
13.16,0,0.031,13,178.14,1999,1,0,0,25,13.535445634830179,4203.34
10.64,2,0.178,3,120.48,1987,0,1,2,37,11.322244149985904,2456.1
12.45,0,0.123,10,181.21,1987,0,1,2,37,14.553851096297489,4105.78
11.41,0,0.061,13,137.23,2009,1,1,3,15,12.026115152046271,2971.04
12.49,1,0.019,8,133.8,2009,1,1,3,15,10.711712432951726,3145.81
10.36,0,0.044,4,132.59,2009,1,1,3,15,12.797027313965835,2640.35
9.57,1,0.079,9,172.1,1999,1,0,0,25,17.98140215233518,6524.12
12.5,0,0.03,0,155.12,2009,1,1,3,15,12.408607311415087,3583.24
11.2,0,0.032,13,96.67,1998,2,2,1,26,8.630479421480226,2095.15
10.2,0,0.088,13,92.62,1998,2,2,1,26,9.079502009606903,1785.64
12.0,0,0.058,14,110.21,2009,1,1,3,15,9.183401383218065,2551.99
13.37,0,0.064,14,143.54,2009,1,1,3,15,10.735173135891108,3543.33
11.79,0,0.021,13,126.98,2009,1,1,3,15,10.76923076923077,2848.37
9.38,0,0.128,6,127.45,1987,0,1,2,37,13.585971644813986,2312.15
9.77,0,0.035,3,154.41,2009,1,1,3,15,15.802886091495242,2952.72
16.19,2,0.006,10,123.22,2009,1,1,3,15,7.610400839972823,3766.21
12.06,2,0.025,0,169.22,2009,1,1,3,15,14.030345742475749,3772.41
9.85,2,0.018,0,126.73,1987,0,1,2,37,12.864683788447875,2405.44
10.78,1,0.118,9,100.72,1998,2,2,1,26,9.342361562007236,2082.07
13.98,2,0.106,5,118.7,2009,1,1,3,15,8.490093698590945,3173.34
13.48,2,0.113,7,166.99,1987,0,1,2,37,12.387063274237818,4048.07
12.1,1,0.076,9,113.74,2009,1,1,3,15,9.399223204693827,2647.78
10.09,0,0.012,0,105.52,1998,2,2,1,26,10.456842731146567,2025.81
11.66,2,0.034,5,141.28,2009,1,1,3,15,12.115599005231113,3111.45
14.0,0,0.13,3,130.85,2009,1,1,3,15,9.34576101707021,3427.77
11.42,1,0.021,8,176.93,2009,1,1,3,15,15.491638210314335,3785.98
12.38,0,0.015,13,155.8,2009,1,1,3,15,12.58379775462402,3571.85
12.51,0,0.093,7,172.55,2009,1,1,3,15,13.791863160418833,3942.89
10.38,0,0.013,1,84.65,1998,2,2,1,26,8.15432039302572,1662.46
13.18,0,0.053,4,152.28,2009,1,1,3,15,11.552992944389652,3680.13
13.03,0,0.031,13,135.35,2009,1,1,3,15,10.38677000997621,3298.63
14.73,0,0.177,13,224.93,1998,2,2,1,26,15.269160274251579,2186.08
13.19,0,0.069,4,117.82,2009,1,1,3,15,8.93184747176105,2976.17
13.25,0,0.065,6,160.72,2009,1,1,3,15,12.128895932382463,3869.27
15.61,2,0.031,4,145.71,1987,0,1,2,37,9.33380308756646,4094.24
12.28,2,0.132,6,133.39,1998,2,2,1,26,10.861493363732595,639.55
15.33,1,0.123,8,179.08,1987,0,1,2,37,11.68090796425543,4714.35
13.13,0,0.086,13,161.03,2009,1,1,3,15,12.263346279795902,3848.48
11.27,0,0.019,5,150.47,2009,1,1,3,15,13.350190755035047,3211.77
12.52,1,0.186,8,146.78,2009,1,1,3,15,11.722705854165003,3418.77
12.66,2,0.136,0,129.26,2009,1,1,3,15,10.209304162388436,3091.45
11.91,1,0.045,9,122.21,2009,1,1,3,15,10.260263621862144,2777.43
17.0,1,0.064,8,225.18,1999,1,0,0,25,13.24510322922181,6034.1
10.79,1,0.084,8,89.06,1998,2,2,1,26,8.253173941247336,1845.57
9.58,2,0.071,0,153.74,2009,1,1,3,15,16.04634171798351,2895.58
10.71,2,0.017,0,64.68,1998,2,2,1,26,6.038651853234993,1329.18
9.42,0,0.006,2,116.4,1998,2,2,1,26,12.355376287018364,2095.91
11.36,0,0.004,13,143.24,2009,1,1,3,15,12.60804506645542,3084.38
10.12,0,0.065,13,115.4,1998,2,2,1,26,11.402035371998817,2232.59
8.26,2,0.081,3,123.63,1998,2,2,1,26,14.965500544728242,1981.74
13.41,0,0.019,13,150.5,2009,1,1,3,15,11.222131086421594,3695.3
15.11,0,0.09,6,158.54,1999,1,0,0,25,10.49169479187347,4243.06
9.88,0,0.11,4,94.05,1998,2,2,1,26,9.518267381843943,1741.57
11.66,0,0.013,0,162.76,2009,1,1,3,15,13.957636566332217,3550.3
15.81,0,0.172,10,124.71,2009,1,1,3,15,7.887546644741002,3710.66
11.11,0,0.026,0,155.19,2009,1,1,3,15,13.967239672396726,3271.72
13.72,1,0.011,8,144.14,2009,1,1,3,15,10.505065228481888,3635.54
11.33,0,0.041,10,124.97,2009,1,1,3,15,11.029035389639043,2703.31
16.57,2,0.046,10,201.92,1999,1,0,0,25,12.185142719208253,5461.78
13.09,0,0.038,10,176.27,1987,0,1,2,37,13.4649759376671,4150.5
12.2,0,0.039,7,118.88,2009,1,1,3,15,9.74346365052045,2774.96
8.28,2,0.094,3,146.49,1987,0,1,2,37,17.689892525057363,2453.27
14.04,0,0.156,0,118.63,2009,1,1,3,15,8.448828431023433,3185.66
14.52,0,0.044,6,171.66,1999,1,0,0,25,11.82149989670133,4379.86
11.31,0,0.037,4,159.43,2009,1,1,3,15,14.095128635841217,3404.02
12.16,0,0.152,4,148.14,2009,1,1,3,15,12.181564016117095,3365.46
14.08,0,0.162,3,127.79,2009,1,1,3,15,9.075349762090761,3381.6
13.84,2,0.118,6,153.96,2009,1,1,3,15,11.123473737446718,3863.96
14.33,0,0.128,14,123.3,2009,1,1,3,15,8.60372618798409,3346.17
14.32,1,0.103,8,153.19,2009,1,1,3,15,10.696878709587319,3955.22
8.31,0,0.078,14,85.35,1998,2,2,1,26,10.26952231981711,1209.07
11.07,0,0.068,14,160.15,2009,1,1,3,15,14.46572125372595,3363.62
11.52,0,0.051,13,96.64,1998,2,2,1,26,8.388160749934903,2167.24
15.93,0,0.035,6,176.84,1987,0,1,2,37,11.100370347121965,4802.86
14.09,2,0.183,7,117.92,2009,1,1,3,15,8.368462138953943,3181.9
13.96,1,0.123,9,164.56,1999,1,0,0,25,11.78712126638493,6313.22
10.96,2,0.035,1,181.43,2009,1,1,3,15,16.55232186844266,3774.04
14.98,1,0.086,8,116.36,2009,1,1,3,15,7.7671717508844536,3352.54
10.99,2,0.061,10,98.97,1998,2,2,1,26,9.004640160131016,2094.43
7.65,0,0.019,3,126.46,1998,2,2,1,26,16.528558358384522,1901.23
11.52,2,0.131,14,161.47,2009,1,1,3,15,14.015276451696902,3492.96
14.91,2,0.014,10,202.3,1999,1,0,0,25,13.567165180068407,5027.1
8.59,2,0.057,0,144.68,1987,0,1,2,37,16.84087999068793,2487.05
15.33,2,0.01,5,172.3,1987,0,1,2,37,11.238666753636425,4574.95
11.94,2,0.074,5,126.12,2009,1,1,3,15,10.561929486642661,2864.2
17.14,2,0.031,10,206.22,1999,1,0,0,25,12.030803337028177,5678.29
13.76,0,0.034,3,132.72,2009,1,1,3,15,9.644647918029213,3410.72
11.54,0,0.037,10,157.41,2009,1,1,3,15,13.63919937613725,3414.84
12.46,2,0.076,5,145.51,2009,1,1,3,15,11.677232966856591,3377.95
11.2,0,0.045,13,131.31,2009,1,1,3,15,11.723060441032052,2803.16
11.55,1,0.037,8,117.57,1999,1,0,0,25,10.178339537702362,6197.68
14.8,0,0.051,13,199.65,1999,1,0,0,25,13.488953449091278,5015.3
11.28,1,0.031,8,103.88,1998,2,2,1,26,9.208403510327098,2258.95
12.34,1,0.061,9,159.88,2009,1,1,3,15,12.95519001701645,3645.03
14.03,0,0.039,10,121.62,2009,1,1,3,15,8.667949540303615,3244.95
12.04,2,0.132,3,135.04,2009,1,1,3,15,11.215015364172412,3068.91
13.42,1,0.056,9,192.68,1998,2,2,1,26,14.356605320020863,661.87
9.37,0,0.111,4,135.92,1987,0,1,2,37,14.504321843986768,2484.71
11.95,0,0.036,4,122.77,2009,1,1,3,15,10.27278052045854,2797.89
14.23,0,0.022,0,168.63,1999,1,0,0,25,11.849483521888834,4251.65
15.11,0,0.032,6,204.18,1999,1,0,0,25,13.51201111772881,5179.13
11.33,2,0.103,10,130.86,2009,1,1,3,15,11.548848292295474,2823.85
7.18,2,0.108,5,111.69,1998,2,2,1,26,15.553544074641415,1492.4
12.92,2,0.054,13,161.9,2009,1,1,3,15,12.529989938859222,3817.72
11.47,0,0.178,10,194.61,1987,0,1,2,37,16.965390985964607,4159.9
11.62,0,0.014,7,140.0,2009,1,1,3,15,12.04715601067034,3076.39
9.68,2,0.041,10,160.78,2009,1,1,3,15,16.60778845160624,3061.6
13.1,0,0.034,0,167.11,2009,1,1,3,15,12.755514846194949,3964.21
11.62,0,0.184,14,135.03,2009,1,1,3,15,11.619481972291542,2974.58
10.98,2,0.045,0,59.3,1998,2,2,1,26,5.40023677260723,1280.99
14.08,1,0.048,8,121.62,2009,1,1,3,15,8.637170655493218,3256.49
7.94,0,0.036,5,150.78,1987,0,1,2,37,18.98753305629014,2464.78
12.15,1,0.042,8,93.63,1998,2,2,1,26,7.7055386387951605,2246.04
13.01,0,0.013,0,152.14,2009,1,1,3,15,11.693182691568673,3637.71
12.57,2,0.027,10,136.22,2009,1,1,3,15,10.836051229019171,5117.7
13.96,2,0.081,14,161.59,1987,0,1,2,37,11.574385788983598,4046.64
13.46,0,0.014,4,192.81,1987,0,1,2,37,14.323601515489191,4571.47
11.36,0,0.045,7,122.44,2009,1,1,3,15,10.777220315113107,2658.01
13.12,0,0.056,14,180.78,1999,1,0,0,25,13.777913268805733,4249.95
15.08,0,0.031,6,173.85,1987,0,1,2,37,11.52775014919435,4550.82
11.75,0,0.035,6,197.72,1999,1,0,0,25,16.8258020593992,4286.72
14.65,2,0.065,14,147.63,2009,1,1,3,15,10.076445293836597,3916.42
14.24,0,0.021,5,184.56,1987,0,1,2,37,12.959764061512535,4580.86
15.09,2,0.105,13,194.86,1987,0,1,2,37,12.912331853422572,4981.8
15.03,2,0.025,5,140.39,2009,1,1,3,15,9.3400306034196,3854.61
12.49,2,0.01,6,144.1,2009,1,1,3,15,11.536306140421104,3356.05
18.27,1,0.053,8,198.07,1999,1,0,0,25,10.840676481856493,5767.82
12.26,0,0.046,0,96.74,1987,0,1,2,37,7.890057907185384,2334.68
16.6,0,0.056,3,170.27,1999,1,0,0,25,10.256611047527256,4820.03
17.14,2,0.036,6,204.78,1999,1,0,0,25,11.946794236042237,5648.58
10.38,2,0.091,10,132.31,2009,1,1,3,15,12.745400250457566,2638.73
14.21,1,0.089,8,161.9,1987,0,1,2,37,11.39258321018929,4108.96
14.64,0,0.139,0,126.49,2009,1,1,3,15,8.639437196912779,3481.48
11.01,0,0.125,6,190.92,2009,1,1,3,15,17.339024611751885,3980.23
12.09,0,0.07,6,138.11,2009,1,1,3,15,11.422545695145152,3143.83
15.48,0,0.012,4,199.52,1999,1,0,0,25,12.888056327110652,5165.52
10.93,1,0.085,8,136.04,2009,1,1,3,15,12.44533894428689,2838.93
10.95,0,0.063,7,173.24,2009,1,1,3,15,15.819559857547258,3605.53
11.32,0,0.043,1,145.65,2009,1,1,3,15,12.865471248122958,3124.23
13.45,2,0.057,3,141.55,2009,1,1,3,15,10.523381161251953,3520.81
13.29,0,0.06,13,112.89,2009,1,1,3,15,8.49371755323151,2898.97
13.88,1,0.27,9,164.6,1987,0,1,2,37,11.85793530725452,4090.87
10.68,1,0.106,9,102.64,1998,2,2,1,26,9.609587117311113,2098.85
12.4,0,0.021,0,114.35,2009,1,1,3,15,9.221030562051448,2727.71
8.52,0,0.027,13,167.62,2009,1,1,3,15,19.671400070414272,2940.48
15.06,0,0.081,10,160.46,1999,1,0,0,25,10.654007038045282,4272.14
13.65,2,0.038,3,143.94,2009,1,1,3,15,10.544282470148707,3614.76
11.65,0,0.063,14,154.33,2009,1,1,3,15,13.246073298429321,3376.47
10.05,0,0.014,4,109.17,1998,2,2,1,26,10.861605810367127,2091.17
8.04,1,0.077,8,101.64,1998,2,2,1,26,12.640218878248977,1481.58
14.14,0,0.061,4,133.45,2009,1,1,3,15,9.437097800721306,3511.93
10.44,1,0.012,8,141.51,2009,1,1,3,15,13.553299492385788,2840.46
12.63,1,0.05,9,207.07,1987,0,1,2,37,16.39379304884807,4677.12
11.27,0,0.123,7,116.22,2009,1,1,3,15,10.311418685121108,2509.49
12.61,1,0.076,8,122.09,2009,1,1,3,15,9.681230671635875,2933.31
12.3,2,0.17,3,138.71,2009,1,1,3,15,11.27631899845541,3202.28
12.14,0,0.04,13,108.23,2009,1,1,3,15,8.914422205749116,2543.54
13.58,0,0.104,0,130.78,2009,1,1,3,15,9.62962962962963,3330.43
10.49,1,0.082,8,106.12,1998,2,2,1,26,10.115336955485654,2126.41
11.09,0,0.045,13,143.38,2009,1,1,3,15,12.927598954106934,1561.06
15.89,0,0.079,7,163.86,1987,0,1,2,37,10.311497073815367,4530.22
15.63,1,0.123,9,173.89,1987,0,1,2,37,11.12468811976201,4675.56
13.3,2,0.036,6,148.12,2009,1,1,3,15,11.136004811668295,3620.96
14.23,0,0.072,4,149.17,2009,1,1,3,15,10.482046237088046,3853.96
12.45,2,0.025,6,166.5,2009,1,1,3,15,13.372419885952937,3805.5
10.76,0,0.024,13,143.58,2009,1,1,3,15,13.342626149986064,2953.85
11.41,0,0.059,5,146.17,2009,1,1,3,15,12.809569713434405,3153.86
15.05,0,0.076,14,128.5,2009,1,1,3,15,8.537638695103315,3616.34
9.73,2,0.06,6,104.76,1998,2,2,1,26,10.765594491830234,1928.3
12.7,0,0.06,0,121.86,2009,1,1,3,15,9.594520116526258,2948.86
9.11,0,0.016,6,93.27,1998,2,2,1,26,10.237076061903196,1553.3
7.96,0,0.034,6,86.72,1998,2,2,1,26,10.893103881421931,1159.75
14.38,2,0.035,2,174.47,1999,1,0,0,25,12.131979695431472,4404.59
13.73,2,0.065,13,146.79,2009,1,1,3,15,10.69040856456194,3692.06
12.73,0,0.034,6,154.23,2009,1,1,3,15,12.114523603801743,3618.43
12.27,2,0.066,6,127.65,2009,1,1,3,15,10.402575177247169,2970.76
10.85,0,0.036,6,125.42,2009,1,1,3,15,11.55838171597088,2603.19
14.46,1,0.045,8,135.14,2009,1,1,3,15,9.345135191203926,3619.4
8.67,1,0.18,9,104.04,1998,2,2,1,26,11.998616076577097,1674.24
12.35,0,0.093,0,158.43,2009,1,1,3,15,12.827301433082344,3618.78
14.41,0,0.227,10,169.72,1999,1,0,0,25,11.777114704045522,4314.66
10.29,0,0.121,6,152.06,2009,1,1,3,15,14.776017879700712,3023.14
12.04,0,0.093,3,166.15,2009,1,1,3,15,13.798687816626527,3705.28
16.89,0,0.072,10,186.53,1999,1,0,0,25,11.04315907879936,5219.36
8.7,1,0.141,9,75.46,1987,0,1,2,37,8.672566371681416,4483.74
13.11,1,0.089,8,166.4,2009,1,1,3,15,12.69163297994051,3952.79
9.57,1,0.017,9,157.73,2009,1,1,3,15,16.479991641416778,2974.97
10.22,2,0.08,0,135.08,2009,1,1,3,15,13.215927991390275,2659.27
11.83,0,0.019,15,185.24,1998,2,2,1,26,15.657171836700195,715.02
16.72,0,0.021,13,174.48,1999,1,0,0,25,10.434782608695652,4933.27
13.09,1,0.043,9,166.92,2009,1,1,3,15,12.750744786494538,3959.48
10.82,1,0.165,11,124.54,2009,1,1,3,15,11.509102670732835,2578.88
14.28,0,0.03,10,176.42,1999,1,0,0,25,12.353476647293608,4422.5
11.97,0,0.008,0,140.76,2009,1,1,3,15,11.758416172416673,3170.25
11.43,0,0.058,0,154.98,2009,1,1,3,15,13.55786895284752,3339.24
8.83,2,0.128,13,93.56,1998,2,2,1,26,10.594496659494961,1494.79
11.7,0,0.032,3,155.57,2009,1,1,3,15,13.295444833774893,3413.37
16.6,2,0.193,0,190.12,1999,1,0,0,25,11.452322149268115,5225.93
11.63,0,0.043,10,141.38,2009,1,1,3,15,12.155446651190783,3106.32
12.33,1,0.007,8,175.13,2009,1,1,3,15,14.202416673424702,3956.26
16.68,2,0.03,5,166.75,1987,0,1,2,37,9.996403093339728,4767.62
8.72,2,0.076,6,120.93,1998,2,2,1,26,13.866529067767459,2029.95
14.61,2,0.056,4,166.68,1999,1,0,0,25,11.407843405653276,4297.68
11.92,1,0.125,9,106.3,1987,0,1,2,37,8.91703716131197,2454.49
10.25,1,0.128,8,115.45,1998,2,2,1,26,11.262315871622281,2263.13
9.53,0,0.091,10,117.41,1998,2,2,1,26,12.318749344245097,2140.46
12.04,2,0.091,13,126.95,2009,1,1,3,15,10.543144257121503,2903.34
13.17,1,0.031,11,217.45,1998,2,2,1,26,16.509756282742387,998.21
12.54,2,0.102,3,199.49,1987,0,1,2,37,15.907024958137312,4500.36
6.42,0,0.046,6,122.2,1998,2,2,1,26,19.03130353527488,1536.78
14.51,2,0.068,5,116.12,2009,1,1,3,15,8.00220522362346,3240.77
13.72,0,0.088,1,124.37,1999,1,0,0,25,9.064208148094162,6318.47
11.5,0,0.081,0,142.71,2009,1,1,3,15,12.408486218589688,3103.4
12.34,0,0.129,14,177.42,1987,0,1,2,37,14.376468681630337,4004.24
15.45,1,0.073,8,174.69,1987,0,1,2,37,11.30606433240567,4651.98
14.51,2,0.021,10,143.07,2009,1,1,3,15,9.859416994004548,3792.01
14.26,1,0.024,8,157.31,1987,0,1,2,37,11.030783255031205,4027.85
11.33,0,0.141,14,158.86,2009,1,1,3,15,14.019945282852353,3396.98
12.88,2,0.037,0,152.5,2009,1,1,3,15,11.83914292368605,3615.68
12.46,2,0.035,10,148.49,2009,1,1,3,15,11.91637910280074,3438.81
16.03,0,0.053,5,180.73,1999,1,0,0,25,11.273782047283387,4905.03
11.28,0,0.161,6,114.78,1987,0,1,2,37,10.174629908696039,2482.92
9.02,2,0.033,6,127.08,1998,2,2,1,26,14.087130029930165,2224.43
9.88,0,0.03,13,78.94,1998,2,2,1,26,7.989069932193098,1433.45
14.18,2,0.087,5,153.99,2009,1,1,3,15,10.858895705521475,3941.76
13.45,1,0.173,9,181.9,1999,1,0,0,25,13.523158129507102,4347.2
10.21,2,0.025,6,139.46,2009,1,1,3,15,13.657819998041328,2745.84
10.96,1,0.011,11,106.66,1998,2,2,1,26,9.730863972265304,2244.35
13.11,1,0.041,9,150.25,2009,1,1,3,15,11.459842880024407,3621.96
8.98,0,0.085,14,114.61,1998,2,2,1,26,12.76138514642022,1959.01
11.8,1,0.046,11,126.14,1998,2,2,1,26,10.688924667401068,578.93
13.82,1,0.035,9,151.48,2009,1,1,3,15,10.960133130743072,4481.31
14.97,0,0.019,4,190.03,1987,0,1,2,37,12.693206866608778,4857.19
13.95,2,0.046,5,145.36,2009,1,1,3,15,10.419324779585695,3713.12
9.92,1,0.015,9,113.94,1998,2,2,1,26,11.48472936195948,2158.8
12.84,1,0.02,9,131.99,2009,1,1,3,15,10.278794486410717,3187.56
12.54,0,0.045,10,172.34,2009,1,1,3,15,13.742125827286502,3946.6
14.07,2,0.042,6,196.37,1987,0,1,2,37,13.95565347167934,4783.41
11.48,0,0.014,6,136.32,2009,1,1,3,15,11.873530180297884,2968.65
12.34,1,0.087,8,156.41,2009,1,1,3,15,12.674013451097967,3573.63
13.93,0,0.037,7,164.37,1987,0,1,2,37,11.79886583877683,4097.06
7.9,2,0.131,13,120.62,1998,2,2,1,26,15.26642197190229,1839.64
10.76,2,0.055,5,157.81,2009,1,1,3,15,14.664993959669177,1740.27
14.53,0,0.071,13,138.65,2009,1,1,3,15,9.541669534099512,3705.06
13.15,0,0.053,6,199.53,1987,0,1,2,37,15.172230248650292,4639.9
11.65,0,0.045,5,105.07,1987,0,1,2,37,9.018110033473521,2368.96
9.86,1,0.034,9,113.58,1998,2,2,1,26,11.518101612412535,2138.25
12.58,2,0.077,5,129.5,2009,1,1,3,15,10.293299419759956,3077.8
12.71,1,0.093,9,150.64,2009,1,1,3,15,11.851152545039728,3539.77
11.09,0,0.063,1,135.74,2009,1,1,3,15,12.238752141375892,2868.02
14.98,0,0.011,5,241.12,1999,1,0,0,25,16.09505373473066,5905.44
12.91,1,0.029,9,153.4,2009,1,1,3,15,11.88134149175122,3641.88
11.45,2,0.078,4,127.67,1999,1,0,0,25,11.149244607457865,6725.47
9.61,0,0.011,13,134.49,2009,1,1,3,15,13.99334096347935,2508.55
13.39,2,0.072,0,125.38,2009,1,1,3,15,9.363005003360465,3177.17
15.41,0,0.121,4,181.15,1987,0,1,2,37,11.754590876646551,4774.06
12.5,0,0.063,5,163.97,2009,1,1,3,15,13.116550675945925,3765.35
9.83,2,0.031,5,137.1,2009,1,1,3,15,13.945682026243515,2612.87
15.59,2,0.05,6,180.74,1987,0,1,2,37,11.59258546597396,4806.88
13.49,1,0.074,11,93.44,2009,1,1,3,15,6.926098880735305,2546.18
12.45,0,0.025,4,166.62,2009,1,1,3,15,13.38205766605092,3809.28
12.55,0,0.188,10,160.6,2009,1,1,3,15,12.795793163891323,3708.5
8.98,1,0.052,9,110.57,1998,2,2,1,26,12.311546598374346,1878.07
13.65,0,0.091,6,153.58,2009,1,1,3,15,11.250457841916344,3812.09
12.59,2,0.026,14,163.47,2009,1,1,3,15,12.983083154634263,3774.53
9.44,1,0.067,9,117.62,1998,2,2,1,26,12.458426014193414,2124.37
10.83,0,0.017,4,137.39,2009,1,1,3,15,12.684885975440864,2843.24
15.83,2,0.122,6,155.41,1999,1,0,0,25,9.816815109595098,4343.19
16.34,0,0.03,5,147.96,1999,1,0,0,25,9.054525426840463,4305.39
13.28,2,0.137,0,157.24,2009,1,1,3,15,11.83946991943378,3804.07
12.95,0,0.008,2,144.94,2009,1,1,3,15,11.191413790440894,3477.81
11.58,0,0.102,14,161.45,2009,1,1,3,15,13.940937742854675,2637.01
13.0,0,0.038,6,156.84,2009,1,1,3,15,12.063687408660874,3732.08
11.36,2,0.057,10,120.57,2009,1,1,3,15,10.612622128333774,2618.68
12.49,1,0.057,11,134.26,2009,1,1,3,15,10.74853894804259,3154.55
15.14,0,0.051,5,148.7,1987,0,1,2,37,9.821015784954758,4050.37
12.83,0,0.162,0,147.06,2009,1,1,3,15,11.461304652794015,3492.86
11.11,2,0.023,7,161.74,2009,1,1,3,15,14.556745567455676,3404.92
13.13,2,0.013,7,125.84,2009,1,1,3,15,9.58342852791105,3128.35
14.91,2,0.038,13,149.75,1987,0,1,2,37,10.042921333243914,4019.09
14.14,0,0.058,14,153.07,2009,1,1,3,15,10.824552719043915,3913.96
11.54,0,0.054,2,118.11,2009,1,1,3,15,10.23394853132311,2609.55
12.59,0,0.108,10,148.3,2009,1,1,3,15,11.778254308633151,3464.72
8.07,0,0.027,12,110.26,1998,2,2,1,26,13.661256349894686,2295.72
12.85,1,0.052,8,172.51,1987,0,1,2,37,13.423858065520193,4709.94
14.19,2,0.126,10,157.81,1987,0,1,2,37,11.12042844056092,4022.32
10.43,1,0.025,8,130.29,2009,1,1,3,15,12.490652861662353,2607.58
11.48,2,0.042,13,146.91,2009,1,1,3,15,12.79592370002613,3186.57
11.51,0,0.038,6,98.6,1998,2,2,1,26,8.565719746329599,2204.77
16.3,1,0.041,9,226.94,1999,1,0,0,25,13.9218452855653,5913.05
15.21,1,0.084,9,179.68,1987,0,1,2,37,11.812504108868582,4699.17
11.75,1,0.028,9,99.85,1998,2,2,1,26,8.497149178793293,2282.96
17.72,0,0.021,13,204.82,1999,1,0,0,25,11.558038485412787,5780.25
12.94,2,0.072,3,163.06,2009,1,1,3,15,12.600262730855421,3847.27
10.69,0,0.162,13,102.64,1998,2,2,1,26,9.600598634365355,2101.23
11.51,0,0.021,13,165.42,2009,1,1,3,15,14.370602032838155,3571.42
12.82,1,0.083,9,128.5,2009,1,1,3,15,10.022619140472662,3111.82
17.35,2,0.14,13,179.06,1999,1,0,0,25,10.319866290127369,5169.27
15.07,0,0.011,6,180.09,1987,0,1,2,37,11.9494393205494,4676.55
18.39,2,0.016,0,232.3,1999,1,0,0,25,12.631178293730628,6494.38
14.29,0,0.013,3,188.85,1987,0,1,2,37,13.214610594080192,4679.91
10.97,2,0.021,5,137.06,2009,1,1,3,15,12.49293592197612,2870.08
10.65,2,0.035,6,106.78,1998,2,2,1,26,10.02534973241949,2177.44
17.06,2,0.187,3,153.55,1987,0,1,2,37,9.000058613211419,4582.96
17.43,2,0.064,6,213.19,1999,1,0,0,25,12.230508863519017,5886.75
10.7,2,0.036,10,149.61,2009,1,1,3,15,13.980936361087752,3064.64
16.47,0,0.055,5,164.85,1987,0,1,2,37,10.008499787505311,4680.36
14.1,0,0.026,6,154.98,2009,1,1,3,15,10.990709878732005,3943.0
13.4,0,0.097,5,150.69,2009,1,1,3,15,11.244683232594582,3697.0
10.71,2,0.019,3,177.52,2009,1,1,3,15,16.573615908878722,3637.37
11.82,1,0.043,11,131.03,2009,1,1,3,15,11.084510616699095,2937.39
14.3,2,0.025,7,179.31,1999,1,0,0,25,12.538284036081393,4485.46
9.52,0,0.014,4,165.41,2009,1,1,3,15,17.373175086650562,3122.13
12.62,2,0.077,13,165.24,2009,1,1,3,15,13.092464939386739,3818.26
13.99,0,0.048,6,172.94,1999,1,0,0,25,12.360803373597312,4284.66
11.07,2,0.101,0,154.86,2009,1,1,3,15,13.987896305663446,3255.23
10.86,1,0.128,8,111.79,1987,0,1,2,37,10.292790719086643,2327.86
17.54,0,0.012,14,217.37,1999,1,0,0,25,12.392109913915968,5995.91
16.45,1,0.113,9,190.83,1999,1,0,0,25,11.599902741474683,5207.97
12.27,0,0.016,4,150.2,2009,1,1,3,15,12.240241219134544,3431.56
10.03,0,0.16,6,145.56,2009,1,1,3,15,14.511015850862329,2830.99
13.32,2,0.038,0,104.58,2009,1,1,3,15,7.850761954808197,2734.77
14.13,0,0.04,6,138.56,2009,1,1,3,15,9.805392399688628,3613.13
15.98,0,0.089,1,186.9,1999,1,0,0,25,11.695137976346912,5021.2
13.68,0,0.041,7,163.52,1987,0,1,2,37,11.95234266500987,4022.4
12.12,0,0.072,13,122.45,2009,1,1,3,15,10.10230179028133,2829.6
13.0,1,0.047,11,195.3,1987,0,1,2,37,15.021921390662259,4519.93
13.87,0,0.088,14,117.65,2009,1,1,3,15,8.481724461105905,3126.8
10.29,0,0.068,0,151.58,1998,2,2,1,26,14.72937518219804,865.96
13.07,1,0.037,9,178.67,1987,0,1,2,37,13.669191339606762,4195.56
14.11,0,0.037,6,152.6,2009,1,1,3,15,10.814258379987244,3897.53
14.09,0,0.12,5,166.35,1987,0,1,2,37,11.805407707047051,4173.71
14.26,0,0.1,7,138.77,2009,1,1,3,15,9.7307341701143,3647.05
12.7,1,0.061,8,174.37,1987,0,1,2,37,13.728840248799308,4022.82
11.33,0,0.022,6,169.21,2009,1,1,3,15,14.933368634718914,3608.65
11.09,0,0.021,6,120.78,2009,1,1,3,15,10.889910738436571,2562.86
13.31,2,0.087,1,131.74,2009,1,1,3,15,9.897077604988356,3288.69
12.14,0,0.035,10,111.69,2009,1,1,3,15,9.199406968124537,2614.62
14.16,1,0.047,9,167.0,1999,1,0,0,25,11.79295247510769,4202.58
12.17,0,0.185,6,186.71,1987,0,1,2,37,15.340563634869774,4155.55
13.97,0,0.132,10,169.58,1998,2,2,1,26,12.138000143153675,2133.36
10.64,1,0.055,8,142.89,2009,1,1,3,15,13.428249224696925,2914.38
11.88,0,0.099,13,164.6,2009,1,1,3,15,13.854052689167577,3077.61
15.71,0,0.054,5,171.22,1987,0,1,2,37,10.898096874801094,4639.31
13.2,0,0.161,3,145.47,2009,1,1,3,15,11.019619725778352,3544.73
14.73,0,0.039,5,131.62,2009,1,1,3,15,8.934899192179758,3608.54
12.76,2,0.161,4,147.1,2009,1,1,3,15,11.527309771961445,3479.69
16.92,0,0.077,4,206.96,1999,1,0,0,25,12.230955617280301,5644.9
6.47,0,0.111,5,82.45,1998,2,2,1,26,12.741461906969556,733.49
9.62,0,0.072,10,118.75,1999,1,0,0,25,12.342791809583206,5740.03
11.43,2,0.094,3,135.03,2009,1,1,3,15,11.81261481935089,2930.81
13.17,0,0.167,13,148.17,2009,1,1,3,15,11.249715283577556,3592.84
11.22,1,0.025,8,91.63,1998,2,2,1,26,8.16593886462882,1996.7
11.67,0,0.089,6,115.27,2009,1,1,3,15,9.876617256447606,2582.01
14.73,0,0.121,5,177.1,1987,0,1,2,37,12.022265969723712,4537.87
12.63,2,0.022,6,98.16,1987,0,1,2,37,7.7713561871585775,2447.67
14.52,0,0.075,3,151.36,2009,1,1,3,15,10.423524550650784,3963.16
14.23,0,0.079,0,123.07,2009,1,1,3,15,8.6480219239688,3320.06
12.8,0,0.094,14,117.73,2009,1,1,3,15,9.196937739239122,2886.67
12.7,1,0.007,8,180.41,1987,0,1,2,37,14.20439335485395,4147.38
11.55,0,0.096,10,117.09,2009,1,1,3,15,10.136784693965891,2591.89
11.23,1,0.057,8,153.12,2009,1,1,3,15,13.633692458374144,3255.63
11.88,2,0.01,3,134.87,2009,1,1,3,15,11.351738069186096,2219.55
12.63,2,0.015,5,180.84,1987,0,1,2,37,14.317156202992637,4139.88
13.48,2,0.064,4,149.98,2009,1,1,3,15,11.125287441584451,3699.82
11.88,0,0.018,6,134.63,2009,1,1,3,15,11.331537749347698,3024.21
12.67,0,0.02,5,118.19,2009,1,1,3,15,9.32759845316076,2866.27
14.46,0,0.03,0,156.51,1987,0,1,2,37,10.822902980430122,4056.67
14.59,0,0.068,0,201.72,1999,1,0,0,25,13.824960592145844,5009.1
16.93,2,0.085,4,183.29,1999,1,0,0,25,10.825704329336718,5162.82
12.1,0,0.01,3,174.37,2009,1,1,3,15,14.409552929509958,3887.64
10.07,0,0.148,4,153.56,2009,1,1,3,15,15.247741038625758,3004.06
13.02,0,0.021,3,148.14,2009,1,1,3,15,11.377006374318409,3557.97
8.9,1,0.076,11,145.36,2009,1,1,3,15,16.33074935400517,2571.72
10.05,0,0.077,5,126.66,1987,0,1,2,37,12.601731171027758,2449.3
11.22,0,0.122,10,121.07,2009,1,1,3,15,10.789590945548525,2597.73
10.18,0,0.034,4,119.16,1987,0,1,2,37,11.704154798153423,2325.24
8.91,0,0.282,6,97.93,1998,2,2,1,26,10.989787902592303,1602.87
12.25,0,0.041,7,142.96,2009,1,1,3,15,11.669251489674313,3278.79
15.71,2,0.143,14,169.1,1987,0,1,2,37,10.763159569728215,4594.73
15.14,0,0.052,13,148.06,1987,0,1,2,37,9.778746450036325,4037.27
9.74,1,0.148,9,136.46,2009,1,1,3,15,14.008828662354995,2577.84
11.24,0,0.069,13,145.89,2009,1,1,3,15,12.97838270616493,3111.38
12.85,1,0.049,11,113.8,2009,1,1,3,15,8.855341996731772,2817.67
12.68,0,0.11,1,187.42,1999,1,0,0,25,14.779591514864759,4285.55
15.89,2,0.016,3,142.78,1987,0,1,2,37,8.98496004027437,4097.18
9.34,0,0.023,6,148.52,2009,1,1,3,15,15.899796595653573,2734.26
12.07,0,0.088,14,133.68,2009,1,1,3,15,11.07447601690001,3049.01
13.96,0,0.017,15,134.3,2009,1,1,3,15,9.619654752524891,3489.32
9.52,1,0.029,9,139.47,2009,1,1,3,15,14.648671358050626,2589.75
12.5,0,0.009,6,152.62,2009,1,1,3,15,12.20862331013519,3533.15
10.85,2,0.023,13,129.11,2009,1,1,3,15,11.89844253985808,2679.45
12.04,0,0.018,6,159.32,2009,1,1,3,15,13.231459181131136,3567.01
10.92,2,0.069,6,153.83,2009,1,1,3,15,14.085706437139459,3201.69
15.11,2,0.069,2,203.19,1999,1,0,0,25,13.446495930117134,5157.4
14.4,2,0.024,5,148.95,2009,1,1,3,15,10.343031733907367,3887.02
12.77,1,0.021,8,215.52,1987,0,1,2,37,16.875734085036413,4880.15
14.64,0,0.093,3,179.36,1999,1,0,0,25,12.25052933542791,6410.07
12.03,0,0.029,14,148.61,2009,1,1,3,15,12.352256670268476,3345.85
14.24,1,0.098,11,141.9,2009,1,1,3,15,9.964187908152518,3707.77
9.71,0,0.012,0,150.3,2009,1,1,3,15,15.477293790546803,2854.64
16.89,2,0.054,6,172.81,1999,1,0,0,25,10.230892191107689,4938.83
9.1,0,0.054,14,119.77,1999,1,0,0,25,13.16009229754972,5605.17
12.14,1,0.115,11,149.21,2009,1,1,3,15,12.289761963594433,3381.14
15.41,1,0.075,11,176.5,1987,0,1,2,37,11.452858347933295,4678.65
14.02,0,0.128,0,130.09,2009,1,1,3,15,9.278225518864561,3415.03
13.59,0,0.031,14,130.87,2009,1,1,3,15,9.629166360091238,3334.93
12.39,0,0.014,14,120.79,2009,1,1,3,15,9.748204341861028,2857.92
11.11,0,0.076,6,151.25,2009,1,1,3,15,13.612636126361265,3190.21
14.42,0,0.132,13,118.52,2009,1,1,3,15,8.218570140766937,3268.22
9.79,2,0.039,5,154.24,1999,1,0,0,25,15.753242773976103,6351.25
10.09,1,0.055,11,123.86,1987,0,1,2,37,12.274303835100586,2398.91
11.34,0,0.021,13,143.88,2009,1,1,3,15,12.686711930164888,3091.14
13.95,2,0.064,1,160.54,1987,0,1,2,37,11.507418823023439,4023.29
9.96,0,0.077,4,109.14,1998,2,2,1,26,10.95673125188234,2069.01
13.06,0,0.038,3,131.62,2009,1,1,3,15,10.077329454099992,3230.3
12.86,0,0.036,13,159.84,2009,1,1,3,15,12.428271518544438,3761.53
7.76,0,0.076,13,172.81,2009,1,1,3,15,22.266460507666537,2875.96
13.4,2,0.126,2,151.84,2009,1,1,3,15,11.330497724050444,3720.6
12.51,1,0.009,8,191.31,1999,1,0,0,25,15.291343617616498,4325.9
16.63,2,0.064,13,149.33,1999,1,0,0,25,8.979015092297518,4400.14
13.49,2,0.023,6,115.81,2009,1,1,3,15,8.584241346082575,3004.21
11.38,1,0.093,8,185.3,2009,1,1,3,15,16.281521834636674,3948.29
18.27,2,0.016,12,175.18,1999,1,0,0,25,9.587871490339882,5297.86
9.83,2,0.029,5,132.52,2009,1,1,3,15,13.479808768182282,2518.96
8.5,0,0.076,4,106.98,1998,2,2,1,26,12.584401835078227,1695.56
8.51,2,0.013,0,89.51,1998,2,2,1,26,10.516978028433794,1339.29
11.29,0,0.015,3,147.64,2009,1,1,3,15,13.075901160216102,3157.74
11.96,2,0.066,0,179.92,2009,1,1,3,15,15.042220550121225,3968.8
16.09,0,0.015,13,186.55,1999,1,0,0,25,11.593437325212852,5037.97
12.74,0,0.04,4,136.22,2009,1,1,3,15,10.691468487559847,3252.74
13.21,0,0.057,4,177.62,1999,1,0,0,25,13.444856558928166,4206.09
12.96,1,0.074,9,182.71,1999,1,0,0,25,14.096906102924157,4253.52
15.52,2,0.071,0,188.27,1987,0,1,2,37,12.130017395786355,4944.48
12.4,0,0.043,1,117.52,2009,1,1,3,15,9.476655108458996,2792.75
11.18,0,0.066,10,168.5,2009,1,1,3,15,15.070208389231734,3560.4
9.86,0,0.107,6,130.28,1987,0,1,2,37,13.211641821316299,2480.27
13.96,0,0.081,6,171.96,1999,1,0,0,25,12.317169257216532,4259.95
14.31,2,0.083,4,165.0,1998,2,2,1,26,11.529592621060722,850.93
12.08,2,0.115,6,105.97,1987,0,1,2,37,8.771624865491267,2484.53
9.44,0,0.033,5,104.08,1998,2,2,1,26,11.024255905094801,1847.37
10.76,2,0.086,14,172.34,2009,1,1,3,15,16.015240219310474,3544.2
17.19,0,0.077,13,175.17,1999,1,0,0,25,10.189634110871966,5054.71
8.26,2,0.072,3,98.37,1998,2,2,1,26,11.90775935116814,1465.74
12.67,0,0.028,0,130.97,2009,1,1,3,15,10.33620077341962,3127.82
15.57,2,0.149,13,223.53,1999,1,0,0,25,14.355532721084067,5676.98
13.17,0,0.021,4,158.1,2009,1,1,3,15,12.003644370207274,3796.18
12.32,2,0.053,5,173.75,2009,1,1,3,15,14.101939777615454,3924.54
12.94,1,0.065,9,131.53,2009,1,1,3,15,10.163820415732943,3200.75
13.06,0,0.087,6,167.6,2009,1,1,3,15,12.832095551642293,3966.89
13.97,0,0.012,0,189.11,1987,0,1,2,37,13.535895784124259,4612.44
11.85,0,0.007,0,123.29,2009,1,1,3,15,10.403341490169607,2785.75
14.1,2,0.063,10,172.18,1999,1,0,0,25,12.2104815261329,4295.68
14.67,0,0.055,10,132.25,2009,1,1,3,15,9.014382114375298,3605.79
11.9,2,0.028,3,126.28,2009,1,1,3,15,10.610873035879338,2858.71
13.89,0,0.027,5,190.39,1987,0,1,2,37,13.705996688503346,4619.19
10.53,0,0.007,5,137.05,2009,1,1,3,15,13.013958788339192,2769.18
13.48,2,0.076,10,101.66,2009,1,1,3,15,7.5409836065573765,2711.06
10.56,2,0.019,14,139.76,2009,1,1,3,15,13.233595303475049,2832.45
7.85,0,0.017,14,78.26,1998,2,2,1,26,9.96815692268501,960.36
14.65,0,0.027,6,127.99,2009,1,1,3,15,8.735922462630537,3514.11
14.24,1,0.007,9,184.21,1987,0,1,2,37,12.935187135734852,4572.42
11.76,1,0.077,11,202.96,1999,1,0,0,25,17.257035966329397,4395.51
15.92,2,0.055,4,182.36,1999,1,0,0,25,11.454054393568244,4913.69
11.27,0,0.023,14,132.92,2009,1,1,3,15,11.793097329429509,2852.84
11.43,1,0.138,8,142.91,2009,1,1,3,15,12.501968331729508,3093.58
12.35,0,0.036,0,113.9,2009,1,1,3,15,9.221925350174077,2707.63
18.37,0,0.05,4,169.17,1999,1,0,0,25,9.208535191334166,5198.89
6.37,0,0.085,5,64.71,1998,2,2,1,26,10.156961230576046,350.0
9.92,0,0.124,3,103.85,1998,2,2,1,26,10.467694788831771,1953.02
11.47,2,0.032,14,126.04,2009,1,1,3,15,10.98770813355418,2757.49
15.83,1,0.027,8,192.62,1999,1,0,0,25,12.167266755100753,5104.78
11.2,2,0.067,5,131.66,2009,1,1,3,15,11.75430765110258,2811.4
13.67,0,0.069,3,136.91,2009,1,1,3,15,10.014629507717066,3476.08
15.68,1,0.032,9,137.97,2009,1,1,3,15,8.798546011096231,3951.56
10.93,2,0.049,13,136.0,2009,1,1,3,15,12.441679626749613,2837.42
11.32,0,0.014,10,93.11,1998,2,2,1,26,8.224538468333186,2049.75
13.3,0,0.13,4,150.3,2009,1,1,3,15,11.299902262987747,3665.93
16.23,0,0.009,13,181.37,1999,1,0,0,25,11.174296100055448,4965.15
15.61,0,0.086,14,145.66,1987,0,1,2,37,9.330600217795144,4092.55
15.24,0,0.216,13,210.13,1999,1,0,0,25,13.787153073945278,5329.85
9.02,0,0.131,13,180.59,2009,1,1,3,15,20.018844917414924,3319.43
8.35,0,0.186,14,136.48,1998,2,2,1,26,16.34295293976769,2264.65
11.69,0,0.011,0,143.12,2009,1,1,3,15,12.241895475151829,3156.38
12.27,0,0.161,0,117.37,2009,1,1,3,15,9.564827642408932,2760.15
10.82,2,0.136,6,140.1,2009,1,1,3,15,12.94704740781813,2897.96
17.02,0,0.103,0,150.19,1987,0,1,2,37,8.82380588684566,4504.74
11.99,0,0.143,4,147.08,2009,1,1,3,15,12.265866066216331,3304.45
11.68,2,0.01,4,125.88,2009,1,1,3,15,10.776474616899238,2801.49
12.65,0,0.015,4,194.72,1999,1,0,0,25,15.391668642795036,4428.06
12.72,0,0.04,4,146.46,2009,1,1,3,15,11.513245814008334,3456.49
13.58,0,0.09,4,144.98,2009,1,1,3,15,10.675208011192106,3620.13
14.88,2,0.056,13,144.87,2009,1,1,3,15,9.735232847254888,3911.89
10.11,2,0.094,10,135.27,2009,1,1,3,15,13.378498664820494,2638.8
13.03,0,0.035,1,138.47,2009,1,1,3,15,10.626199063771008,3364.35
15.13,0,0.062,7,171.98,1987,0,1,2,37,11.366069658317361,4523.53
9.57,0,0.072,4,148.56,2009,1,1,3,15,15.521889039807753,2788.17
10.26,2,0.067,3,100.04,1998,2,2,1,26,9.749537082155737,1951.21
9.68,0,0.053,13,116.01,1998,2,2,1,26,11.983266191509143,2147.12
10.75,0,0.034,4,146.66,2009,1,1,3,15,13.64152171890987,3015.65
18.76,0,0.035,10,238.81,1999,1,0,0,25,12.729065614839293,6711.59
9.92,2,0.033,3,129.55,1987,0,1,2,37,13.058159459731884,2477.23
15.58,2,0.009,3,164.39,1999,1,0,0,25,10.550670688659263,4469.76
12.91,0,0.049,4,172.4,1987,0,1,2,37,13.352954844706066,4029.86
9.04,0,0.208,0,137.25,1987,0,1,2,37,15.180842827120896,2436.48
12.0,2,0.044,13,165.38,2009,1,1,3,15,13.780518290142489,3681.32
9.97,0,0.14,13,136.87,2009,1,1,3,15,13.726807742453115,2639.91
15.33,1,0.136,9,137.86,2009,1,1,3,15,8.992237949253148,3871.23
13.35,0,0.137,1,153.74,2009,1,1,3,15,11.515242303947272,3748.06
8.72,0,0.08,3,100.94,1998,2,2,1,26,11.574360738447425,1621.05
14.8,0,0.169,5,146.0,2009,1,1,3,15,9.864198364975339,3918.17
14.43,0,0.076,13,137.97,2009,1,1,3,15,9.560668006375165,3669.6
13.91,0,0.154,10,172.36,1999,1,0,0,25,12.3901948098627,4255.98
11.29,0,0.157,14,82.62,1998,2,2,1,26,7.317332388628112,1827.09
11.43,2,0.05,4,149.27,2009,1,1,3,15,13.058350100603624,3223.49
13.23,0,0.072,0,131.62,2009,1,1,3,15,9.947849746806742,2986.38
16.02,2,0.052,0,175.4,1987,0,1,2,37,10.948130578615567,4795.5
16.33,2,0.175,5,188.46,1999,1,0,0,25,11.540015920641725,5133.16
11.47,2,0.026,0,117.64,2009,1,1,3,15,10.255426728271292,2584.59
11.17,2,0.085,10,166.17,2009,1,1,3,15,14.875123086563423,3509.94
11.33,0,0.026,4,105.6,1987,0,1,2,37,9.319565792957373,2306.16
13.35,1,0.085,11,229.03,1999,1,0,0,25,17.154520260654635,5287.61
9.13,2,0.046,6,129.36,1999,1,0,0,25,14.167122987624577,6695.03
15.36,0,0.015,14,145.29,1987,0,1,2,37,9.458368595794544,4030.44
12.97,1,0.047,8,170.23,2009,1,1,3,15,13.123891758538276,5299.43
10.47,1,0.014,9,138.12,2009,1,1,3,15,13.190717218985771,2778.17
13.47,1,0.04,9,180.22,1999,1,0,0,25,13.378368346819093,4316.5
14.16,0,0.069,5,200.95,1987,0,1,2,37,14.190382035167008,4897.16
15.72,2,0.026,3,160.45,1999,1,0,0,25,10.206093759938934,4421.4
14.76,0,0.253,0,185.7,1987,0,1,2,37,12.580448479100331,3754.43
13.76,1,0.239,9,119.39,2009,1,1,3,15,8.675968316256087,3138.63
7.7,0,0.113,3,126.23,1987,0,1,2,37,16.39137774315024,3850.99
13.73,0,0.036,6,176.0,1999,1,0,0,25,12.817711747141505,4289.01
13.15,0,0.006,1,180.4,1999,1,0,0,25,13.717588016120448,4247.72
11.77,2,0.076,3,150.59,2009,1,1,3,15,12.793305581513891,3327.04
11.53,0,0.282,6,154.23,2009,1,1,3,15,13.375249327898707,3347.58
18.18,0,0.124,4,195.61,1999,1,0,0,25,10.759034156537044,5697.18
12.9,0,0.079,13,180.82,1999,1,0,0,25,14.01596775443764,4201.05
16.18,2,0.073,12,207.06,1999,1,0,0,25,12.796489710153883,5478.01
9.27,0,0.06,6,105.33,1998,2,2,1,26,11.361233955344623,1835.94
11.96,0,0.028,6,163.06,2009,1,1,3,15,13.632639411420449,3624.67
14.41,0,0.068,6,162.72,1987,0,1,2,37,11.291374644368885,4171.67
16.11,2,0.102,5,169.5,1987,0,1,2,37,10.520762212153187,4693.52
16.46,0,0.112,2,192.12,1999,1,0,0,25,11.671222890468378,5235.57
12.78,0,0.188,3,160.99,2009,1,1,3,15,12.596040998356939,3766.79
10.53,0,0.085,14,120.15,1987,0,1,2,37,11.40917291805147,2423.82
10.01,2,0.147,6,105.73,1987,0,1,2,37,10.561382479272801,3368.59
14.75,0,0.013,10,155.04,1987,0,1,2,37,10.510473866178565,4091.21
12.28,1,0.054,8,163.85,2009,1,1,3,15,13.341747414705644,3713.11
13.01,0,0.126,13,125.3,2009,1,1,3,15,9.6303128122358,3088.8
14.01,0,0.158,6,194.58,1987,0,1,2,37,13.88765969595318,4732.96
13.11,0,0.035,4,152.92,2009,1,1,3,15,11.663488673632827,3676.04
13.13,2,0.01,13,97.63,2009,1,1,3,15,7.435077297997106,2549.66
15.74,0,0.057,5,170.68,1987,0,1,2,37,10.843021409059146,4634.7
11.49,0,0.023,5,148.49,2009,1,1,3,15,12.922287007223046,3219.96
12.48,0,0.026,3,123.16,2009,1,1,3,15,9.867799054562935,2925.81
16.24,0,0.039,0,169.19,1987,0,1,2,37,10.417461978942184,4717.81
9.83,0,0.045,10,126.07,1987,0,1,2,37,12.823720882921371,2385.45
15.0,0,0.024,13,164.2,1999,1,0,0,25,10.945936937537498,4336.16
8.53,0,0.018,5,125.75,1998,2,2,1,26,14.7403586918298,2085.45
11.32,0,0.145,5,102.08,1998,2,2,1,26,9.016871301121808,2232.2
10.25,0,0.061,14,79.44,1998,2,2,1,26,7.74948785484343,1527.43
12.48,2,0.017,13,183.36,1987,0,1,2,37,14.69113051838795,4156.4
10.96,2,0.08,0,124.72,2009,1,1,3,15,11.378523857312288,2615.11
10.23,1,0.053,9,142.02,2009,1,1,3,15,13.881341022382955,2803.7
13.25,0,0.184,3,168.65,1987,0,1,2,37,12.727341332729607,4029.59
11.89,2,0.022,13,156.09,2009,1,1,3,15,13.126734505087882,3467.25
10.77,0,0.119,6,118.0,1998,2,2,1,26,10.955343050784515,1197.03
12.04,0,0.026,10,137.59,2009,1,1,3,15,11.426791794701439,3121.33
13.24,2,0.089,10,163.78,2009,1,1,3,15,12.369156408126274,3929.4
15.61,1,0.057,9,187.24,1999,1,0,0,25,11.994106719620781,4944.29
14.4,0,0.126,4,147.1,2009,1,1,3,15,10.214568432747726,3850.14
12.49,2,0.131,5,164.39,2009,1,1,3,15,13.160675686494276,3772.02
14.26,2,0.087,7,147.37,2009,1,1,3,15,10.333777434962485,3823.3
11.52,1,0.043,9,110.57,1987,0,1,2,37,9.597257182536238,2451.61
13.32,2,0.007,13,204.53,1987,0,1,2,37,15.353952405975528,4780.97
13.7,1,0.023,8,157.33,2009,1,1,3,15,11.483103423107805,3900.47
14.3,1,0.037,9,121.43,2009,1,1,3,15,8.491014614362632,3300.95
13.45,1,0.109,8,169.56,1987,0,1,2,37,12.605754219017175,4094.82
14.11,2,0.044,13,160.03,1987,0,1,2,37,11.34079795903905,4048.68
13.49,0,0.022,14,151.62,2009,1,1,3,15,11.238603513453414,3735.53
12.49,0,0.07,15,198.29,1999,1,0,0,25,15.874629733408053,4464.74
10.7,0,0.057,5,107.73,1998,2,2,1,26,10.067283431455007,2208.37
13.08,0,0.082,6,149.55,2009,1,1,3,15,11.432612185612722,3602.08
14.69,0,0.019,4,172.11,1999,1,0,0,25,11.715335919950991,4427.11
11.37,2,0.015,13,138.45,2009,1,1,3,15,12.175710139829391,2987.88
11.73,0,0.015,3,168.33,2009,1,1,3,15,14.34916034438667,3680.91
10.88,0,0.098,6,128.34,2009,1,1,3,15,11.794871794871796,2671.14
14.18,2,0.03,13,224.33,1999,1,0,0,25,15.819053663352374,5380.13
17.69,0,0.028,4,194.89,1999,1,0,0,25,11.016335990051436,5570.9
11.83,0,0.052,5,160.11,2009,1,1,3,15,13.533091032034488,3535.8
17.17,1,0.058,8,205.48,1999,1,0,0,25,11.966688020499676,3401.23
13.26,2,0.038,13,145.98,2009,1,1,3,15,11.008219591282709,3568.88
13.26,2,0.133,0,135.14,2009,1,1,3,15,10.190785008672046,3347.84
11.67,1,0.026,8,164.09,2009,1,1,3,15,14.059634992716992,3581.03
10.66,2,0.026,6,112.37,1998,2,2,1,26,10.540287027483352,2293.74
13.32,2,0.019,13,155.02,2009,1,1,3,15,11.637264469634413,3766.5
13.39,2,0.028,5,188.49,1999,1,0,0,25,14.075871854230455,4469.12
12.05,2,0.167,3,161.38,2009,1,1,3,15,13.391419799186789,3610.28
12.21,1,0.048,8,124.59,2009,1,1,3,15,10.203095569568422,2894.65
15.68,0,0.041,5,191.79,1999,1,0,0,25,12.23072508130859,5053.88
13.9,0,0.079,14,185.16,1987,0,1,2,37,13.319905042802676,4515.95
10.57,1,0.047,9,84.62,1998,2,2,1,26,8.004919118342636,1705.82
12.16,0,0.024,14,139.22,2009,1,1,3,15,11.448071704629553,3181.12
12.97,1,0.012,9,184.88,1999,1,0,0,25,14.253334361267441,4300.31
14.18,0,0.041,4,132.29,2009,1,1,3,15,9.328679218672873,3497.19
14.85,0,0.085,3,126.54,2009,1,1,3,15,8.520638340852468,3530.47
12.64,0,0.155,13,133.48,2009,1,1,3,15,10.559291195316826,3174.12
15.36,1,0.073,8,206.63,1999,1,0,0,25,13.451598203241977,5283.68
16.22,2,0.023,13,228.38,1999,1,0,0,25,14.079279945749336,5923.05
17.41,2,0.085,13,179.33,1999,1,0,0,25,10.299810464648786,5189.13
9.36,1,0.025,8,104.17,1998,2,2,1,26,11.128084606345478,1831.4
8.86,2,0.015,13,126.89,1998,2,2,1,26,14.320054169958246,2183.5
10.1,0,0.035,5,157.43,2009,1,1,3,15,15.585585585585587,3089.69
13.83,2,0.025,3,181.0,1999,1,0,0,25,13.086544718386234,6774.43
9.16,0,0.142,5,117.08,1987,0,1,2,37,12.78026416330095,4364.15
16.43,1,0.128,8,158.69,1987,0,1,2,37,9.657963605380074,4546.04
9.2,0,0.054,4,84.21,1998,2,2,1,26,9.15226605803717,1387.57
13.33,0,0.024,14,153.99,2009,1,1,3,15,11.55127147250769,3748.59
12.87,2,0.069,3,155.34,2009,1,1,3,15,12.068992308289955,3671.84
10.87,1,0.058,8,140.9,2009,1,1,3,15,12.961089136234019,2924.92
10.7,0,0.068,13,169.33,2009,1,1,3,15,15.823754789272034,3467.96
15.3,0,0.027,1,172.01,1987,0,1,2,37,11.241748905300307,4562.92
16.37,0,0.099,3,200.2,1999,1,0,0,25,12.22894142080508,5381.92
13.09,2,0.022,7,197.75,1987,0,1,2,37,15.105797876403637,4590.15
12.65,0,0.098,14,150.6,2009,1,1,3,15,11.90419729665639,3525.06
15.81,0,0.073,0,169.81,1987,0,1,2,37,10.739991145405098,4633.08
12.53,0,0.006,7,150.84,2009,1,1,3,15,12.037347378501318,3503.29
17.34,2,0.113,13,201.25,1999,1,0,0,25,11.605443746035407,5622.06
14.42,0,0.088,7,164.84,1999,1,0,0,25,11.430552666250607,4217.94
12.92,1,0.053,8,164.32,2009,1,1,3,15,12.717281944121972,3868.24
8.02,2,0.021,10,138.84,1998,2,2,1,26,17.309562398703406,2238.36
10.01,0,0.107,3,157.42,2009,1,1,3,15,15.72470282689042,3068.89
15.56,0,0.173,4,179.53,1987,0,1,2,37,11.53717627401838,4774.57
8.99,1,0.066,8,83.37,1998,2,2,1,26,9.272605939272607,1323.01
15.15,0,0.035,6,147.73,1987,0,1,2,37,9.75051151739159,4032.27
9.36,0,0.124,13,116.16,1998,2,2,1,26,12.408930669800236,2078.15
13.27,2,0.061,5,142.68,2009,1,1,3,15,10.75126215055384,3502.67
14.35,0,0.038,5,175.22,1999,1,0,0,25,12.209602118319282,4413.22
14.48,0,0.108,6,114.8,2009,1,1,3,15,7.927629307368275,3206.01
9.34,1,0.019,9,143.34,2009,1,1,3,15,15.345252114334656,2628.63
14.57,1,0.043,8,156.26,1987,0,1,2,37,10.724040903163818,4075.42
10.41,2,0.073,5,148.34,2009,1,1,3,15,14.248391124771876,2973.15
12.55,2,0.029,6,151.83,2009,1,1,3,15,12.097044060234245,3528.94
14.5,0,0.021,1,228.92,1999,1,0,0,25,15.78649748293221,5546.73
14.15,2,0.025,13,196.25,1987,0,1,2,37,13.868277860221893,4798.89
15.11,0,0.046,4,188.96,1987,0,1,2,37,12.504797829395805,4867.31
14.14,0,0.047,5,167.85,1999,1,0,0,25,11.869740470970935,4215.07
12.8,0,0.083,7,163.35,2009,1,1,3,15,12.760721818607921,3819.71
12.35,0,0.028,4,183.26,1987,0,1,2,37,14.837664966399482,4126.84
14.94,0,0.035,5,147.75,2009,1,1,3,15,9.888896325547153,3985.22
9.55,0,0.127,4,121.5,1998,2,2,1,26,12.72118102816459,2228.55
12.11,0,0.126,2,165.01,2009,1,1,3,15,13.624803897283462,3697.5
11.36,0,0.103,4,111.23,1987,0,1,2,37,9.790511398644487,4986.34
11.8,0,0.148,6,142.53,2009,1,1,3,15,12.077790017795103,3168.0
11.64,0,0.096,5,162.23,2009,1,1,3,15,13.936087964951463,3536.31
10.11,0,0.026,7,118.72,1998,2,2,1,26,11.74166749085155,2299.63
15.44,2,0.031,1,184.62,1987,0,1,2,37,11.956479502622889,4851.79
12.96,0,0.034,6,179.75,1998,2,2,1,26,13.868528662911812,1892.93
10.95,1,0.019,9,125.62,2009,1,1,3,15,11.47109852981463,2631.54
12.63,2,0.046,3,110.82,2009,1,1,3,15,8.773652125722428,2706.22
14.98,0,0.022,5,142.36,2009,1,1,3,15,9.502703424337495,3883.67
13.62,1,0.011,8,174.75,1999,1,0,0,25,12.829454518757801,4238.13
13.29,0,0.081,6,187.52,1999,1,0,0,25,14.108795425475888,4425.34
7.26,0,0.054,6,128.93,1998,2,2,1,26,17.75650736813111,1175.03
11.55,2,0.083,5,199.36,1999,1,0,0,25,17.259111765215135,4274.08
11.53,0,0.12,1,142.41,2009,1,1,3,15,12.350186453906861,3106.01
17.91,0,0.028,1,171.88,1999,1,0,0,25,9.596337446262073,5149.46
15.68,2,0.118,5,162.72,1999,1,0,0,25,10.376889229003252,4459.37
12.95,0,0.021,4,145.95,2009,1,1,3,15,11.26940004632847,3497.6
10.9,0,0.039,6,126.73,2009,1,1,3,15,11.625538941381524,2641.45
11.04,2,0.046,6,147.61,2009,1,1,3,15,13.369260030794315,3101.02
13.63,0,0.012,6,163.98,1987,0,1,2,37,12.02993177316411,4020.88
12.89,0,0.086,6,149.01,2009,1,1,3,15,11.559227367931115,3547.81
16.22,0,0.019,12,162.84,1987,0,1,2,37,10.038838542629925,4582.53
11.54,2,0.127,5,82.63,1998,2,2,1,26,7.15969153452907,1883.82
12.9,0,0.097,6,162.02,2009,1,1,3,15,12.558716378575305,3815.72
10.45,0,0.061,1,120.13,1987,0,1,2,37,11.494593818773325,2404.11
11.23,1,0.054,8,109.87,1987,0,1,2,37,9.782744190187874,2371.84
15.24,2,0.026,0,120.93,2009,1,1,3,15,7.9345187323666435,3503.84
16.34,1,0.139,8,205.83,1999,1,0,0,25,12.595924362034147,5489.47
10.82,0,0.013,14,93.37,1998,2,2,1,26,8.628592551520192,1942.06
14.08,0,0.142,4,160.08,1987,0,1,2,37,11.368510759179037,4043.53
12.95,1,0.046,11,146.97,2009,1,1,3,15,11.348158443363447,3518.55
14.15,2,0.016,6,172.04,1999,1,0,0,25,12.15744470355452,4303.18
14.99,2,0.051,13,163.35,1999,1,0,0,25,10.896537922753652,4314.99
10.16,1,0.054,8,111.96,1998,2,2,1,26,11.018600531443756,2173.27
9.61,2,0.118,13,154.62,2009,1,1,3,15,16.08781604411612,2921.65
8.57,1,0.067,9,98.22,1999,1,0,0,25,11.459572978648932,5626.52
12.61,2,0.093,14,131.79,2009,1,1,3,15,10.450400444056775,3131.08
14.28,1,0.052,8,141.72,2009,1,1,3,15,9.923674812688187,3713.11
11.35,1,0.033,8,130.24,2009,1,1,3,15,11.473878953396179,2815.65
12.77,0,0.052,13,148.67,2009,1,1,3,15,11.641218385404432,3512.39
13.52,0,0.019,5,137.98,2009,1,1,3,15,10.204866503956808,3463.59
11.24,2,0.068,13,128.89,2009,1,1,3,15,11.466061738279512,2763.2
11.69,1,0.047,8,159.77,2009,1,1,3,15,13.66606791549055,3495.4
10.98,0,0.122,14,107.51,1998,2,2,1,26,9.790547308988254,2266.26
12.09,0,0.152,5,130.63,2009,1,1,3,15,10.803903730047143,2990.29
11.87,0,0.113,10,180.96,2009,1,1,3,15,15.24387161991408,3969.51
9.48,0,0.133,4,150.23,2009,1,1,3,15,15.84537496044721,2801.96
7.39,0,0.013,6,119.24,1998,2,2,1,26,16.133134893789745,1695.67
12.19,2,0.038,4,125.9,2009,1,1,3,15,10.327290624230992,2916.66
15.66,0,0.085,3,182.96,1987,0,1,2,37,11.682523465934487,4867.98
11.65,1,0.036,8,153.05,2009,1,1,3,15,13.136211483992792,3350.85
11.91,0,0.041,6,94.69,1998,2,2,1,26,7.949794307782722,2214.4
17.06,1,0.041,8,144.67,1999,1,0,0,25,8.479573295820877,4400.84
14.47,2,0.01,3,146.03,2009,1,1,3,15,10.091216916591804,3844.46
12.1,0,0.085,0,155.02,2009,1,1,3,15,12.810511527972897,3491.13
12.35,0,0.054,14,161.07,2009,1,1,3,15,13.041049307748361,3672.24
11.99,0,0.004,6,114.18,2009,1,1,3,15,9.522141606204654,2630.49
11.59,0,0.085,3,135.1,2009,1,1,3,15,11.655594858079544,2968.4
16.0,0,0.031,5,205.47,1999,1,0,0,25,12.841072432972938,5404.94
12.07,0,0.015,14,151.64,2009,1,1,3,15,12.562339491342888,3415.8
12.46,0,0.011,14,144.98,2009,1,1,3,15,11.634700264826257,3366.74
15.11,0,0.063,5,188.83,1987,0,1,2,37,12.49619482496195,4864.38
10.72,2,0.113,0,158.26,2009,1,1,3,15,14.761682678854584,3247.04
15.72,0,0.076,13,103.46,2009,1,1,3,15,6.581006297309331,3253.99
11.78,0,0.027,3,128.7,2009,1,1,3,15,10.92436974789916,2879.9
13.68,0,0.042,5,129.32,2009,1,1,3,15,9.452525400190044,3322.1
13.96,0,0.097,7,162.71,1998,2,2,1,26,11.65460926867703,1849.95
12.17,0,0.053,5,120.79,2009,1,1,3,15,9.924410483937228,2807.19
15.68,1,0.015,9,158.82,1999,1,0,0,25,10.128180600726994,4378.72
15.05,0,0.076,13,168.99,1999,1,0,0,25,11.22782539366155,4443.71
15.5,2,0.025,12,135.61,2009,1,1,3,15,8.748467840784468,3862.64
11.73,2,0.071,3,132.08,2009,1,1,3,15,11.259057198874778,2938.0
14.87,2,0.014,10,132.95,2009,1,1,3,15,8.940219218613409,3666.74
17.11,2,0.049,14,176.42,1999,1,0,0,25,10.310326690433053,5062.32
14.04,2,0.142,6,144.73,2009,1,1,3,15,10.307670393846593,3719.09
12.07,0,0.047,14,145.62,2009,1,1,3,15,12.063623560599785,3292.15
13.62,0,0.021,6,168.33,1987,0,1,2,37,12.358123485793996,4107.78
12.29,0,0.109,5,127.14,2009,1,1,3,15,10.34415425921406,2965.09
12.27,2,0.022,7,127.72,2009,1,1,3,15,10.40827968380735,2970.89
12.29,2,0.093,14,143.37,2009,1,1,3,15,11.664632658042471,3295.36
16.34,0,0.035,0,160.16,1987,0,1,2,37,9.801113762927605,4556.14
12.75,2,0.038,13,114.56,2009,1,1,3,15,8.984393380911301,2811.88
12.22,1,0.047,9,176.08,2009,1,1,3,15,14.407986253170773,3950.99
10.03,0,0.064,0,100.21,1998,2,2,1,26,9.99003090419699,1902.55
9.66,0,0.017,5,124.61,1987,0,1,2,37,12.898250698685437,2317.04
11.34,2,0.03,6,196.92,1987,0,1,2,37,17.363548187990478,4178.27
11.11,2,0.105,13,134.32,2009,1,1,3,15,12.088920889208893,2845.55
15.93,0,0.041,5,149.16,1999,1,0,0,25,9.362877408825561,4237.1
12.14,2,0.047,6,132.51,2009,1,1,3,15,10.914257474672596,3041.1
11.19,0,0.028,6,166.97,2009,1,1,3,15,14.920025020105443,3530.56
13.73,1,0.047,9,147.0,2009,1,1,3,15,10.705702425169324,3695.97
11.81,1,0.104,9,150.43,2009,1,1,3,15,12.736432139530946,3332.07
14.85,2,0.013,13,195.45,1987,0,1,2,37,13.160729917177294,4939.56
11.42,2,0.015,5,125.11,2009,1,1,3,15,10.954382278259347,2727.01
13.37,1,0.09,11,181.22,1999,1,0,0,25,13.553212175603921,4315.16
9.63,1,0.091,8,104.7,1998,2,2,1,26,10.871145260097602,1903.02
11.98,0,0.014,13,166.73,2009,1,1,3,15,13.916200651030797,3703.68
12.76,2,0.092,3,151.17,2009,1,1,3,15,11.846250293864117,3562.29
10.99,2,0.015,5,145.42,2009,1,1,3,15,13.230825220635065,3044.69
12.14,2,0.125,6,165.59,2009,1,1,3,15,13.638909480273455,3717.79
13.03,1,0.017,8,142.37,2009,1,1,3,15,10.925485381014505,3444.15
12.13,2,0.033,14,140.19,2009,1,1,3,15,11.556343252823345,3194.27
12.57,0,0.038,3,127.32,2009,1,1,3,15,10.12807254792777,2681.04
14.35,0,0.013,4,176.79,1999,1,0,0,25,12.319002160128214,4445.84
9.75,2,0.073,5,144.78,2009,1,1,3,15,14.847707927392063,2751.86
14.61,2,0.014,13,157.95,1987,0,1,2,37,10.810348367668196,4118.49
10.11,1,0.031,9,135.36,2009,1,1,3,15,13.387399861536943,2640.81
7.93,0,0.012,6,119.38,1998,2,2,1,26,15.052326314462237,1819.35
11.53,0,0.037,6,159.86,2009,1,1,3,15,13.863498395629176,3462.27
16.35,0,0.112,10,185.71,1999,1,0,0,25,11.357715124457219,5081.14
11.32,1,0.04,8,113.33,1987,0,1,2,37,10.01059977033831,2463.39
11.36,0,0.087,14,160.71,2009,1,1,3,15,14.145761816741485,3441.72
11.33,2,0.036,7,156.12,2009,1,1,3,15,13.778130791633572,3341.22
9.71,1,0.015,9,152.0,2009,1,1,3,15,15.652353001750592,5213.57
10.78,0,0.053,6,193.54,2009,1,1,3,15,17.95195250904369,3981.89
12.92,2,0.088,14,116.99,2009,1,1,3,15,9.054252766813715,2899.03
11.93,0,0.102,1,109.5,2009,1,1,3,15,9.177772190093036,2522.31
14.88,2,0.061,3,166.43,1999,1,0,0,25,11.184060211007326,4354.64
13.82,2,0.016,3,161.04,1987,0,1,2,37,11.651834165400476,4002.95
12.29,2,0.059,5,162.33,2009,1,1,3,15,13.207224798633149,3683.78
12.23,2,0.024,13,137.52,2009,1,1,3,15,11.24356144223694,3164.11
13.97,1,0.105,9,160.54,1987,0,1,2,37,11.490945530026483,4028.41
9.1,2,0.055,5,139.96,2009,1,1,3,15,15.378529831886608,2506.57
11.57,0,0.035,5,161.47,2009,1,1,3,15,13.95471437213724,3502.95
11.18,0,0.018,14,113.14,1987,0,1,2,37,10.118951793220642,2426.78
18.74,0,0.034,4,184.15,1999,1,0,0,25,9.826049837255216,5589.63
9.02,0,0.073,5,108.16,1998,2,2,1,26,11.989801574104867,1835.96
13.52,0,0.024,4,169.29,1987,0,1,2,37,12.52052362990903,4104.04
14.2,0,0.018,10,146.52,2009,1,1,3,15,10.31758326878389,3792.48
15.2,1,0.076,9,156.48,1999,1,0,0,25,10.294059601342017,4222.1
13.45,2,0.045,5,153.59,2009,1,1,3,15,11.418481897256711,3768.47
12.76,0,0.041,3,133.96,2009,1,1,3,15,10.497609905179846,3209.97
15.43,0,0.123,13,162.17,1999,1,0,0,25,10.50936426673579,4390.43
13.36,0,0.053,0,122.97,2009,1,1,3,15,9.203652421225957,3119.98
13.24,0,0.085,1,153.86,2009,1,1,3,15,11.619968280341364,3725.29
11.37,0,0.014,13,191.25,1987,0,1,2,37,16.81910122240788,3727.97
11.7,0,0.028,5,114.71,1999,1,0,0,25,9.803435603794547,6027.07
15.54,1,0.066,9,151.37,1987,0,1,2,37,9.740042468309634,4194.92
11.55,2,0.054,14,148.92,2009,1,1,3,15,12.892390269240757,3241.91
14.38,0,0.025,4,184.71,1999,1,0,0,25,12.844030317780405,5020.24
12.39,0,0.029,4,141.6,2009,1,1,3,15,11.427649100153337,3282.17
12.28,0,0.021,6,143.51,2009,1,1,3,15,11.685530494259426,3297.26
6.78,0,0.11,4,125.21,1998,2,2,1,26,18.464828196431203,1679.7
10.39,2,0.021,13,103.17,1998,2,2,1,26,9.928784525069773,2044.81
15.07,0,0.014,6,176.85,1987,0,1,2,37,11.734456903987791,4610.46
12.93,0,0.025,4,168.67,2009,1,1,3,15,13.043848116928311,3958.54
11.25,0,0.073,5,112.68,1987,0,1,2,37,10.015109768020622,2433.8
10.7,1,0.062,8,149.39,2009,1,1,3,15,13.960377534809831,3060.5
11.32,2,0.026,13,134.97,2009,1,1,3,15,11.922091688013426,2904.99
9.52,2,0.125,14,145.51,2009,1,1,3,15,15.283058502258166,2714.62
13.61,2,0.081,3,162.05,2009,1,1,3,15,11.905811476012051,3976.96
13.01,0,0.077,3,168.09,2009,1,1,3,15,12.919068480516486,3964.78
17.56,0,0.139,0,164.32,1999,1,0,0,25,9.357098115141506,4915.25
14.65,2,0.019,14,162.2,1999,1,0,0,25,11.070916660978773,4215.81
10.71,0,0.126,5,165.94,2009,1,1,3,15,15.492484361870973,3400.82
11.09,0,0.123,13,80.12,1998,2,2,1,26,7.22387521413759,1730.86
9.89,0,0.049,10,111.6,1998,2,2,1,26,11.282984531392174,2104.16
13.39,0,0.026,5,140.99,2009,1,1,3,15,10.528713314913002,3495.48
13.89,1,0.123,9,124.96,2009,1,1,3,15,8.995752645597868,2805.93
9.24,1,0.03,9,128.9,1987,0,1,2,37,13.94870684990802,2311.73
11.38,0,0.021,4,140.64,2009,1,1,3,15,12.357437834988136,3034.9
11.17,2,0.039,6,176.59,2009,1,1,3,15,15.807895443559216,3722.47
11.93,2,0.04,13,123.32,2009,1,1,3,15,10.336099237281033,2804.14
9.44,0,0.016,1,125.39,1998,2,2,1,26,13.28143205168944,2284.59
9.65,2,0.085,6,68.65,1998,2,2,1,26,7.113252512692986,1170.43
14.98,0,0.098,1,133.58,2009,1,1,3,15,8.916627728456046,3704.74
14.43,0,0.012,5,147.86,2009,1,1,3,15,10.245998198323056,3871.21
13.02,1,0.014,9,167.91,2009,1,1,3,15,12.89532293986637,3962.72
10.01,0,0.051,4,120.13,1987,0,1,2,37,11.999800219758267,2306.75
8.72,2,0.098,5,152.5,2009,1,1,3,15,17.48652677445247,2675.68
4.28,0,0.037,4,79.65,1998,2,2,1,26,18.605466012613874,183.02
12.91,1,0.019,11,167.01,2009,1,1,3,15,12.935481372473085,3919.74
13.52,2,0.14,4,139.07,2009,1,1,3,15,10.285481843058946,3486.32
11.7,0,0.012,14,146.45,2009,1,1,3,15,12.516024271429792,3226.86
13.57,0,0.091,5,201.17,1998,2,2,1,26,14.823520742760296,2290.59
15.95,0,0.096,13,192.85,1999,1,0,0,25,12.0901510877061,5136.96
16.69,0,0.065,1,179.87,1999,1,0,0,25,10.77646635911569,5037.39
13.68,1,0.115,9,127.8,2009,1,1,3,15,9.341422410642497,3292.5
14.73,0,0.035,0,158.53,1987,0,1,2,37,10.761659086280632,4157.02
12.84,0,0.055,6,146.43,2009,1,1,3,15,11.403317498637179,3482.97
14.38,0,0.035,14,181.77,1987,0,1,2,37,12.639593908629442,4554.0
10.79,0,0.026,0,109.02,1998,2,2,1,26,10.10286349735891,2255.11
8.48,0,0.019,5,134.6,1998,2,2,1,26,15.870769956373069,2255.29
14.53,2,0.05,3,200.91,1999,1,0,0,25,13.826302387998075,5500.38
14.8,2,0.147,0,145.64,2009,1,1,3,15,9.8398756840754,3910.7
13.04,1,0.025,9,200.01,1987,0,1,2,37,15.337014032666207,3042.18
12.0,0,0.085,14,128.95,2009,1,1,3,15,10.744937921839846,2936.09
11.83,2,0.128,5,139.06,2009,1,1,3,15,11.753866959682192,3103.13
12.8,0,0.036,10,115.4,2009,1,1,3,15,9.014920709319584,2839.78
8.04,0,0.013,4,108.38,1998,2,2,1,26,13.478423081706257,1620.7
9.79,0,0.027,4,136.67,2009,1,1,3,15,13.958737616178123,2593.29
13.96,0,0.035,5,155.03,2009,1,1,3,15,11.104505407922069,3911.82
10.99,1,0.112,9,127.18,2009,1,1,3,15,11.571285597306888,2670.65
11.82,0,0.049,4,114.8,2009,1,1,3,15,9.71153032738347,2604.57
10.94,0,0.147,3,157.42,2009,1,1,3,15,14.388081528196691,3278.64
14.85,0,0.13,0,182.46,1987,0,1,2,37,12.286041344017239,4675.62
11.09,2,0.067,6,129.2,2009,1,1,3,15,11.649084843566856,2734.63
10.66,1,0.017,9,131.07,2009,1,1,3,15,12.294343870181034,2675.79
14.67,1,0.03,11,155.11,1987,0,1,2,37,10.572558107831778,4073.4
13.9,1,0.079,9,159.87,2009,1,1,3,15,11.500611466800951,3997.08
14.12,1,0.069,8,182.13,1987,0,1,2,37,12.897811769704695,4503.45
11.62,2,0.055,0,141.13,2009,1,1,3,15,12.144393769899322,3098.22
18.23,0,0.013,10,235.59,1999,1,0,0,25,12.92249465196643,6525.54
10.69,2,0.055,13,117.61,1987,0,1,2,37,11.00084182957628,2408.33
14.47,2,0.037,7,191.5,1987,0,1,2,37,13.233363278280699,4773.96
14.82,1,0.031,8,204.52,1999,1,0,0,25,13.799338776060996,5119.97
11.75,0,0.076,6,148.84,2009,1,1,3,15,12.666156071823675,3287.37
11.35,2,0.018,10,84.89,1998,2,2,1,26,7.478636243502776,1888.47
8.95,0,0.129,10,113.79,1998,2,2,1,26,12.7125460842364,1937.49
13.17,0,0.075,6,185.03,1999,1,0,0,25,14.048287905246376,4347.91
11.91,0,0.096,13,125.39,2009,1,1,3,15,10.527243724288473,2842.55
11.83,1,0.045,8,162.44,2009,1,1,3,15,13.730031273772294,3582.89
10.88,0,0.048,1,143.6,2009,1,1,3,15,13.197316423122874,2983.21
14.0,0,0.128,6,150.72,2009,1,1,3,15,10.76494536104564,3833.2
10.61,0,0.037,6,83.75,1998,2,2,1,26,7.892752803694281,1697.32
12.93,0,0.042,4,152.25,2009,1,1,3,15,11.77403139741706,3621.89
15.6,0,0.066,14,138.77,2009,1,1,3,15,8.894942631882573,3951.18
9.21,0,0.085,0,131.19,1987,0,1,2,37,14.242753229833893,2351.23
8.73,0,0.056,13,101.72,1998,2,2,1,26,11.650440957507731,1638.91
12.93,2,0.019,10,134.66,2009,1,1,3,15,10.413734436625164,3262.85
11.96,0,0.023,1,152.68,2009,1,1,3,15,12.764818995067301,3413.21
12.26,0,0.122,6,196.93,1999,1,0,0,25,16.061495799690075,4385.08
10.12,0,0.082,10,79.92,1987,0,1,2,37,7.896452919671971,3164.09
12.55,1,0.011,9,147.76,2009,1,1,3,15,11.772767110190422,3445.18
12.63,2,0.027,10,124.38,2009,1,1,3,15,9.84720133006096,2983.74
16.46,0,0.173,6,200.07,1999,1,0,0,25,12.15418261344997,5398.91
10.23,0,0.129,14,54.23,1998,2,2,1,26,5.300557130290294,1005.98
9.84,0,0.111,5,106.15,1998,2,2,1,26,10.786505436439388,1982.25
14.78,0,0.039,3,212.84,1999,1,0,0,25,14.399567011704216,5280.86
14.12,2,0.136,5,177.84,1999,1,0,0,25,12.594008922880818,5994.95
11.81,0,0.049,13,91.15,1998,2,2,1,26,7.71738210143087,2118.65
13.94,0,0.084,13,153.75,2009,1,1,3,15,11.02862061545083,3882.8
12.46,0,0.034,0,155.39,2009,1,1,3,15,12.47010673300698,3581.14
12.9,0,0.078,10,138.44,2009,1,1,3,15,10.730951089062863,3333.76
14.13,0,0.038,15,174.77,1999,1,0,0,25,12.36784374778855,4354.85
14.42,2,0.038,13,181.92,1987,0,1,2,37,12.614936550863325,4565.76
11.87,0,0.037,10,169.4,2009,1,1,3,15,14.270069918288268,3732.96
13.07,2,0.053,3,123.25,2009,1,1,3,15,9.429270905056997,3061.13
13.13,1,0.024,11,179.25,1999,1,0,0,25,13.650902444596756,4220.47
16.58,2,0.184,3,148.33,1999,1,0,0,25,8.945781315964057,4367.87
11.85,0,0.112,13,181.27,2009,1,1,3,15,15.295755632436084,3972.18
15.89,0,0.076,5,201.66,1999,1,0,0,25,12.690202001132716,5123.21
10.83,2,0.014,10,178.78,2009,1,1,3,15,16.506324439109964,3690.18
15.52,1,0.107,9,213.87,1999,1,0,0,25,13.779395657496297,5469.73
13.83,0,0.018,0,146.23,2009,1,1,3,15,10.572626708119442,3701.84
13.01,1,0.034,8,188.6,1999,1,0,0,25,14.495426946429944,4384.31
15.29,0,0.105,4,166.6,1999,1,0,0,25,10.89529788764633,4448.61
9.61,2,0.06,6,128.02,1987,0,1,2,37,13.320153990219543,2376.4
15.88,1,0.047,9,180.04,1987,0,1,2,37,11.336817580756879,4857.42
12.57,1,0.015,8,206.35,1987,0,1,2,37,16.41476413968658,4649.0
13.91,2,0.02,10,131.4,2009,1,1,3,15,9.44576234634462,3416.75
13.14,0,0.019,6,119.61,2009,1,1,3,15,9.102047028384446,3002.57
10.05,0,0.167,13,123.55,1987,0,1,2,37,12.292309222962889,2385.41
15.75,0,0.1,6,179.35,1987,0,1,2,37,11.386578629928259,4813.71
12.18,0,0.093,4,177.17,2009,1,1,3,15,14.544782858550201,3962.09
9.29,0,0.09,10,95.01,1998,2,2,1,26,10.226025185663547,1628.81
12.22,2,0.082,5,172.53,2009,1,1,3,15,14.117502659356845,3877.11
11.31,0,0.071,13,165.68,2009,1,1,3,15,14.647688091238617,3531.54
15.86,2,0.054,6,174.17,1987,0,1,2,37,10.981022634134039,4733.84
13.64,0,0.1,0,159.32,2009,1,1,3,15,11.679495638149696,3927.1
12.49,1,0.036,8,151.74,2009,1,1,3,15,12.147946521495477,3512.8
10.43,0,0.021,5,108.43,1998,2,2,1,26,10.394976512319051,2160.95
13.05,0,0.076,10,149.28,2009,1,1,3,15,11.438203969044517,3589.07
10.49,0,0.047,0,122.86,1987,0,1,2,37,11.71099037270041,2468.94
11.36,0,0.097,0,136.92,2009,1,1,3,15,12.051756007393715,2955.42
13.59,0,0.046,5,176.65,1999,1,0,0,25,12.997571922595837,4271.89
18.65,2,0.093,5,155.21,1999,1,0,0,25,8.321805801297518,4975.48
17.66,0,0.101,6,169.26,1999,1,0,0,25,9.583828775267538,5039.34
12.69,1,0.196,9,163.32,2009,1,1,3,15,12.86896225671736,3793.99
10.77,0,0.11,5,173.1,2009,1,1,3,15,16.07093120415932,3561.05
11.14,1,0.099,9,147.29,2009,1,1,3,15,13.22053675612602,3117.58
15.45,2,0.162,6,199.37,1999,1,0,0,25,12.903371950035599,5157.18
12.77,2,0.009,0,172.19,2009,1,1,3,15,13.482890924751391,3995.27
13.14,0,0.016,13,136.33,2009,1,1,3,15,10.374400730538012,3345.0
13.52,0,0.1,6,185.4,1999,1,0,0,25,13.712003550033282,4435.15
14.3,2,0.094,6,163.52,1987,0,1,2,37,11.434165442976017,4162.05
12.09,0,0.102,13,135.79,2009,1,1,3,15,11.230667438590688,3095.06
10.54,2,0.094,6,151.96,2009,1,1,3,15,14.416089555070679,3076.33
13.91,0,0.13,6,193.95,1987,0,1,2,37,13.942204011214146,4698.38
13.27,2,0.042,0,153.54,2009,1,1,3,15,11.569587823072865,3726.43
6.16,0,0.047,6,96.51,1987,0,1,2,37,15.66466482713845,4439.28
8.95,1,0.05,8,131.45,1998,2,2,1,26,14.685509998882807,2296.61
12.24,0,0.065,2,87.91,1998,2,2,1,26,7.181602810227923,2151.04
8.52,0,0.013,10,131.41,1998,2,2,1,26,15.421898838164536,2199.62
9.79,0,0.141,13,71.57,1998,2,2,1,26,7.309774282504341,1262.87
11.32,0,0.066,0,130.05,2009,1,1,3,15,11.487501104142744,2804.28
9.39,1,0.09,8,191.52,2009,1,1,3,15,20.39399424981365,3626.06
13.1,2,0.024,4,209.51,1987,0,1,2,37,15.99190901457904,4832.27
14.09,0,0.151,3,169.31,1999,1,0,0,25,12.015470867929885,4234.89
14.75,0,0.021,4,160.82,1999,1,0,0,25,10.902311707680836,4209.87
16.01,2,0.126,5,163.85,1987,0,1,2,37,10.23358940728249,4556.62
17.56,1,0.105,9,171.77,1999,1,0,0,25,9.781333637036616,5068.3
12.41,0,0.015,6,172.0,2009,1,1,3,15,13.858673757150916,3909.74
10.18,0,0.02,13,142.08,2009,1,1,3,15,13.955407130930167,2792.58
14.08,0,0.019,1,159.17,1987,0,1,2,37,11.303884667282153,4024.9
12.79,2,0.082,10,199.42,1987,0,1,2,37,15.590649675553124,4555.53
14.14,0,0.046,0,179.03,1998,2,2,1,26,12.660349338802066,1463.06
11.59,0,0.021,13,192.9,1987,0,1,2,37,16.64222241394185,4151.13
14.35,0,0.116,10,145.74,2009,1,1,3,15,10.155389868301862,3809.87
12.36,0,0.017,5,139.8,2009,1,1,3,15,11.30976458215355,3238.85
13.19,1,0.051,9,171.04,1987,0,1,2,37,12.966416496095823,4066.43
13.27,0,0.047,14,134.1,2009,1,1,3,15,10.104739657900685,3328.92
11.76,0,0.172,10,156.41,2009,1,1,3,15,13.299039197347165,3443.71
14.67,1,0.115,9,175.61,1999,1,0,0,25,11.96987253765933,4493.22
12.91,2,0.084,5,143.81,2009,1,1,3,15,11.138564015180854,3445.53
10.48,0,0.042,3,133.1,2009,1,1,3,15,12.699169926533727,2676.49
10.75,0,0.061,2,133.29,2009,1,1,3,15,12.397916472886243,2743.23
11.09,0,0.076,1,111.05,1987,0,1,2,37,10.012622847353711,2363.7
14.12,0,0.151,6,140.95,2009,1,1,3,15,9.981587706253098,3659.99
9.57,1,0.019,11,124.26,1998,2,2,1,26,12.982969386688957,2291.34
12.18,2,0.181,3,126.06,2009,1,1,3,15,10.348904030867745,2918.04
14.75,0,0.153,13,173.07,1999,1,0,0,25,11.732763880414888,4459.49
15.25,2,0.057,4,181.76,1987,0,1,2,37,11.91790702249033,4751.31
13.23,0,0.037,6,151.76,2009,1,1,3,15,11.470032499433149,3681.34
12.62,0,0.007,15,181.96,1987,0,1,2,37,14.417241106093021,4159.59
10.9,0,0.013,13,91.2,1998,2,2,1,26,8.366204935327035,1914.14
14.19,0,0.028,5,155.48,2009,1,1,3,15,10.956239870340356,3972.98
11.85,0,0.061,0,182.97,1987,0,1,2,37,15.439203442747448,4007.47
11.91,0,0.059,10,192.83,1999,1,0,0,25,16.189236839895898,4221.73
10.42,2,0.032,1,98.53,1998,2,2,1,26,9.454946742155265,1955.4
15.27,1,0.061,11,142.14,2009,1,1,3,15,9.307838386484185,3945.36
11.17,0,0.016,10,137.87,2009,1,1,3,15,12.341777817563335,4447.91
12.84,0,0.089,13,109.71,2009,1,1,3,15,8.543727124055758,2732.63
13.25,1,0.104,9,107.7,2009,1,1,3,15,8.127688476341408,2783.85
14.0,0,0.016,6,212.16,1999,1,0,0,25,15.153203342618385,5090.19
10.13,0,0.037,13,127.12,1987,0,1,2,37,12.547626098114698,2475.94
14.58,2,0.192,6,151.33,2009,1,1,3,15,10.378574857691518,3976.98
9.95,1,0.09,9,166.52,2009,1,1,3,15,16.733996583257966,3240.92
12.71,0,0.152,4,172.23,2009,1,1,3,15,13.549681378333725,3982.96
16.22,2,0.188,0,142.3,1987,0,1,2,37,8.772578755933667,4163.07
14.3,2,0.065,1,189.18,1987,0,1,2,37,13.228445563247325,4688.09
14.45,0,0.049,13,202.59,1987,0,1,2,37,14.019099024288979,4995.61
15.09,2,0.006,6,160.76,1999,1,0,0,25,10.652706911404149,4284.66
11.19,1,0.015,9,155.38,2009,1,1,3,15,13.884371369850774,3293.82
10.55,1,0.159,9,139.07,2009,1,1,3,15,13.180741161975167,2814.49
12.22,2,0.025,6,167.18,2009,1,1,3,15,13.67973160952459,3767.37
13.39,1,0.022,11,153.93,2009,1,1,3,15,11.495033978044956,3760.81
12.24,0,0.042,0,219.05,1987,0,1,2,37,17.89477983824851,4833.51
10.87,1,0.026,8,141.53,2009,1,1,3,15,13.019041486523781,2937.57
11.55,1,0.038,8,148.36,2009,1,1,3,15,12.843909618214875,3231.34
11.99,0,0.031,5,128.57,2009,1,1,3,15,10.722208322908848,2925.62
11.0,0,0.022,5,212.03,1999,1,0,0,25,19.273702390691756,4409.57
16.33,0,0.099,13,165.11,1987,0,1,2,37,10.110219827322272,4653.82
12.27,0,0.035,3,137.97,2009,1,1,3,15,11.243582430119796,3180.66
8.34,0,0.056,3,78.84,1987,0,1,2,37,9.452104064260881,2753.6
13.43,2,0.123,6,133.58,2009,1,1,3,15,9.945648127466312,3354.74
10.95,0,0.039,3,123.62,2009,1,1,3,15,11.288466806684323,2589.45
14.38,0,0.033,5,120.04,2009,1,1,3,15,8.347124678395105,3292.32
13.7,0,0.171,7,135.23,2009,1,1,3,15,9.8700824757317,3448.01
12.12,0,0.081,2,116.42,2009,1,1,3,15,9.604818084316477,2706.89
15.33,2,0.137,13,228.45,1999,1,0,0,25,14.901180614441328,5724.5
13.46,1,0.063,9,192.52,1987,0,1,2,37,14.302057796597579,4566.7
11.36,2,0.195,6,116.67,2009,1,1,3,15,10.269342487457092,2540.46
15.06,0,0.034,13,165.64,1999,1,0,0,25,10.99794170373813,4378.06
11.39,2,0.059,6,134.62,2009,1,1,3,15,11.818102010359055,2914.81
14.3,0,0.044,10,145.52,2009,1,1,3,15,10.17551220194392,3795.54
12.99,0,0.082,10,169.17,2009,1,1,3,15,13.022092217689169,3983.52
9.47,0,0.168,0,123.68,1998,2,2,1,26,13.058811107591596,2256.25
11.92,2,0.062,1,131.12,2009,1,1,3,15,10.999077258619245,2961.25
12.73,0,0.043,4,147.27,2009,1,1,3,15,11.567826565077372,3476.51
10.3,0,0.016,6,107.68,1998,2,2,1,26,10.453354043296768,2116.15
16.4,0,0.01,10,208.33,1999,1,0,0,25,12.702274251570028,5554.72
15.45,0,0.033,6,172.22,1987,0,1,2,37,11.146204129182578,4600.06
13.15,0,0.064,5,175.29,1987,0,1,2,37,13.329024408790206,3118.36
13.7,2,0.061,6,173.67,1999,1,0,0,25,12.675717100941537,4234.21
13.89,2,0.048,5,155.59,2009,1,1,3,15,11.200777481822763,3908.2
12.02,1,0.12,9,128.77,2009,1,1,3,15,10.712087180766993,2937.3
12.88,2,0.01,6,181.93,1999,1,0,0,25,14.123903423647233,4217.82
10.64,0,0.168,3,152.01,2009,1,1,3,15,14.285311530871159,3099.3
9.59,1,0.05,8,126.44,1987,0,1,2,37,13.183192576373685,2340.63
10.14,2,0.077,5,127.87,1987,0,1,2,37,12.60921013706735,2493.74
14.95,0,0.042,5,141.04,2009,1,1,3,15,9.43348271018661,3849.96
11.56,0,0.113,6,151.4,2009,1,1,3,15,13.095752962546493,3439.42
12.18,0,0.099,4,172.32,2009,1,1,3,15,14.14662178803054,3864.24
13.26,0,0.013,13,154.63,1998,2,2,1,26,11.660508257295831,1088.62
15.43,0,0.047,5,167.03,1999,1,0,0,25,10.824314691206014,4490.57
15.82,1,0.016,9,155.22,1999,1,0,0,25,9.81101068200493,4336.55
12.48,0,0.035,1,158.46,2009,1,1,3,15,12.696098069064979,3647.26
13.3,0,0.113,3,139.09,2009,1,1,3,15,10.457108488083604,3436.14
11.06,0,0.014,14,85.09,1998,2,2,1,26,7.692794503209475,1826.98
14.16,1,0.046,9,120.08,2009,1,1,3,15,8.479627144975638,3242.93
14.39,2,0.047,14,191.54,1987,0,1,2,37,13.309707456048919,4756.86
13.4,1,0.024,9,101.68,2009,1,1,3,15,7.58749347063652,2694.77
11.4,0,0.024,7,113.14,1987,0,1,2,37,9.92369090430664,2477.46
13.9,1,0.023,9,179.14,1999,1,0,0,25,12.886842673188978,4393.11
14.31,2,0.133,12,154.2,2009,1,1,3,15,10.774928376773111,3973.92
12.21,1,0.061,9,158.79,2009,1,1,3,15,13.00384898861682,3594.43
11.68,1,0.015,9,163.8,2009,1,1,3,15,14.022772022943244,3576.8
11.09,0,0.128,13,90.68,1987,0,1,2,37,8.175998557388874,3152.08
9.85,0,0.121,6,104.63,1998,2,2,1,26,10.621256725205564,1951.93
17.13,0,0.045,1,207.68,1999,1,0,0,25,12.123051777479423,5705.75
10.21,0,0.034,4,124.16,1987,0,1,2,37,12.159435902458133,2432.97
13.73,1,0.022,9,155.08,2009,1,1,3,15,11.294151919015368,3861.92
14.09,0,0.021,14,79.15,1987,0,1,2,37,5.617060535093323,2389.08
10.85,0,0.151,5,167.37,2009,1,1,3,15,15.424384849322644,3462.07
16.77,0,0.007,13,187.53,1999,1,0,0,25,11.181801919980918,5211.42
13.61,2,0.139,10,168.22,1987,0,1,2,37,12.35912129894938,4103.73
12.24,0,0.037,5,155.81,2009,1,1,3,15,12.72853525038804,3540.32
13.31,0,0.012,10,193.19,1987,0,1,2,37,14.513560213357373,4545.39
9.96,0,0.029,13,147.98,2009,1,1,3,15,14.855938158819395,2864.34
12.28,0,0.031,13,172.48,2009,1,1,3,15,14.044458920283365,3890.84
12.16,0,0.017,10,123.61,2009,1,1,3,15,10.164460159526355,2862.12
11.83,0,0.023,0,152.2,2009,1,1,3,15,12.864508494632744,3372.79
13.32,0,0.027,6,167.54,1987,0,1,2,37,12.57713384881015,4023.18
13.51,0,0.033,14,165.08,1987,0,1,2,37,12.218192583820592,4017.37
13.6,0,0.021,10,155.14,2009,1,1,3,15,11.406514226895082,3833.12
14.86,1,0.162,8,151.92,1987,0,1,2,37,10.22273063723841,4051.45
14.46,2,0.113,3,187.74,1987,0,1,2,37,12.98250466772699,4694.28
19.01,0,0.099,13,181.17,1999,1,0,0,25,9.52974593656304,5587.58
10.35,0,0.044,14,121.94,1987,0,1,2,37,11.780504299101537,2418.61
15.25,1,0.176,9,152.71,1987,0,1,2,37,10.013113894170875,4157.51
13.77,0,0.037,0,170.67,1987,0,1,2,37,12.393435480357272,4189.4
10.63,1,0.14,8,129.02,2009,1,1,3,15,12.136205436929734,2627.24
10.47,0,0.032,3,119.68,1987,0,1,2,37,11.42966287842613,2399.89
10.73,0,0.033,14,113.57,1987,0,1,2,37,10.583356630323362,2333.46
8.88,2,0.061,5,127.76,1998,2,2,1,26,14.385767368539579,2207.15
12.97,2,0.131,6,174.0,1987,0,1,2,37,13.414540127977796,4075.66
13.23,0,0.061,13,129.3,2009,1,1,3,15,9.772503967954048,3222.07
16.49,2,0.031,5,155.06,1998,2,2,1,26,9.402704505487842,950.99
17.36,0,0.085,3,147.81,1987,0,1,2,37,8.513910489027129,4531.9
14.04,2,0.046,13,176.28,1999,1,0,0,25,12.554661348906775,4365.38
12.26,0,0.191,6,122.08,2009,1,1,3,15,9.956773509501673,2853.75
13.76,0,0.009,6,134.24,2009,1,1,3,15,9.75510500690357,3440.9
13.98,0,0.017,10,156.46,2009,1,1,3,15,11.190901938344897,3945.58
12.53,0,0.039,14,155.82,2009,1,1,3,15,12.434761790758918,3604.26
11.21,2,0.007,13,107.6,1987,0,1,2,37,9.597716528409597,2321.37
10.03,0,0.027,14,120.4,1987,0,1,2,37,12.002791346824845,2315.58
11.38,2,0.062,14,191.36,1987,0,1,2,37,16.813988225990688,4073.7
13.32,0,0.076,6,175.0,1987,0,1,2,37,13.137151865475564,4175.82
14.04,2,0.032,6,189.78,1999,1,0,0,25,13.516131329677375,5216.38
12.05,0,0.037,0,181.65,1987,0,1,2,37,15.07343788897187,4025.49
10.76,0,0.078,14,174.99,2009,1,1,3,15,16.261499860607753,5204.13
14.65,0,0.031,5,160.7,1987,0,1,2,37,10.968534571019042,4185.3
11.11,0,0.074,6,126.6,2009,1,1,3,15,11.394113941139413,2474.62
10.81,2,0.14,10,106.93,1998,2,2,1,26,9.890851910091573,2216.68
13.62,1,0.021,8,121.39,2009,1,1,3,15,8.91197415755084,3146.23
12.44,0,0.041,4,175.32,2009,1,1,3,15,14.092114781769954,3983.94
15.05,0,0.057,3,113.28,2009,1,1,3,15,7.526410205301973,3303.92
14.34,0,0.177,6,134.41,2009,1,1,3,15,9.372428700927411,3577.03
6.61,0,0.071,7,109.29,1998,2,2,1,26,16.53153834518227,1315.05
10.16,1,0.103,8,133.41,2009,1,1,3,15,13.129613227044583,2611.24
14.48,0,0.128,3,127.85,2009,1,1,3,15,8.82881016504385,3472.91
13.07,0,0.188,6,123.16,2009,1,1,3,15,9.422385433402187,3058.25
9.47,0,0.149,5,100.97,1998,2,2,1,26,10.660965051208953,1791.34
16.97,2,0.057,0,155.79,1987,0,1,2,37,9.179777267102704,4609.26
10.71,1,0.01,9,141.84,2009,1,1,3,15,13.24246102137989,2908.17
12.97,1,0.071,9,171.6,1987,0,1,2,37,13.229511988281551,4027.27
13.83,0,0.072,10,183.21,1999,1,0,0,25,13.24633070638421,4459.51
14.09,0,0.064,13,187.21,1987,0,1,2,37,13.28578525299837,4600.44
13.86,0,0.053,3,143.94,2009,1,1,3,15,10.384532140538202,3663.5
13.2,0,0.065,13,115.26,2009,1,1,3,15,8.731156730550717,2927.41
15.18,0,0.094,4,146.11,1987,0,1,2,37,9.624530663329162,4005.13
15.94,0,0.046,5,195.24,1999,1,0,0,25,12.247663258264852,5183.43
11.38,0,0.148,6,146.4,2009,1,1,3,15,12.863544503997892,3152.83
13.18,0,0.119,0,145.25,2009,1,1,3,15,11.019649495485927,3535.35
10.84,2,0.034,2,77.26,1998,2,2,1,26,7.126648833133475,1615.93
14.08,0,0.097,14,129.55,2009,1,1,3,15,9.200340884880337,3419.29
8.41,2,0.012,6,134.61,1998,2,2,1,26,16.0040423255261,2239.9
12.99,0,0.083,6,113.91,2009,1,1,3,15,8.768378107920869,2851.45
9.29,1,0.174,9,136.72,1987,0,1,2,37,14.715315897104727,2482.01
15.15,0,0.099,1,185.73,1987,0,1,2,37,12.258596792290938,4808.46
12.24,1,0.061,9,178.91,1987,0,1,2,37,14.615635977452822,4011.83
10.38,0,0.036,6,116.66,1987,0,1,2,37,11.237838358539639,2317.31
14.01,0,0.141,14,193.58,1987,0,1,2,37,13.816287202912,4712.78
12.65,1,0.038,9,137.61,2009,1,1,3,15,10.8774009959687,3258.76
12.45,2,0.03,13,137.85,2009,1,1,3,15,11.071399887559233,3220.32
12.02,0,0.049,6,149.09,2009,1,1,3,15,12.402462357540971,3352.57
12.06,2,0.017,5,139.54,2009,1,1,3,15,11.569521598540751,4409.76
13.07,0,0.167,6,182.56,1999,1,0,0,25,13.966796725575703,4274.17
13.15,0,0.025,14,159.47,2009,1,1,3,15,12.126074062808913,3820.25
13.76,0,0.036,6,145.03,2009,1,1,3,15,10.539204999636654,3662.76
11.67,2,0.035,6,140.95,2009,1,1,3,15,12.076942849798646,3105.81
13.26,0,0.093,13,95.67,2009,1,1,3,15,7.214388055199458,2540.04
12.72,2,0.068,10,134.18,2009,1,1,3,15,10.547912899929251,3205.09
10.93,0,0.089,4,189.17,2009,1,1,3,15,17.30582746317812,3926.74
11.16,0,0.143,13,174.91,2009,1,1,3,15,15.671534808708897,3686.4
12.43,2,0.066,0,165.24,2009,1,1,3,15,13.29257501407771,3776.27
11.88,0,0.01,6,128.98,2009,1,1,3,15,10.855988553152091,2910.11
7.67,0,0.05,3,100.18,1998,2,2,1,26,13.059575022813194,1369.23
13.42,2,0.17,5,155.68,2009,1,1,3,15,11.599731763653976,3803.58
15.65,0,0.149,13,175.07,1987,0,1,2,37,11.185866717781611,4703.47
13.69,2,0.126,0,163.53,1987,0,1,2,37,11.944342999050471,4024.95
13.13,2,0.077,14,220.88,1999,1,0,0,25,16.821262660878837,5073.08
12.63,0,0.176,3,160.53,2009,1,1,3,15,12.709207505343995,3724.49
13.66,2,0.035,14,122.04,2009,1,1,3,15,8.933460215211186,3168.81
13.51,0,0.123,4,140.42,2009,1,1,3,15,10.393013100436681,3511.58
11.12,1,0.054,8,132.56,2009,1,1,3,15,11.919791385666759,2811.46
10.45,0,0.175,10,150.68,2009,1,1,3,15,14.417759066118077,3030.79
10.54,0,0.066,3,127.66,2009,1,1,3,15,12.110805426430131,2579.64
12.14,2,0.023,3,120.46,2009,1,1,3,15,9.921752738654147,2794.29
13.98,0,0.029,0,124.55,2009,1,1,3,15,8.908518703955368,3293.66
12.61,2,0.102,12,108.18,2009,1,1,3,15,8.578225358813736,2647.83
15.78,0,0.007,10,183.84,1987,0,1,2,37,11.649451872504912,4913.85
9.35,2,0.034,5,115.31,1998,2,2,1,26,12.33130146508395,2058.19
12.46,0,0.039,5,153.41,2009,1,1,3,15,12.311210978252147,3541.19
14.43,0,0.115,6,181.83,1987,0,1,2,37,12.599958422839721,4566.17
10.76,2,0.018,13,154.09,2009,1,1,3,15,14.319301180187717,3169.26
9.53,0,0.025,13,95.43,1998,2,2,1,26,10.012590494176898,1691.6
14.4,0,0.025,0,166.87,1999,1,0,0,25,11.587389764599681,4253.83
12.59,1,0.026,9,142.45,2009,1,1,3,15,11.313636724644587,3345.89
15.73,0,0.066,13,182.77,1987,0,1,2,37,11.618460364884623,3443.57
12.94,1,0.286,9,194.75,1999,1,0,0,25,15.049068850938877,4494.62
14.39,0,0.041,13,151.62,2009,1,1,3,15,10.535751511361267,3940.36
12.16,2,0.092,5,115.92,2009,1,1,3,15,9.532110846147521,2705.2
10.77,0,0.036,0,103.87,1998,2,2,1,26,9.6434871413982,2144.87
8.59,2,0.061,10,118.84,1998,2,2,1,26,13.8330811314166,1958.5
12.57,0,0.085,0,156.28,2009,1,1,3,15,12.43178744729934,3622.69
14.65,1,0.122,8,175.07,1999,1,0,0,25,11.949354992833253,4477.82
12.43,0,0.03,6,137.89,2009,1,1,3,15,11.092430214785617,3215.91
12.84,0,0.066,13,158.02,2009,1,1,3,15,12.305895179503155,3720.69
16.48,0,0.086,5,175.86,1999,1,0,0,25,10.670469024937807,4909.21
10.14,2,0.027,6,147.2,2009,1,1,3,15,14.515333793511488,4740.12
14.03,2,0.048,4,144.28,2009,1,1,3,15,10.282944907704369,3708.97
9.87,2,0.06,10,162.34,2009,1,1,3,15,16.4461554047209,3137.52
15.73,0,0.102,7,132.78,2009,1,1,3,15,8.440658572245884,3856.65
10.58,0,0.032,10,115.12,1987,0,1,2,37,10.879879028447217,2331.74
9.48,0,0.027,4,87.64,1998,2,2,1,26,9.243750659213163,1522.14
14.14,2,0.034,5,153.5,2009,1,1,3,15,10.854960752422036,3921.9
14.48,2,0.032,6,176.27,1999,1,0,0,25,12.172501899040123,4465.21
12.95,2,0.119,5,168.02,2009,1,1,3,15,12.973515558644122,3950.9
10.71,0,0.128,5,120.38,1987,0,1,2,37,11.238913266735132,2468.89
12.84,0,0.031,6,108.5,2009,1,1,3,15,8.449497702671133,2708.08
8.23,0,0.111,3,150.56,2009,1,1,3,15,18.291823593731017,2526.52
10.67,0,0.11,6,142.82,2009,1,1,3,15,13.383937775278794,2918.65
13.27,2,0.132,4,120.71,2009,1,1,3,15,9.095772737548037,3053.49
15.91,0,0.067,5,150.05,1999,1,0,0,25,9.430582615800391,4250.77
13.57,2,0.081,10,133.88,2009,1,1,3,15,9.865153636430623,3392.46
11.88,0,0.14,0,165.99,2009,1,1,3,15,13.97104620823163,3666.84
14.43,2,0.079,0,161.34,1987,0,1,2,37,11.18009839927933,4148.8
16.36,0,0.011,3,160.12,1987,0,1,2,37,9.786687855265571,4558.21
14.22,1,0.098,8,129.29,2009,1,1,3,15,9.091484424442726,3443.99
13.24,2,0.071,0,159.6,2009,1,1,3,15,12.053470281700777,3843.76
13.0,2,0.128,6,160.02,2009,1,1,3,15,12.308283978155528,3797.5
14.87,0,0.185,6,126.36,2009,1,1,3,15,8.497074843655437,3531.51
11.26,1,0.047,9,133.02,2009,1,1,3,15,11.812450048841136,2851.53
14.17,0,0.074,6,155.33,2009,1,1,3,15,10.961117775739186,3966.44
7.3,2,0.033,3,133.38,1998,2,2,1,26,18.26873031091631,1963.62
13.09,0,0.143,5,135.76,2009,1,1,3,15,10.370483538308761,3320.51
12.13,0,0.038,10,137.0,2009,1,1,3,15,11.2933805951694,3129.14
13.51,1,0.022,8,170.11,1987,0,1,2,37,12.59048182962031,4119.5
11.29,0,0.028,5,147.07,2009,1,1,3,15,13.025418474891508,3146.78
13.98,1,0.025,9,143.1,2009,1,1,3,15,10.235319361991273,3672.74
14.44,0,0.077,13,161.24,1987,0,1,2,37,11.165431756803548,4146.75
10.36,0,0.021,0,139.05,2009,1,1,3,15,13.420519254898178,2771.99
9.2,0,0.021,5,167.83,2009,1,1,3,15,18.240408651233565,3098.13
9.2,0,0.033,7,119.43,1998,2,2,1,26,12.98011085751549,2108.04
11.76,0,0.021,13,158.84,2009,1,1,3,15,13.505654281098547,3493.01
11.27,0,0.082,6,125.62,2009,1,1,3,15,11.1454174429953,2702.04
11.54,2,0.035,12,152.03,2009,1,1,3,15,13.173035265574908,3303.99
15.24,0,0.059,0,141.0,2009,1,1,3,15,9.251361459221837,3913.45
15.78,2,0.121,6,212.3,1999,1,0,0,25,13.452886382358534,3666.96
10.91,0,0.05,5,129.6,2009,1,1,3,15,11.877921363761342,2703.23
10.04,0,0.053,7,116.84,1998,2,2,1,26,11.636291206055176,2244.87
15.32,0,0.09,2,146.0,1987,0,1,2,37,9.529404085895177,4034.35
14.92,2,0.12,10,174.81,1987,0,1,2,37,11.715702700891361,4533.9
11.95,2,0.033,5,103.91,1999,1,0,0,25,8.694669902100243,5701.71
11.53,0,0.056,6,126.87,2009,1,1,3,15,11.002514959673924,2787.29
16.08,0,0.232,14,205.12,1999,1,0,0,25,12.755425657608358,5416.25
11.64,0,0.211,3,139.59,2009,1,1,3,15,11.9912378661627,3072.54
10.16,1,0.021,9,107.56,1998,2,2,1,26,10.585572286192305,2083.22
11.3,0,0.015,3,114.98,1987,0,1,2,37,10.174320856561366,2492.82
11.48,1,0.099,11,122.62,2009,1,1,3,15,10.680254333246234,2689.48
15.49,0,0.04,10,216.04,1999,1,0,0,25,13.946162287780002,5507.15
16.76,0,0.08,13,155.36,1987,0,1,2,37,9.269136686355228,4552.6
16.22,2,0.038,3,138.84,1987,0,1,2,37,8.559275013870908,4092.23
11.61,0,0.069,13,135.73,2009,1,1,3,15,11.689776935664456,2986.81
11.96,2,0.108,13,134.84,2009,1,1,3,15,11.27330490761642,3046.32
12.27,2,0.064,13,195.1,1999,1,0,0,25,15.899274712737348,4350.77
12.45,1,0.046,8,164.01,2009,1,1,3,15,13.172435948919766,3755.52
13.36,0,0.067,13,124.34,2009,1,1,3,15,9.306189656462841,3148.42
14.22,0,0.077,0,148.2,2009,1,1,3,15,10.421208072568735,2403.57
13.99,0,0.058,6,122.83,2009,1,1,3,15,8.779215209777714,3259.16
8.93,0,0.038,5,97.79,1998,2,2,1,26,10.949501735527939,1603.34
14.19,0,0.093,14,198.31,1987,0,1,2,37,13.974349940102883,4849.99
12.68,2,0.038,0,185.23,1999,1,0,0,25,14.606892200930526,4240.75
13.97,2,0.036,4,121.44,2009,1,1,3,15,8.692291174575907,3227.91
13.64,1,0.017,9,213.35,1999,1,0,0,25,15.640348948024338,5032.64
10.69,2,0.054,4,132.9,2009,1,1,3,15,12.431016743054908,2720.99
12.65,0,0.04,5,124.33,2009,1,1,3,15,9.827681606197139,2987.74
11.82,2,0.186,4,109.6,1987,0,1,2,37,9.27163522544624,2499.78
10.44,0,0.023,10,145.83,2009,1,1,3,15,13.967052964275455,2927.84
11.65,2,0.067,6,153.86,2009,1,1,3,15,13.205733413440909,3632.78
7.98,0,0.074,4,82.52,1998,2,2,1,26,10.33955644656058,1077.4
10.03,0,0.137,4,150.09,2009,1,1,3,15,14.962615890738713,2922.6
14.34,0,0.104,6,127.5,2009,1,1,3,15,8.890593403528346,5140.07
10.32,2,0.034,14,127.13,2009,1,1,3,15,12.317604883247748,2519.76
15.71,0,0.043,0,179.38,1998,2,2,1,26,11.41747819998727,1244.11
12.71,1,0.022,9,178.46,1987,0,1,2,37,14.039808040280073,4108.2
12.28,0,0.083,4,194.11,1999,1,0,0,25,15.805716146893579,4333.03
13.54,0,0.085,10,173.14,1987,0,1,2,37,12.786352558895208,4188.21
11.34,0,0.074,6,119.84,2009,1,1,3,15,10.566969403050878,2599.43
14.8,1,0.016,8,140.53,2009,1,1,3,15,9.494628741301263,3806.53
9.58,0,0.039,13,78.71,1998,2,2,1,26,8.215217618202693,1361.51
13.82,0,0.066,6,94.37,1999,1,0,0,25,6.82801533897692,5719.69
12.21,1,0.042,8,147.73,1998,2,2,1,26,12.098108263041519,1150.13
10.05,2,0.046,0,121.49,1987,0,1,2,37,12.087354492090338,2342.24
11.14,0,0.01,6,145.88,2009,1,1,3,15,13.093977201328427,3088.7
9.18,2,0.024,6,104.44,1998,2,2,1,26,11.37566713865592,1795.89
14.26,0,0.115,0,160.09,1987,0,1,2,37,11.225720496458875,4083.51
15.76,0,0.015,3,141.45,1987,0,1,2,37,8.974684347439883,4040.31
13.12,2,0.068,4,184.93,1999,1,0,0,25,14.094200137184668,4333.58
12.95,2,0.035,10,179.87,1987,0,1,2,37,13.888502818315189,4191.26
14.57,0,0.138,6,147.77,2009,1,1,3,15,10.141376707158054,3902.7
16.18,0,0.022,5,197.04,1999,1,0,0,25,12.177244916877818,5273.53
13.16,2,0.024,10,171.08,1987,0,1,2,37,12.999012233112987,4060.53
11.32,2,0.163,1,157.13,2009,1,1,3,15,13.879515943821216,3358.67
9.1,0,0.12,5,77.12,1998,2,2,1,26,8.473794088561698,1219.82
8.57,2,0.064,13,81.53,1998,2,2,1,26,9.512308948780772,1189.81
12.95,1,0.052,8,156.13,2009,1,1,3,15,12.055439734383446,3521.02
8.15,0,0.024,0,88.98,1998,2,2,1,26,10.916451969083548,1248.88
11.27,2,0.061,5,124.65,2009,1,1,3,15,11.059355869044452,2682.62
10.71,0,0.108,6,147.38,2009,1,1,3,15,13.759686303799832,3020.84
14.46,2,0.044,0,95.67,2009,1,1,3,15,6.615725053592421,2811.63
8.31,2,0.092,0,116.09,1998,2,2,1,26,13.968234869450127,1839.11
12.64,1,0.024,8,180.87,1987,0,1,2,37,14.308203464915751,4143.01
14.43,0,0.075,13,142.59,2009,1,1,3,15,9.880812140530802,3763.97
12.5,0,0.066,6,120.18,2009,1,1,3,15,9.613630909527238,2870.22
12.36,1,0.098,9,102.01,1987,0,1,2,37,8.252568562414046,2466.62
12.63,2,0.109,6,102.16,2009,1,1,3,15,8.088037368379384,2529.62
7.06,0,0.167,10,52.62,1998,2,2,1,26,7.452202237643393,258.72
17.24,0,0.067,5,188.7,1999,1,0,0,25,10.944840786497302,5341.76
15.89,1,0.091,9,215.83,1999,1,0,0,25,13.58190170536782,5592.31
10.56,2,0.043,12,121.36,1987,0,1,2,37,11.491336047722754,2454.94
12.78,0,0.065,6,194.5,1999,1,0,0,25,15.2179015726469,4453.75
15.51,0,0.013,13,176.89,1987,0,1,2,37,11.404164786280704,4709.62
12.23,0,0.184,4,138.03,2009,1,1,3,15,11.285258768702478,3173.89
13.11,0,0.075,13,170.56,1987,0,1,2,37,13.008923804439021,4037.65
11.49,0,0.034,13,140.41,2009,1,1,3,15,12.219128013227744,3054.96
16.46,1,0.073,8,126.51,2009,1,1,3,15,7.685438308729724,3894.09
15.16,2,0.14,14,222.5,1999,1,0,0,25,14.675812941098872,5563.1
10.63,0,0.027,4,121.9,1987,0,1,2,37,11.466465995673031,2483.01
16.21,0,0.107,10,186.36,1999,1,0,0,25,11.49589784714083,5061.92
13.38,0,0.016,14,156.4,2009,1,1,3,15,11.68821463268814,3808.44
15.73,0,0.016,5,154.08,1999,1,0,0,25,9.794672938783295,4291.93
11.2,0,0.057,13,164.77,2009,1,1,3,15,14.710293723774665,3486.95
11.41,0,0.076,6,144.24,2009,1,1,3,15,12.640434668302516,3115.23
11.52,0,0.127,5,165.78,2009,1,1,3,15,14.389375922228975,3581.75
10.94,0,0.027,4,73.73,1998,2,2,1,26,6.738872132346222,1567.12
12.7,0,0.035,6,179.62,1987,0,1,2,37,14.142193528068658,4130.91
12.68,2,0.061,4,154.4,2009,1,1,3,15,12.175695923034462,3611.22
13.8,0,0.021,3,130.88,2009,1,1,3,15,9.48337077023404,3381.43
13.03,0,0.041,3,141.02,2009,1,1,3,15,10.82188627119945,3416.16
13.1,0,0.16,13,139.51,2009,1,1,3,15,10.648805434699641,3399.29
11.12,2,0.094,6,147.65,2009,1,1,3,15,13.276683751461201,5339.9
9.08,0,0.054,4,145.76,2009,1,1,3,15,16.051095694306795,2620.42
14.87,2,0.097,14,151.69,1987,0,1,2,37,10.200390020845942,4049.79
15.96,1,0.076,9,211.49,1999,1,0,0,25,13.250422905832968,5520.55
13.42,0,0.076,0,177.88,1999,1,0,0,25,13.253855897474107,4257.32
13.67,0,0.046,14,165.23,1987,0,1,2,37,12.086167800453515,4054.5
11.5,0,0.025,0,134.27,2009,1,1,3,15,11.674636988087993,2931.39
9.39,0,0.025,3,99.3,1998,2,2,1,26,10.573953785539345,1738.91
10.66,2,0.025,13,130.46,2009,1,1,3,15,12.23712597317325,2663.66
9.19,1,0.009,8,135.05,1987,0,1,2,37,14.693722119464697,2424.95
13.04,0,0.142,4,163.19,2009,1,1,3,15,12.513610919408022,3871.26
13.06,0,0.009,13,156.35,2009,1,1,3,15,11.970752622310696,3735.19
14.48,0,0.173,14,172.2,1999,1,0,0,25,11.891443961052413,4381.85
12.17,0,0.041,14,118.81,2009,1,1,3,15,9.76172869936735,2766.9
11.2,0,0.026,0,136.41,2009,1,1,3,15,12.178376930631195,2907.5
15.34,0,0.035,0,161.43,1999,1,0,0,25,10.522782087217262,4354.58
14.22,0,0.038,4,136.71,2009,1,1,3,15,9.613248013501162,3596.68
13.69,1,0.015,8,148.21,2009,1,1,3,15,10.825359725367031,5059.75
13.23,0,0.075,4,174.43,1987,0,1,2,37,13.183432847101505,4143.86
11.95,2,0.031,10,145.9,2009,1,1,3,15,12.208183415613759,3271.57
15.22,2,0.041,5,139.36,2009,1,1,3,15,9.155771631298864,3876.69
15.56,0,0.01,5,129.09,2009,1,1,3,15,8.295739348370928,3743.61
10.07,0,0.081,15,100.23,1998,2,2,1,26,9.952338397378613,1911.04
8.32,1,0.233,8,128.89,1998,2,2,1,26,15.489724792693185,2102.35
13.17,2,0.048,13,137.37,2009,1,1,3,15,10.429731986941007,3372.49
10.72,1,0.011,8,118.86,1998,2,2,1,26,11.086652364518235,734.99
14.38,1,0.099,8,126.76,2009,1,1,3,15,8.814407899311592,3429.31
17.55,0,0.039,13,215.03,1999,1,0,0,25,12.251723548515752,5951.51
16.4,1,0.033,9,189.01,1999,1,0,0,25,11.524297298945186,5158.09
12.24,2,0.051,3,177.75,2009,1,1,3,15,14.520872477738747,3987.9
11.08,0,0.133,13,138.45,2009,1,1,3,15,12.494359714827182,2922.12
14.93,0,0.023,10,86.84,2009,1,1,3,15,5.816087335074678,2735.23
13.24,2,0.03,15,184.25,1999,1,0,0,25,13.915112151650177,4346.59
14.43,0,0.128,5,151.94,2009,1,1,3,15,10.528722888226735,3954.8
11.48,2,0.146,6,152.79,2009,1,1,3,15,13.308074209563626,3306.35
12.6,0,0.042,4,143.1,2009,1,1,3,15,11.356241568129514,3361.19
12.92,1,0.139,8,165.21,2009,1,1,3,15,12.786162061759926,3886.78
12.09,2,0.077,4,168.17,2009,1,1,3,15,13.908692415846497,3758.19
14.43,0,0.106,6,172.82,1999,1,0,0,25,11.975608065969094,4382.21
14.73,1,0.031,9,194.18,1987,0,1,2,37,13.181725612653588,4888.66
13.88,2,0.017,15,156.09,2009,1,1,3,15,11.244867084503998,3916.27
9.44,1,0.09,8,138.93,2009,1,1,3,15,14.715602160788054,2560.36
15.88,0,0.082,3,175.63,1987,0,1,2,37,11.059127258988728,4768.83
13.68,1,0.071,9,166.14,1987,0,1,2,37,12.143849133835246,4075.6
12.34,0,0.04,5,145.92,2009,1,1,3,15,11.82400129649137,4169.21
12.12,0,0.095,2,161.24,2009,1,1,3,15,13.302532794323902,3623.21
8.09,0,0.034,13,107.18,1998,2,2,1,26,13.246817451489312,1607.61
14.21,2,0.111,6,127.66,2009,1,1,3,15,8.98318204208008,3407.68
15.89,1,0.091,8,153.77,1999,1,0,0,25,9.676546472846265,4321.83
13.95,0,0.027,4,179.69,1999,1,0,0,25,12.880080280983442,4414.92
12.26,0,0.079,3,103.41,1987,0,1,2,37,8.434059212136042,2472.82
13.48,2,0.018,5,135.07,2009,1,1,3,15,10.019286403085824,3394.93
7.98,0,0.097,10,95.02,1998,2,2,1,26,11.90577621851898,1332.44
13.94,2,0.074,3,103.4,2009,1,1,3,15,7.416971522846282,2850.82
13.56,0,0.082,5,134.15,2009,1,1,3,15,9.892338323132513,3394.56
13.39,1,0.056,9,151.59,2009,1,1,3,15,11.320289746844896,3712.95
13.26,0,0.023,4,171.35,1987,0,1,2,37,12.921348314606742,4088.04
13.97,2,0.104,13,147.5,2009,1,1,3,15,10.557583565958057,3760.57
11.14,0,0.076,15,102.47,1998,2,2,1,26,9.19755856745355,2200.65
10.97,0,0.02,6,127.49,2009,1,1,3,15,11.620636222769118,2673.83
18.25,0,0.041,1,161.68,1999,1,0,0,25,8.858692674374007,5018.14
12.34,0,0.01,6,134.28,2009,1,1,3,15,10.880803824649544,3120.62
11.58,0,0.025,6,125.72,2009,1,1,3,15,10.855711941973922,2774.19
13.65,2,0.151,5,142.14,2009,1,1,3,15,10.412423998241886,3579.45
13.1,0,0.085,6,219.68,1999,1,0,0,25,16.768185634684375,5106.17
15.74,0,0.036,0,160.1,1999,1,0,0,25,10.170891302966774,4419.32
15.76,2,0.042,1,239.66,1999,1,0,0,25,15.205887951272128,6050.12
9.97,0,0.039,13,88.1,1998,2,2,1,26,8.835623307592016,1640.98
9.81,0,0.086,15,131.38,1987,0,1,2,37,13.39109163184181,2491.61
11.22,0,0.064,6,173.61,2009,1,1,3,15,15.471883076374656,3674.38
12.54,0,0.014,4,140.12,2009,1,1,3,15,11.172952715094493,3285.79
16.16,0,0.029,13,120.95,2009,1,1,3,15,7.4840665800383634,3711.26
10.77,0,0.035,13,115.23,1987,0,1,2,37,10.698171014761861,2376.42
11.85,0,0.073,0,135.85,2009,1,1,3,15,11.463167665175934,3043.0
10.25,1,0.157,9,126.38,1987,0,1,2,37,12.328553311872012,2488.06
11.55,0,0.017,10,129.91,2009,1,1,3,15,11.246645312094191,2853.36
13.3,2,0.053,13,161.25,2009,1,1,3,15,12.123148635440945,3890.89
9.64,2,0.039,13,104.87,1998,2,2,1,26,10.877502333782804,1908.96
13.18,2,0.048,3,163.39,2009,1,1,3,15,12.395872847280176,3907.26
15.15,0,0.066,13,196.83,1987,0,1,2,37,12.991221701537853,2769.49
17.53,0,0.08,4,160.16,1999,1,0,0,25,9.135816553533738,4824.27
17.81,1,0.01,8,228.56,1999,1,0,0,25,12.832519229689519,6287.99
7.25,2,0.009,13,145.16,1998,2,2,1,26,20.019307681699075,2193.16
13.92,0,0.038,6,145.91,2009,1,1,3,15,10.481287263845989,3717.2
13.23,0,0.071,13,170.82,1987,0,1,2,37,12.910588768800544,4070.92
12.26,1,0.094,8,157.71,2009,1,1,3,15,12.862735502813802,3582.84
11.49,0,0.035,14,129.17,2009,1,1,3,15,11.240971194848141,2826.07
14.42,1,0.049,9,141.39,2009,1,1,3,15,9.804451841065113,3736.65
8.46,1,0.127,9,122.55,1998,2,2,1,26,14.484103533861244,2004.35
10.09,0,0.071,6,156.72,2009,1,1,3,15,15.530670894856804,3073.14
16.38,0,0.058,6,177.66,1999,1,0,0,25,10.84549172822172,4922.69
14.31,2,0.031,13,140.49,2009,1,1,3,15,9.81692404444134,3693.69
14.9,2,0.168,5,200.9,1999,1,0,0,25,13.482316623045433,5063.56
6.3,0,0.142,3,85.24,1998,2,2,1,26,13.528011426757656,753.53
13.72,1,0.031,9,160.86,2009,1,1,3,15,11.723635303549305,3976.92
9.84,2,0.021,4,106.54,1998,2,2,1,26,10.826135555329744,1989.09
11.04,0,0.019,3,99.51,1998,2,2,1,26,9.012770582374786,2116.79
11.17,2,0.031,14,128.6,2009,1,1,3,15,11.51195058633963,2740.16
13.64,1,0.118,9,136.94,2009,1,1,3,15,10.03885345649146,3469.99
8.87,0,0.014,6,161.19,2009,1,1,3,15,18.17044301657085,2887.99
11.05,1,0.128,8,120.71,2009,1,1,3,15,10.922993394262962,2553.48
9.13,0,0.113,4,114.59,1998,2,2,1,26,12.549556456028913,1993.25
10.61,0,0.124,6,152.67,2009,1,1,3,15,14.387899349731411,3106.52
11.51,2,0.05,3,133.21,2009,1,1,3,15,11.572409000086875,2912.59
9.36,2,0.025,5,148.15,2009,1,1,3,15,15.826300608909307,2732.81
9.58,2,0.011,3,143.94,2009,1,1,3,15,15.02348397870786,2694.98
15.45,2,0.06,10,155.79,1999,1,0,0,25,10.082842534463788,4264.59
9.05,2,0.018,0,191.98,2009,1,1,3,15,21.210915920892717,3557.99
14.93,1,0.103,9,114.81,2009,1,1,3,15,7.689371107092627,3308.02
12.51,2,0.021,6,163.98,2009,1,1,3,15,13.106865957956998,3768.51
15.74,2,0.092,6,138.21,2009,1,1,3,15,8.780255384028969,3971.46
14.6,2,0.124,0,178.76,1987,0,1,2,37,12.242997054996234,4543.38
15.09,0,0.162,6,140.83,2009,1,1,3,15,9.332052216552913,3877.64
12.35,1,0.039,9,166.19,2009,1,1,3,15,13.455590640433973,3778.07
12.23,1,0.015,8,164.91,2009,1,1,3,15,13.482953151827324,3724.25
13.63,1,0.06,9,156.45,2009,1,1,3,15,11.477514489032352,3866.23
18.76,2,0.028,10,180.76,1999,1,0,0,25,9.634880869889663,5522.58
13.05,0,0.04,6,103.08,2009,1,1,3,15,7.898245345184277,2642.99
14.69,2,0.038,6,188.15,1987,0,1,2,37,12.80716084677694,4754.43
14.64,0,0.053,4,152.11,1987,0,1,2,37,10.38931766955809,4006.94
13.57,1,0.123,9,157.0,2009,1,1,3,15,11.568786382727875,3864.47
11.9,2,0.076,6,136.6,2009,1,1,3,15,11.47802705654987,3070.39
15.59,0,0.108,6,156.67,1999,1,0,0,25,10.048746071451479,4314.62
7.97,2,0.025,4,125.26,1998,2,2,1,26,15.714464935390792,1949.94
12.98,2,0.043,2,137.31,2009,1,1,3,15,10.577767506355443,3328.49
11.48,0,0.049,3,87.21,1999,1,0,0,25,7.5960282205382805,5455.68
12.98,0,0.046,0,110.57,2009,1,1,3,15,8.517833757029504,2780.32
14.65,0,0.013,14,168.93,1999,1,0,0,25,11.53027097126476,4353.66
12.17,0,0.158,13,112.14,2009,1,1,3,15,9.213704707912251,2629.45
12.11,2,0.282,5,125.13,2009,1,1,3,15,10.331929650730741,2883.12
11.86,1,0.158,9,129.18,2009,1,1,3,15,10.891155889048143,2908.09
13.48,0,0.056,13,136.01,2009,1,1,3,15,10.08901416808842,3413.63
5.13,0,0.066,3,137.69,1998,2,2,1,26,26.834924965893585,1561.06
11.82,2,0.047,10,76.55,1998,2,2,1,26,6.475763471787497,1823.47
14.96,0,0.034,4,159.93,1999,1,0,0,25,10.68979346300381,4237.55
15.99,2,0.089,13,211.19,1999,1,0,0,25,13.206803827152774,5520.9
14.14,0,0.052,4,173.78,1999,1,0,0,25,12.289088466162223,4335.88
15.15,2,0.065,0,213.31,1999,1,0,0,25,14.078938683915254,5374.15
15.78,0,0.024,6,176.85,1987,0,1,2,37,11.206514162600596,4769.29
8.82,0,0.077,4,88.15,1998,2,2,1,26,9.993198050107699,1381.86
13.79,2,0.034,14,134.71,2009,1,1,3,15,9.767964614603729,3458.63
15.37,1,0.118,8,194.52,1999,1,0,0,25,12.654999674712123,5038.36
9.99,0,0.007,5,137.08,2009,1,1,3,15,13.720348313482136,2452.31
15.64,0,0.223,4,154.17,1999,1,0,0,25,9.856786650469918,4273.66
13.37,1,0.026,11,147.36,2009,1,1,3,15,11.02086605339915,3622.25
8.26,2,0.063,0,86.98,1998,2,2,1,26,10.528991647500304,1232.0
15.15,2,0.035,0,149.24,1987,0,1,2,37,9.850174905946803,4062.89
15.95,2,0.085,0,198.93,1999,1,0,0,25,12.471318412638707,5261.1
8.95,0,0.056,13,128.82,1998,2,2,1,26,14.391688079544187,2244.12
10.37,1,0.113,9,89.66,1987,0,1,2,37,8.645260823450005,3222.72
13.99,0,0.036,14,129.5,2009,1,1,3,15,9.255950253734543,3397.49
14.47,2,0.01,6,145.65,2009,1,1,3,15,10.064957501209316,3835.95
12.91,0,0.023,13,176.48,1987,0,1,2,37,13.668964448919526,4112.86
11.85,0,0.095,0,168.44,2009,1,1,3,15,14.213146569909712,3709.85
10.91,0,0.021,5,224.28,1987,0,1,2,37,20.55540280450921,4640.51
12.32,1,0.042,8,138.03,2009,1,1,3,15,11.20282444606769,3192.75
9.99,2,0.052,14,130.19,2009,1,1,3,15,13.0307276548894,2506.61
8.8,1,0.141,8,98.38,1998,2,2,1,26,11.178275196000454,1587.57
15.34,0,0.057,13,172.37,1987,0,1,2,37,11.235903787236817,4579.39
15.74,0,0.178,5,174.62,1987,0,1,2,37,11.093323168794868,4715.73
11.33,1,0.177,8,103.49,1998,2,2,1,26,9.133350984026123,2262.79
11.16,0,0.041,6,127.11,2009,1,1,3,15,11.388764447630141,2707.84
11.21,0,0.048,6,166.96,2009,1,1,3,15,14.892516278654893,3535.15
9.88,0,0.051,6,123.76,1987,0,1,2,37,12.525048072057483,2351.4
11.01,0,0.044,6,131.12,2009,1,1,3,15,11.90809190809191,2755.69
16.43,0,0.086,5,153.73,1999,1,0,0,25,9.356095185929036,4443.28
20.3,0,0.081,13,234.78,1999,1,0,0,25,11.56494753953007,6977.43
13.53,2,0.041,14,171.77,1987,0,1,2,37,12.694553248096964,4158.73
12.24,2,0.024,13,173.79,2009,1,1,3,15,14.197369495956213,4900.62
11.78,2,0.022,7,117.13,2009,1,1,3,15,9.942279942279942,2644.54
10.26,0,0.038,6,116.88,1998,2,2,1,26,11.3907026605594,2295.41
12.2,0,0.04,13,101.93,1987,0,1,2,37,8.35423325956889,2427.22
13.23,2,0.162,6,174.14,1987,0,1,2,37,13.161514624744916,4137.97
11.83,0,0.05,3,141.05,2009,1,1,3,15,11.922069140393882,3144.2
14.39,1,0.074,9,83.04,2009,1,1,3,15,5.770273087346259,2536.72
15.68,2,0.05,13,167.02,1987,0,1,2,37,10.651106434538615,4547.13
15.43,0,0.196,15,179.02,1987,0,1,2,37,11.601322014127406,4735.32
10.77,2,0.066,0,114.34,1987,0,1,2,37,10.615541732429673,2359.43
12.92,0,0.092,3,165.69,2009,1,1,3,15,12.823310889250058,3895.3
11.85,0,0.076,6,109.2,1987,0,1,2,37,9.214412285883048,2498.03
10.06,0,0.057,1,117.24,1998,2,2,1,26,11.6529172050492,2258.73
12.81,2,0.081,10,131.05,2009,1,1,3,15,10.229490281789088,3162.05
18.95,0,0.057,4,165.98,1999,1,0,0,25,8.758376866656112,5264.59
14.49,0,0.061,14,161.24,1987,0,1,2,37,11.126906355669037,2910.78
12.38,0,0.046,13,176.58,2009,1,1,3,15,14.26217591470802,3996.93
11.95,2,0.093,0,176.36,2009,1,1,3,15,14.756924106769311,3893.54
10.79,1,0.049,8,109.32,1998,2,2,1,26,10.13066444259105,2261.14
12.41,0,0.063,0,188.88,1999,1,0,0,25,15.218757553782934,4255.88
13.3,2,0.106,13,138.88,2009,1,1,3,15,10.44132020148861,3432.65
12.9,1,0.076,9,111.51,2009,1,1,3,15,8.643516006511124,2783.42
15.93,0,0.106,13,184.84,1999,1,0,0,25,11.602535936224971,4967.16
9.72,0,0.075,6,107.95,1998,2,2,1,26,11.104824606521962,1990.47
14.2,0,0.049,14,149.21,2009,1,1,3,15,10.50700654883459,3847.88
12.56,2,0.019,3,185.11,1999,1,0,0,25,14.736884006050476,4210.57
9.41,0,0.055,13,139.67,2009,1,1,3,15,14.84114334289661,2569.44
11.17,0,0.021,0,139.06,2009,1,1,3,15,12.448303643362278,2954.39
13.87,0,0.115,13,157.91,2009,1,1,3,15,11.384182827481798,3950.89
17.39,0,0.034,6,170.91,1999,1,0,0,25,9.82749698119717,5011.32
11.41,0,0.029,6,140.3,2009,1,1,3,15,12.295153798965911,3034.07
12.69,2,0.049,15,167.51,2009,1,1,3,15,13.19911748483177,3881.48
12.17,0,0.155,5,123.8,2009,1,1,3,15,10.171719661490428,2867.68
10.15,0,0.108,0,131.3,2009,1,1,3,15,12.934686237809084,2564.81
14.47,2,0.147,6,138.57,2009,1,1,3,15,9.575703130398727,3690.05
13.04,0,0.07,6,166.3,2009,1,1,3,15,12.75208956368377,3935.01
12.52,0,0.042,6,115.53,2009,1,1,3,15,9.226898809999202,2779.81
11.38,0,0.025,6,136.82,2009,1,1,3,15,12.021790703804585,2957.77
17.01,0,0.104,14,174.86,1999,1,0,0,25,10.279231085768032,5007.12
12.12,2,0.024,5,153.24,2009,1,1,3,15,12.642521244121774,3460.62
14.13,0,0.022,0,144.2,2009,1,1,3,15,10.204514896327224,3728.31
10.45,0,0.058,0,138.45,2009,1,1,3,15,13.247536120945364,2779.67
12.9,0,0.12,3,124.03,2009,1,1,3,15,9.613983412138595,3037.88
13.17,0,0.085,13,147.32,2009,1,1,3,15,11.185179561157087,3576.32
14.27,2,0.216,10,183.87,1987,0,1,2,37,12.884170695816692,4832.12
15.12,0,0.143,6,132.98,2009,1,1,3,15,8.79439190529727,2562.14
12.52,0,0.128,13,136.44,2009,1,1,3,15,10.896893219391423,3205.5
13.68,2,0.02,13,145.72,2009,1,1,3,15,10.651268182150428,3658.17
10.57,0,0.048,13,79.52,1998,2,2,1,26,7.522467127045691,1601.81
13.76,0,0.037,5,116.7,2009,1,1,3,15,8.480488336603445,3082.26
12.79,0,0.049,6,161.86,2009,1,1,3,15,12.654209991400206,3788.51
12.29,1,0.061,11,95.98,1987,0,1,2,37,7.80896591001546,2327.53
14.25,2,0.076,0,158.34,1987,0,1,2,37,11.110799242158446,4046.16
8.9,0,0.021,2,98.71,1998,2,2,1,26,11.089765194921918,721.25
15.35,0,0.067,5,132.16,2009,1,1,3,15,8.60921112631099,3758.85
11.91,1,0.052,9,139.42,2009,1,1,3,15,11.705146503232305,3130.11
14.53,0,0.171,5,148.55,2009,1,1,3,15,10.222971578005644,3908.32
14.24,1,0.024,8,124.77,2009,1,1,3,15,8.76132294080472,3356.53
11.33,2,0.043,4,121.44,2009,1,1,3,15,10.71750066190098,2630.34
14.61,2,0.039,5,188.81,1987,0,1,2,37,12.922455684073645,4751.13
11.1,0,0.082,6,92.2,1998,2,2,1,26,8.305558057832629,1980.24
14.67,2,0.022,5,149.54,2009,1,1,3,15,10.192897552995706,3960.08
10.71,1,0.082,9,136.94,2009,1,1,3,15,12.784987396134815,2807.33
14.91,2,0.089,6,146.41,2009,1,1,3,15,9.818925625377238,3951.49
14.73,2,0.069,4,157.99,1987,0,1,2,37,10.725001697101352,4146.36
8.59,0,0.096,13,92.6,1998,2,2,1,26,10.778721918286578,1421.24
13.24,0,0.039,12,156.02,2009,1,1,3,15,11.78309795332679,3768.82
10.26,2,0.034,13,138.92,2009,1,1,3,15,13.538641457947568,2747.46
17.16,0,0.089,13,151.41,1987,0,1,2,37,8.822912417691276,4561.96
10.81,0,0.138,12,161.84,2009,1,1,3,15,14.969938026084543,3340.89
11.81,0,0.045,14,138.42,2009,1,1,3,15,11.719583439166877,3086.34
12.74,0,0.05,4,152.27,2009,1,1,3,15,11.951181225963426,3580.76
13.59,0,0.038,13,138.17,2009,1,1,3,15,10.166286513133691,3483.14
11.19,1,0.017,9,122.73,1998,2,2,1,26,10.96684836028952,888.85
8.12,2,0.038,10,167.21,2009,1,1,3,15,20.58982883881296,2842.08
11.94,0,0.044,6,142.26,2009,1,1,3,15,11.913575077464198,3195.54
12.43,0,0.037,6,137.51,2009,1,1,3,15,11.061861475343898,3207.57
8.5,2,0.061,6,176.63,2009,1,1,3,15,20.777555581696273,3120.48
11.38,0,0.007,10,84.18,1998,2,2,1,26,7.396538089798788,1879.76
11.6,0,0.061,4,171.07,2009,1,1,3,15,14.746142573916043,3707.4
11.04,0,0.121,6,142.88,2009,1,1,3,15,12.940856806448693,3003.75
9.28,2,0.041,5,86.66,1998,2,2,1,26,9.337355888374098,1455.12
10.94,0,0.061,5,128.45,2009,1,1,3,15,11.740243122200896,2686.68
11.74,0,0.077,0,165.86,2009,1,1,3,15,14.126565028532495,3631.42
10.41,2,0.032,0,189.38,2009,1,1,3,15,18.190375564306983,2549.72
14.06,2,0.047,14,160.08,1987,0,1,2,37,11.384681032643483,4039.29
12.08,1,0.021,9,121.54,2009,1,1,3,15,10.060425461468423,4782.44
11.55,0,0.042,14,129.17,2009,1,1,3,15,11.182581594667127,2838.03
10.84,0,0.024,14,109.08,1998,2,2,1,26,10.061802416751222,2267.02
16.44,0,0.056,5,216.03,1999,1,0,0,25,13.139711696368833,5722.13
14.07,0,0.041,0,181.33,1999,1,0,0,25,12.886788430104472,4475.39
11.33,0,0.11,14,118.73,2009,1,1,3,15,10.478333774600653,4769.42
15.58,0,0.044,10,198.22,1999,1,0,0,25,12.721904884153778,5162.33
11.57,2,0.098,6,186.72,1987,0,1,2,37,16.136893959035522,4019.65
16.15,0,0.132,10,192.35,1998,2,2,1,26,11.909479289208099,1298.5
9.95,0,0.034,13,149.98,2009,1,1,3,15,15.071852075168326,2903.05
13.95,0,0.133,2,155.4,2009,1,1,3,15,11.138986452584046,3917.55
11.47,1,0.129,11,102.4,1998,2,2,1,26,8.926859035829484,2273.32
12.62,0,0.028,13,104.69,2009,1,1,3,15,8.294905316535933,2578.65
13.48,0,0.057,13,109.65,1998,2,2,1,26,8.133669609079446,894.75
13.16,1,0.125,11,193.17,1987,0,1,2,37,14.677456120355595,4511.97
13.43,0,0.14,2,141.86,1998,2,2,1,26,10.5621323803142,665.19
10.75,0,0.027,0,144.76,2009,1,1,3,15,13.464793972653707,2975.96
10.78,1,0.018,8,138.62,2009,1,1,3,15,12.857805398386052,2857.3
9.5,0,0.156,5,147.39,2009,1,1,3,15,15.513103883801705,2748.53
12.78,2,0.076,13,161.64,2009,1,1,3,15,12.646897738831077,3780.79
15.03,1,0.061,9,147.55,1987,0,1,2,37,9.816379482403036,4002.11
10.79,0,0.069,6,164.78,2009,1,1,3,15,15.270132517838942,3394.44
11.58,2,0.122,3,163.26,2009,1,1,3,15,14.097228218633969,3542.29
11.69,0,0.071,6,153.15,2009,1,1,3,15,13.099820374647166,3361.82
13.68,2,0.068,4,193.19,1987,0,1,2,37,14.12104378334917,4631.08
15.24,0,0.099,3,188.53,1987,0,1,2,37,12.369923233383636,4886.53
13.0,1,0.077,9,136.76,2009,1,1,3,15,10.519190831474502,3322.54
10.57,0,0.027,14,199.48,1987,0,1,2,37,18.870494749787152,4054.86
13.37,1,0.053,8,174.51,1987,0,1,2,37,13.051379851918332,4178.6
16.69,0,0.083,5,200.25,1999,1,0,0,25,11.997483673836197,5455.22
10.85,0,0.049,4,141.07,2009,1,1,3,15,13.000645101833932,2923.89
9.2,2,0.093,6,102.51,1998,2,2,1,26,11.141180306488428,1762.42
11.13,2,0.117,13,131.69,2009,1,1,3,15,11.830922648459257,2795.96
16.72,2,0.128,3,160.17,1987,0,1,2,37,9.578972549488666,4642.35
11.11,0,0.029,13,165.29,2009,1,1,3,15,14.876248762487625,3477.51
12.04,0,0.185,13,114.88,2009,1,1,3,15,9.540735819284114,2656.24
11.74,0,0.062,7,103.63,1987,0,1,2,37,8.82633506515629,2357.91
11.77,1,0.168,8,145.18,2009,1,1,3,15,12.333701469713704,3216.55
15.06,0,0.12,4,163.79,1999,1,0,0,25,10.875107894562113,4340.25
12.16,0,0.034,6,156.17,2009,1,1,3,15,12.84187155661541,3529.72
13.36,2,0.06,6,143.84,2009,1,1,3,15,10.765661252900234,3548.21
13.45,0,0.115,13,169.46,1987,0,1,2,37,12.598319827522118,4092.84
12.08,0,0.076,0,168.72,2009,1,1,3,15,13.965731313632977,3767.34
17.15,0,0.077,6,170.33,1999,1,0,0,25,9.931199346976854,4946.17
15.17,0,0.164,10,146.39,1987,0,1,2,37,9.649330960384944,4009.52
15.07,0,0.089,12,180.86,1987,0,1,2,37,12.000530820781634,4692.82
15.75,1,0.043,9,128.82,2009,1,1,3,15,8.178528347406514,3780.15
10.34,2,0.015,13,167.16,2009,1,1,3,15,16.164780968958514,3343.49
10.36,2,0.035,6,182.68,2009,1,1,3,15,17.63150275069974,3665.46
10.03,2,0.205,0,166.94,2009,1,1,3,15,16.64240853354601,3268.65
13.16,2,0.009,6,190.23,1999,1,0,0,25,14.454068839753818,4452.53
10.74,1,0.173,9,138.19,2009,1,1,3,15,12.865654966949073,2839.53
11.43,0,0.128,13,147.87,2009,1,1,3,15,12.935876126323159,3195.16
12.55,1,0.119,9,101.29,1987,0,1,2,37,8.070273284997212,2493.33
15.34,0,0.069,6,144.22,1987,0,1,2,37,9.400951698064011,4002.72
13.93,0,0.021,5,200.09,1987,0,1,2,37,14.362931591414831,4827.94
13.58,0,0.11,13,108.27,2009,1,1,3,15,7.972166998011929,2870.36
12.51,2,0.153,4,142.92,2009,1,1,3,15,11.423547278395013,3337.19
14.51,2,0.111,4,118.48,2009,1,1,3,15,8.16484046585349,3289.17
12.59,2,0.057,0,208.93,1987,0,1,2,37,16.593598602176158,4706.24
11.84,0,0.081,3,160.24,2009,1,1,3,15,13.53264082425471,3539.38
12.52,0,0.074,14,217.86,1998,2,2,1,26,17.39956872454277,539.96
12.57,0,0.036,14,136.27,1998,2,2,1,26,10.84002863733991,1124.44
13.06,2,0.055,5,152.58,2009,1,1,3,15,11.682107036214687,3658.47
14.23,0,0.065,15,114.51,2009,1,1,3,15,8.046518164570305,3143.33
13.92,2,0.024,14,132.01,2009,1,1,3,15,9.482795776165505,3433.38
14.31,1,0.079,8,154.1,2009,1,1,3,15,10.767940744881559,3971.9
11.76,1,0.035,8,119.88,2009,1,1,3,15,10.193010798401497,2695.4
12.38,0,0.16,5,154.0,2009,1,1,3,15,12.438413698408851,3533.32
10.93,0,0.082,0,116.53,1987,0,1,2,37,10.660506815478914,2440.68
10.84,0,0.025,13,140.61,2009,1,1,3,15,12.970205700581129,2911.41
11.73,0,0.011,3,164.37,2009,1,1,3,15,14.011593214559714,3598.39
12.76,2,0.021,1,139.6,2009,1,1,3,15,10.939581537497062,3325.15
13.81,0,0.174,3,137.42,2009,1,1,3,15,9.950039823329229,3517.41
12.87,0,0.09,4,168.16,2009,1,1,3,15,13.065029912205734,3933.99
9.83,2,0.039,13,122.63,1987,0,1,2,37,12.473807344115553,2316.27
8.05,2,0.047,4,101.95,1998,2,2,1,26,12.663023226928331,1491.71
12.15,2,0.105,0,140.68,2009,1,1,3,15,11.577647930211507,3209.9
13.56,0,0.039,3,161.22,2009,1,1,3,15,11.88850379765504,3948.08
16.06,0,0.106,7,169.48,1987,0,1,2,37,10.552269472635576,4682.36
10.7,2,0.04,13,183.23,2009,1,1,3,15,17.12269881319503,3753.25
12.2,0,0.051,5,131.34,2009,1,1,3,15,10.76469141873617,3029.69
10.04,1,0.042,9,119.11,1998,2,2,1,26,11.862364306343991,2292.63
11.12,2,0.061,4,141.28,2009,1,1,3,15,12.703893534754071,2989.82
15.42,0,0.205,4,166.32,1999,1,0,0,25,10.785292782569224,4473.53
15.63,2,0.274,4,136.93,2009,1,1,3,15,8.760156100057578,3920.1
13.6,0,0.08,13,127.68,2009,1,1,3,15,9.387545033453424,3271.17
9.35,2,0.04,6,99.2,1998,2,2,1,26,10.608491070473747,1729.21
13.3,0,0.054,1,157.11,2009,1,1,3,15,11.811893842568228,3806.03
14.75,0,0.027,12,135.64,2009,1,1,3,15,9.195308792624228,3693.34
14.72,0,0.115,0,154.67,1987,0,1,2,37,10.506759051694857,4077.18
13.48,0,0.03,10,202.54,1987,0,1,2,37,15.02410800385728,4775.56
13.44,2,0.045,6,146.29,2009,1,1,3,15,10.883862807826798,3617.14
9.34,2,0.035,7,127.3,1987,0,1,2,37,13.628091210791137,2300.68
14.45,0,0.076,13,152.87,2009,1,1,3,15,10.578506677738567,3978.6
13.48,0,0.066,4,155.95,2009,1,1,3,15,11.568132927824344,2703.72
13.18,0,0.018,15,158.11,2009,1,1,3,15,11.99529625976785,3799.91
9.9,0,0.036,13,97.0,1998,2,2,1,26,9.796990203009797,1806.51
11.8,1,0.083,8,127.26,2009,1,1,3,15,10.783831878654352,2854.87
12.27,1,0.066,9,218.89,1987,0,1,2,37,17.837992013690815,4836.67
14.36,0,0.035,13,157.28,1987,0,1,2,37,10.9518835735673,4048.37
11.72,2,0.09,4,144.77,2009,1,1,3,15,12.351335210306289,3196.44
11.79,1,0.11,8,175.53,2009,1,1,3,15,14.886778051055892,3841.67
14.29,0,0.159,13,172.78,1999,1,0,0,25,12.09012665313834,4349.84
12.65,0,0.072,5,201.52,1987,0,1,2,37,15.92917555924433,4567.86
12.03,2,0.006,13,143.64,2009,1,1,3,15,11.939157177291996,3243.86
13.73,1,0.015,8,100.56,2009,1,1,3,15,7.323574393707669,2746.16
12.99,0,0.007,4,110.11,2009,1,1,3,15,8.475867908552075,2773.61
12.72,2,0.054,13,186.18,1999,1,0,0,25,14.635641852055656,4269.08
15.27,0,0.076,14,145.34,1987,0,1,2,37,9.517385894833344,4010.34
12.21,0,0.045,5,132.91,2009,1,1,3,15,10.884448448120546,3065.05
10.78,0,0.073,3,197.63,1987,0,1,2,37,18.331323624895653,4066.4
9.92,1,0.071,9,100.6,1998,2,2,1,26,10.14010684406814,1885.63
15.37,0,0.13,3,99.24,2009,1,1,3,15,6.456313837746406,4332.15
11.66,0,0.047,10,188.95,1987,0,1,2,37,16.203584598233427,4086.72
10.65,2,0.132,5,156.8,2009,1,1,3,15,14.721622382874848,3199.93
16.09,2,0.019,10,182.14,1999,1,0,0,25,11.319371076999563,4949.46
11.69,2,0.079,0,125.99,2009,1,1,3,15,10.776665811307844,2804.18
12.72,2,0.022,1,187.9,1987,0,1,2,37,14.770851348164452,4920.35
13.84,0,0.013,10,175.33,1987,0,1,2,37,12.667437323892784,3376.87
7.3,0,0.041,4,125.09,1998,2,2,1,26,17.13326941514861,1795.0
15.31,0,0.143,10,203.02,1998,2,2,1,26,13.259747893671218,1472.54
14.81,0,0.104,13,128.05,2009,1,1,3,15,8.645601242319898,3552.67
12.93,1,0.018,8,167.91,2009,1,1,3,15,12.985074626865671,3944.2
15.04,0,0.104,13,118.56,2009,1,1,3,15,7.882454624027659,3410.45
10.73,1,0.016,8,159.37,2009,1,1,3,15,14.851365203615693,3270.54
10.65,1,0.039,8,123.03,2009,1,1,3,15,11.551028072481458,2509.09
14.09,2,0.016,5,147.18,2009,1,1,3,15,10.444964871194381,3780.56
12.2,0,0.038,4,122.87,2009,1,1,3,15,10.070486025735597,2686.72
13.01,0,0.119,13,150.84,2009,1,1,3,15,11.593267235416187,3611.95
11.35,0,0.111,0,90.63,1998,2,2,1,26,7.984318562241213,2004.7
16.26,0,0.016,10,145.76,1999,1,0,0,25,8.963778365414178,4242.26
11.15,1,0.013,9,169.36,2009,1,1,3,15,15.18787552685858,3570.85
10.78,1,0.16,8,127.21,2009,1,1,3,15,11.799462016510528,2625.26
9.49,0,0.064,5,153.55,2009,1,1,3,15,16.178484880413023,2872.32
14.3,2,0.065,6,161.73,1987,0,1,2,37,11.308999370673378,4127.09
11.62,0,0.063,13,146.83,2009,1,1,3,15,12.634885121762329,3216.61
8.58,0,0.031,5,126.4,1998,2,2,1,26,14.730217923318962,2110.35
14.11,1,0.014,9,138.37,2009,1,1,3,15,9.805825242718448,3604.85
12.56,2,0.066,5,146.26,2009,1,1,3,15,11.643977390335163,3415.96
16.34,2,0.079,7,171.56,1987,0,1,2,37,10.498745486812313,4788.07
13.19,0,0.047,4,113.67,2009,1,1,3,15,8.617239026609052,2892.56
13.28,0,0.024,14,148.87,2009,1,1,3,15,11.209246291694903,3632.12
10.72,2,0.129,4,106.39,1998,2,2,1,26,9.923514597518889,2185.42
11.06,2,0.031,4,160.42,2009,1,1,3,15,14.503209474731037,3367.83
13.11,0,0.088,3,133.18,2009,1,1,3,15,10.157882693921136,3272.94
12.76,0,0.11,13,147.75,1999,1,0,0,25,11.578246218948358,6598.51
12.12,1,0.076,9,117.73,2009,1,1,3,15,9.712894975662076,2733.98
13.77,2,0.021,2,134.31,2009,1,1,3,15,9.753104349720427,3446.08
14.12,0,0.126,15,157.35,2009,1,1,3,15,11.142978542596135,3996.49
9.6,2,0.042,6,123.66,1998,2,2,1,26,12.87990834288095,2284.46
12.35,1,0.025,8,151.39,2009,1,1,3,15,12.257307100639624,5119.47
11.34,0,0.07,10,105.65,1987,0,1,2,37,9.315756987919938,2309.55
13.22,0,0.05,7,148.87,2009,1,1,3,15,11.26011648135542,3618.86
12.34,1,0.034,8,95.69,1987,0,1,2,37,7.753828701077708,2332.78
14.29,2,0.124,6,201.74,1987,0,1,2,37,14.116576866559376,4943.48
13.92,2,0.086,5,162.85,1987,0,1,2,37,11.698153868256592,4062.97
14.12,0,0.129,0,160.41,1987,0,1,2,37,11.359677076694286,4058.56
14.96,2,0.021,10,195.73,1987,0,1,2,37,13.082681638927879,4970.29
10.4,0,0.064,6,129.37,2009,1,1,3,15,12.438227093548697,2583.48
12.56,1,0.042,9,141.34,2009,1,1,3,15,11.252288830507126,4922.38
11.12,0,0.124,13,104.86,1998,2,2,1,26,9.429008182717382,2244.64
15.3,0,0.024,13,144.34,2009,1,1,3,15,9.433370367949808,3995.36
11.89,1,0.061,8,188.17,1987,0,1,2,37,15.824573206626859,4122.94
12.33,0,0.053,6,86.72,1998,2,2,1,26,7.03268185873003,2146.46
12.18,0,0.107,13,162.96,2009,1,1,3,15,13.378211969460637,3673.43
14.72,2,0.052,3,160.76,1999,1,0,0,25,10.92045377352082,4200.52
15.77,0,0.044,4,155.23,1999,1,0,0,25,9.842749350072918,4324.91
14.56,0,0.038,7,178.4,1987,0,1,2,37,12.251905775702218,4525.69
13.88,0,0.032,3,177.26,1987,0,1,2,37,12.76997334485988,2849.93
7.7,2,0.038,6,98.13,1998,2,2,1,26,12.742500973899492,1334.13
7.33,0,0.183,3,107.44,1998,2,2,1,26,14.655572227526939,1440.64
8.36,2,0.077,4,111.56,1998,2,2,1,26,13.342901566798233,1757.87
10.89,2,0.037,6,124.43,2009,1,1,3,15,11.425029841153247,2591.5
14.36,2,0.012,14,128.07,2009,1,1,3,15,8.917902653018592,3451.9
14.55,0,0.205,12,167.45,1999,1,0,0,25,11.507800151192358,4298.83
14.82,0,0.011,1,131.95,2009,1,1,3,15,8.902908035895013,3633.51
14.09,0,0.08,0,137.91,2009,1,1,3,15,9.787098147753886,3590.81
12.25,2,0.025,7,151.93,2009,1,1,3,15,12.401436617418987,3461.41
15.8,2,0.111,13,130.46,2009,1,1,3,15,8.256439465856591,3824.51
11.13,1,0.073,9,140.73,2009,1,1,3,15,12.643068906657083,2981.04
12.4,1,0.092,9,183.95,1987,0,1,2,37,14.833481170873316,4152.28
12.66,0,0.088,3,127.99,2009,1,1,3,15,10.108996129847563,3064.7
14.99,1,0.058,9,161.5,1999,1,0,0,25,10.773130544993663,4276.78
10.07,0,0.043,13,121.94,1987,0,1,2,37,12.108032965941813,2356.35
12.03,0,0.047,15,116.24,1999,1,0,0,25,9.661707256254676,5853.73
12.92,2,0.032,10,121.53,2009,1,1,3,15,9.405618760157884,2990.74
14.15,0,0.052,4,215.74,1999,1,0,0,25,15.24556568440393,5196.91
13.21,2,0.019,0,164.45,2009,1,1,3,15,12.447960033305577,3936.0
11.08,1,0.016,8,106.32,1998,2,2,1,26,9.59480191318473,2264.96
11.11,2,0.015,3,133.07,2009,1,1,3,15,11.976419764197642,2818.89
12.8,0,0.022,4,126.14,2009,1,1,3,15,9.853917662682603,3058.43
13.46,0,0.075,14,135.73,2009,1,1,3,15,10.083203328133123,3404.91
11.32,0,0.17,6,136.2,2009,1,1,3,15,12.030739333981096,2930.96
17.47,0,0.027,6,195.62,1999,1,0,0,25,11.19684047850724,5535.64
13.08,0,0.008,13,149.13,2009,1,1,3,15,11.400504548581912,3592.35
15.61,0,0.122,6,141.69,1987,0,1,2,37,9.076292357952726,4011.6
14.39,0,0.139,13,163.84,1987,0,1,2,37,11.384893336112848,4189.66
14.0,0,0.036,6,117.72,2009,1,1,3,15,8.407970859224342,3158.39
14.33,0,0.035,10,188.37,1987,0,1,2,37,13.144232782080804,4677.17
11.16,2,0.055,10,170.81,2009,1,1,3,15,15.30418421288415,3601.55
10.49,0,0.032,13,127.63,2009,1,1,3,15,12.165665808788486,2567.98
12.82,2,0.058,5,135.28,2009,1,1,3,15,10.551439045316279,3251.39
11.82,1,0.014,9,141.53,2009,1,1,3,15,11.972760341764657,3151.49
13.42,2,0.154,5,166.81,1987,0,1,2,37,12.429029133447584,4032.41
9.87,0,0.03,13,89.57,1998,2,2,1,26,9.074055313544727,1648.78
11.37,0,0.095,3,150.55,2009,1,1,3,15,13.23982059625363,3235.51
13.28,1,0.042,8,167.77,1987,0,1,2,37,12.632331902718171,4019.19
10.54,2,0.04,14,111.83,1998,2,2,1,26,10.609050374727257,2255.06
14.09,2,0.015,6,121.85,2009,1,1,3,15,8.647363565396352,3263.25
10.95,0,0.038,10,102.71,1998,2,2,1,26,9.379052141356954,2160.49
17.39,0,0.073,6,175.5,1999,1,0,0,25,10.091426599965498,5106.04
14.5,2,0.026,14,146.7,2009,1,1,3,15,10.1165436866423,3864.66
12.67,1,0.046,8,175.83,1987,0,1,2,37,13.87656854234078,4045.46
15.18,0,0.027,6,155.91,1999,1,0,0,25,10.2700744351492,4206.35
10.22,0,0.075,0,108.72,1998,2,2,1,26,10.636923980041091,2118.53
13.23,2,0.072,2,150.16,2009,1,1,3,15,11.349104376086464,3647.96
11.84,0,0.036,6,133.55,2009,1,1,3,15,11.278608225656619,2993.91
11.68,0,0.067,10,185.12,1987,0,1,2,37,15.847958222754903,4011.75
11.35,0,0.026,4,132.6,2009,1,1,3,15,11.68179015064752,2864.34
13.72,1,0.056,8,142.14,2009,1,1,3,15,10.359303257780045,3594.15
16.32,0,0.033,13,173.95,1987,0,1,2,37,10.658047913730774,4833.88
13.23,0,0.067,5,167.14,2009,1,1,3,15,12.632454085103166,3996.13
13.63,0,0.147,6,157.43,2009,1,1,3,15,11.549409434377521,3887.29
17.24,0,0.017,13,140.86,1999,1,0,0,25,8.17005974131431,4363.63
14.42,1,0.017,9,204.31,1999,1,0,0,25,14.167533458151308,5023.75
14.73,0,0.027,13,139.42,2009,1,1,3,15,9.46439481365827,3767.94
14.28,2,0.095,13,190.26,1987,0,1,2,37,13.322596456830755,4704.78
14.62,0,0.095,3,190.76,1987,0,1,2,37,13.046987210177143,4793.05
12.25,0,0.128,3,177.4,2009,1,1,3,15,14.480450575463228,3983.5
13.44,2,0.036,7,132.58,2009,1,1,3,15,9.863849415966076,3335.18
13.08,0,0.044,5,114.66,2009,1,1,3,15,8.765384909410596,2888.39
14.7,0,0.137,4,159.86,1987,0,1,2,37,10.87409019794572,4177.6
11.54,2,0.06,6,140.71,2009,1,1,3,15,12.192184386101726,3071.94
14.18,2,0.144,5,161.28,1987,0,1,2,37,11.372963824836049,4090.87
11.27,0,0.124,3,147.12,2009,1,1,3,15,13.052967793452224,3143.52
13.61,0,0.026,3,108.18,1998,2,2,1,26,7.947983248842849,1338.06
11.97,0,0.047,5,142.36,2009,1,1,3,15,11.89207250856236,3202.54
10.56,0,0.038,5,97.45,1998,2,2,1,26,9.22734589527507,1966.72
10.18,0,0.103,12,135.38,2009,1,1,3,15,13.297318534525097,2656.36
11.53,0,0.02,13,119.91,2009,1,1,3,15,10.39892463793253,2644.95
11.94,2,0.117,5,176.27,2009,1,1,3,15,14.761745247466713,3889.88
11.57,1,0.022,9,133.82,2009,1,1,3,15,11.565119695791202,2938.28
13.8,1,0.014,8,129.59,2009,1,1,3,15,9.389899282660677,3355.85
10.68,2,0.083,0,146.21,2009,1,1,3,15,13.688793184158788,2990.7
10.38,1,0.089,8,112.11,1998,2,2,1,26,10.799537616799922,2224.89
12.21,2,0.07,6,135.67,2009,1,1,3,15,11.11047416264024,3121.07
10.96,0,0.109,4,130.68,2009,1,1,3,15,11.922269865888149,2737.2
10.1,0,0.07,6,131.73,2009,1,1,3,15,13.041283041283041,2563.13
11.35,0,0.071,5,174.11,2009,1,1,3,15,15.338736675182806,3712.26
11.51,0,0.077,4,92.61,1998,2,2,1,26,8.045347928068804,2081.81
14.67,0,0.116,4,164.12,1999,1,0,0,25,11.186694840160863,4259.8
11.51,2,0.023,5,138.15,2009,1,1,3,15,12.001563721657547,3012.68
11.97,0,0.004,5,116.15,2009,1,1,3,15,9.70261465207585,2666.55
12.03,2,0.026,5,129.03,2009,1,1,3,15,10.724794281439616,2943.15
12.43,2,0.154,13,166.96,2009,1,1,3,15,13.430938782077067,3811.47
16.59,0,0.174,6,175.62,1999,1,0,0,25,10.585257067084564,4928.88
14.63,0,0.035,13,179.0,1987,0,1,2,37,12.23429704053038,4553.24
11.59,0,0.055,13,141.64,2009,1,1,3,15,12.219825726857044,3102.56
12.49,0,0.026,13,116.15,2009,1,1,3,15,9.29869506044352,2784.84
13.58,0,0.153,6,138.25,2009,1,1,3,15,10.179662764155806,3482.4
14.87,1,0.103,8,217.23,1999,1,0,0,25,14.607625579987896,5391.61
13.32,1,0.049,9,113.27,2009,1,1,3,15,8.503115381728099,2913.55
11.29,1,0.058,11,142.82,2009,1,1,3,15,12.64901248782216,3059.34
8.56,2,0.061,5,91.13,1998,2,2,1,26,10.644784487793482,1383.42
14.0,0,0.058,3,111.14,2009,1,1,3,15,7.938004428255125,3024.45
15.07,0,0.043,10,135.09,2009,1,1,3,15,8.963572423860395,3754.54
13.24,0,0.072,13,154.53,2009,1,1,3,15,11.670568688165547,3739.65
13.01,0,0.023,13,181.93,1999,1,0,0,25,13.982783798324496,4247.64
14.64,0,0.012,5,153.73,1987,0,1,2,37,10.49996584932723,4039.14
11.84,2,0.023,10,113.2,2009,1,1,3,15,9.560003378093068,2576.44
13.46,0,0.028,5,217.36,1999,1,0,0,25,16.147388752692965,5075.08
11.59,2,0.024,3,108.4,1987,0,1,2,37,9.352083513070486,2422.4
13.5,0,0.013,2,184.48,1999,1,0,0,25,13.664173024220428,4410.43
15.73,1,0.035,9,180.51,1987,0,1,2,37,11.47479499078253,4834.18
13.14,0,0.022,6,158.42,2009,1,1,3,15,12.05539913248611,3796.48
8.82,0,0.083,4,138.88,1987,0,1,2,37,15.744246684049427,2420.03
13.59,2,0.039,3,133.49,2009,1,1,3,15,9.82194099036127,3388.09
14.26,2,0.065,5,164.81,1987,0,1,2,37,11.556693079026717,4180.58
14.35,0,0.018,10,129.25,2009,1,1,3,15,9.0063410215316,3473.57
11.58,0,0.019,14,103.05,1987,0,1,2,37,8.898195319920559,2310.65
13.94,0,0.011,13,122.09,2009,1,1,3,15,8.757621404490353,3234.32
10.08,0,0.03,5,67.18,1998,2,2,1,26,6.66402142644579,1237.95
10.86,1,0.07,8,153.36,2009,1,1,3,15,14.120246754442503,3176.76
14.22,1,0.048,9,141.09,2009,1,1,3,15,9.921243231840236,3687.04
11.73,1,0.059,8,168.41,2009,1,1,3,15,14.35597988236297,3681.62
14.91,0,0.073,0,209.66,1999,1,0,0,25,14.060760512373415,5245.16
13.62,0,0.097,4,154.13,2009,1,1,3,15,11.315615593568754,3817.08
13.29,2,0.017,4,110.55,1999,1,0,0,25,8.317658565946882,6578.85
11.49,1,0.016,8,165.5,2009,1,1,3,15,14.402575928987904,3568.94
14.28,1,0.184,8,177.12,1999,1,0,0,25,12.40249282263147,4316.05
14.84,0,0.069,0,171.47,1999,1,0,0,25,11.55380365204501,4447.81
14.0,0,0.039,4,197.4,1987,0,1,2,37,14.098992929076495,4788.51
14.64,1,0.023,9,176.9,1987,0,1,2,37,12.082508025408101,4514.09
12.01,2,0.077,6,142.55,2009,1,1,3,15,11.868287403213722,3216.78
10.98,0,0.056,3,142.0,2009,1,1,3,15,12.931427010290502,2972.41
10.97,0,0.033,12,141.62,2009,1,1,3,15,12.9085771579619,2961.6
13.36,0,0.022,5,151.78,2009,1,1,3,15,11.359928149090639,3064.36
17.55,0,0.058,14,209.8,1999,1,0,0,25,11.95373482992422,5845.17
12.01,0,0.094,5,116.6,1999,1,0,0,25,9.707767879443843,6275.74
17.12,2,0.111,14,217.03,1999,1,0,0,25,12.676245546404997,5894.91
17.82,0,0.138,15,171.19,1999,1,0,0,25,9.606082711407888,5115.81
13.09,2,0.033,13,163.18,2009,1,1,3,15,12.465052326025514,3882.38
13.85,2,0.031,13,185.48,1999,1,0,0,25,13.39109089596419,5017.66
11.43,2,0.146,3,113.97,1987,0,1,2,37,9.970256320531888,2499.77
12.76,0,0.03,6,146.66,2009,1,1,3,15,11.492829715539536,3470.1
16.92,1,0.006,8,184.19,1999,1,0,0,25,10.88529046746646,5178.79
13.86,0,0.03,4,140.61,2009,1,1,3,15,10.144289733785444,3593.76
13.03,0,0.046,10,146.2,2009,1,1,3,15,11.219399892563887,3521.88
11.41,0,0.159,5,135.52,2009,1,1,3,15,11.87625974936465,2937.68
15.17,0,0.018,5,194.87,1999,1,0,0,25,12.84490145672665,5001.84
10.37,2,0.112,10,118.19,1987,0,1,2,37,11.39620094494263,2347.68
16.4,0,0.025,3,171.88,1987,0,1,2,37,10.479848789707944,4809.32
15.81,1,0.07,9,176.48,1987,0,1,2,37,11.161849345392447,4770.49
15.04,0,0.038,7,178.24,1987,0,1,2,37,11.850275912505818,4631.14
13.02,0,0.014,6,119.87,2009,1,1,3,15,9.205898164503495,2981.44
11.38,0,0.095,6,122.09,2009,1,1,3,15,10.72752833670152,2655.15
10.93,1,0.054,9,103.23,1998,2,2,1,26,9.443783734333548,2168.66
10.73,0,0.054,10,148.79,2009,1,1,3,15,13.865436585593141,3055.69
9.82,1,0.009,8,103.11,1998,2,2,1,26,10.498930862437634,1913.25
10.28,1,0.067,8,146.56,2009,1,1,3,15,14.255422624258342,2907.14
15.21,2,0.039,3,123.72,2009,1,1,3,15,8.13358753533627,3553.2
13.01,0,0.14,10,141.23,2009,1,1,3,15,10.85466144031973,3415.63
12.96,1,0.064,9,144.34,2009,1,1,3,15,11.136486382223595,3468.12
15.26,0,0.079,13,146.43,1987,0,1,2,37,9.595046196186358,4029.7
14.79,0,0.067,14,171.69,1999,1,0,0,25,11.60773443310121,4441.22
12.25,0,0.074,3,127.29,2009,1,1,3,15,10.3901722308383,4462.82
13.34,1,0.052,8,170.71,1987,0,1,2,37,12.795892361891914,4093.95
10.58,0,0.009,12,99.47,1998,2,2,1,26,9.400812777620263,2012.38
11.98,2,0.073,6,171.04,2009,1,1,3,15,14.275936900091812,3792.49
13.17,0,0.032,0,147.65,2009,1,1,3,15,11.210234606332094,3582.18
11.99,0,0.172,0,137.08,2009,1,1,3,15,11.43190726378117,3100.78
11.69,0,0.019,14,122.03,2009,1,1,3,15,10.437943717389446,2723.16
14.74,2,0.051,6,166.51,1999,1,0,0,25,11.295705854419646,4322.85
10.48,2,0.114,13,158.21,2009,1,1,3,15,15.094933689533443,3190.93
10.96,0,0.016,1,74.2,1998,2,2,1,26,6.769455341665907,1581.31
13.34,0,0.174,14,200.59,1987,0,1,2,37,15.035604527396748,4703.68
13.85,0,0.146,4,151.4,2009,1,1,3,15,10.930618727889684,3812.51
13.41,2,0.029,6,159.99,2009,1,1,3,15,11.92975915293416,2495.13
14.06,0,0.038,13,114.74,2009,1,1,3,15,8.160159305881516,3110.9
13.2,2,0.013,0,122.51,2009,1,1,3,15,9.280357548670557,3075.7
12.73,1,0.016,8,112.75,2009,1,1,3,15,8.856334930484644,2768.4
19.12,0,0.025,13,185.76,1999,1,0,0,25,9.714973066262223,5706.5
13.43,0,0.016,14,122.96,2009,1,1,3,15,9.154940064030972,3135.81
9.12,0,0.141,6,160.61,2009,1,1,3,15,17.608814822936086,2932.66
13.94,0,0.185,6,160.21,1987,0,1,2,37,11.492002008464244,4012.84
14.74,0,0.028,6,173.42,1999,1,0,0,25,11.764466454107591,4465.83
14.87,0,0.108,13,179.56,1999,1,0,0,25,12.074507430569566,5566.83
12.81,2,0.028,14,124.88,2009,1,1,3,15,9.747872921707907,3036.35
14.53,0,0.089,13,125.16,2009,1,1,3,15,8.613309476292066,3430.11
12.18,1,0.15,9,147.22,2009,1,1,3,15,12.086035629258681,3778.82
10.53,1,0.019,9,171.63,2009,1,1,3,15,16.29759756908176,3476.82
9.38,2,0.039,14,115.72,1999,1,0,0,25,12.33557190065025,6697.87
9.82,0,0.235,14,160.14,2009,1,1,3,15,16.305875165461764,3080.29
11.87,0,0.126,0,143.22,2009,1,1,3,15,12.06469547637099,3199.52
14.35,0,0.111,6,136.93,2009,1,1,3,15,9.541495366176575,3630.27
12.15,0,0.04,10,160.78,2009,1,1,3,15,13.231832770965353,3619.87
14.15,1,0.022,9,172.94,1999,1,0,0,25,12.221044449155537,4320.69
9.73,0,0.018,10,141.48,2009,1,1,3,15,14.539101839482067,2680.13
12.24,0,0.014,6,154.99,2009,1,1,3,15,12.66154725921085,3522.83
9.57,1,0.015,8,144.1,2009,1,1,3,15,15.055898025284714,2696.29
10.77,1,0.191,11,143.53,2009,1,1,3,15,13.325596509144928,2956.85
11.09,0,0.033,4,118.67,2009,1,1,3,15,10.699666396177081,2519.6
10.88,0,0.05,6,134.83,2009,1,1,3,15,12.3913243268082,2802.61
7.34,2,0.058,1,170.06,2009,1,1,3,15,23.165781228715435,2723.51
12.46,0,0.147,4,140.98,2009,1,1,3,15,11.313698740069015,3285.89
8.35,2,0.028,4,84.27,1998,2,2,1,26,10.091007065022154,1196.06
15.39,2,0.022,0,195.11,1999,1,0,0,25,12.676889091027224,5055.52
11.45,2,0.118,6,160.96,2009,1,1,3,15,14.05641428696184,5091.48
15.09,0,0.057,10,154.83,1987,0,1,2,37,10.259757471340535,4164.61
11.69,1,0.033,9,205.73,1999,1,0,0,25,17.59729706611924,4436.39
12.04,2,0.011,13,153.42,1999,1,0,0,25,12.74146665559339,6722.57
12.28,2,0.137,3,137.83,2009,1,1,3,15,11.223027440762156,3179.9
14.08,1,0.026,9,123.44,2009,1,1,3,15,8.766422839286983,3293.58
11.51,0,0.171,6,142.49,2009,1,1,3,15,12.378594387976719,3102.31
12.57,0,0.017,0,143.12,2009,1,1,3,15,11.384933577281044,3353.55
13.59,1,0.089,8,128.45,2009,1,1,3,15,9.451107350452505,3284.47
11.65,2,0.073,13,130.48,1999,1,0,0,25,11.19903870912368,5997.21
12.5,1,0.02,11,129.71,2009,1,1,3,15,10.375969922406208,3064.6
11.43,0,0.01,0,154.31,2009,1,1,3,15,13.499256408013299,3326.44
9.48,0,0.063,5,141.2,2009,1,1,3,15,14.892943782301444,2617.46
16.53,2,0.028,5,196.63,1999,1,0,0,25,11.894622224910771,5343.61
16.95,0,0.162,4,211.85,1999,1,0,0,25,12.497787741136216,5749.87
15.59,2,0.104,13,149.51,1987,0,1,2,37,9.589506766724393,4167.33
10.76,0,0.019,10,190.45,2009,1,1,3,15,17.69816931511941,3914.26
10.93,1,0.025,9,156.05,2009,1,1,3,15,14.275912542310861,3247.83
10.17,2,0.037,1,112.06,1998,2,2,1,26,11.017599056140007,2177.31
13.29,2,0.126,0,109.69,2009,1,1,3,15,8.252953126175608,2832.54
10.4,0,0.059,6,137.67,2009,1,1,3,15,13.236227285837899,2752.13
9.61,0,0.064,0,92.03,1998,2,2,1,26,9.575486421808346,1639.82
18.8,1,0.06,8,177.86,1999,1,0,0,25,9.460135099196851,5473.2
12.68,0,0.077,10,144.66,2009,1,1,3,15,11.40761769576532,3410.74
11.38,2,0.14,4,126.15,2009,1,1,3,15,11.084263245760479,2738.02
10.64,1,0.034,8,123.88,2009,1,1,3,15,11.64176299219998,2524.16
10.82,1,0.034,9,117.35,1987,0,1,2,37,10.84465391368635,2431.89
9.88,0,0.184,3,113.71,1998,2,2,1,26,11.507944540026312,2145.04
10.23,1,0.012,9,128.13,2009,1,1,3,15,12.523702472876552,2517.99
8.25,2,0.031,4,119.55,1998,2,2,1,26,14.489152829960005,1894.93
10.31,0,0.053,4,104.76,1998,2,2,1,26,10.16002327611289,2059.36
11.55,0,0.038,4,152.41,2009,1,1,3,15,13.194528612241363,3314.91
11.05,1,0.073,8,140.16,2009,1,1,3,15,12.683015111754592,2951.38
8.88,2,0.021,3,156.71,2009,1,1,3,15,17.645535412678754,2797.91
13.02,2,0.027,6,141.9,2009,1,1,3,15,10.897780508409493,3431.78
13.7,2,0.089,0,152.91,2009,1,1,3,15,11.160499233632583,3809.67
13.51,0,0.048,6,121.14,2009,1,1,3,15,8.966027681148693,3117.68
12.8,2,0.017,5,160.56,2009,1,1,3,15,12.542770096086244,3763.63
17.08,0,0.076,10,173.23,1999,1,0,0,25,10.141677887711491,4988.93
14.91,1,0.011,9,141.66,2009,1,1,3,15,9.500368855207565,3853.24
12.64,0,0.12,4,175.83,1987,0,1,2,37,13.909500830630488,4038.5
11.8,2,0.016,3,156.64,2009,1,1,3,15,13.273451402423522,3456.59
8.4,0,0.14,3,96.48,1998,2,2,1,26,11.484347101535532,1458.62
16.16,0,0.042,5,156.21,1999,1,0,0,25,9.6658622609987,4434.06
14.35,1,0.033,8,172.76,1999,1,0,0,25,12.038185492300189,4363.58
12.05,0,0.235,6,105.32,1987,0,1,2,37,8.73952369098,2463.43
12.15,0,0.16,3,164.63,2009,1,1,3,15,13.548679121059996,3700.67
15.9,2,0.172,6,153.75,1999,1,0,0,25,9.669203194767626,4323.7
13.49,1,0.068,11,176.25,1999,1,0,0,25,13.064265065599288,4240.69
15.66,0,0.061,5,176.66,1987,0,1,2,37,11.280250303301194,4740.03
15.59,0,0.139,0,158.35,1999,1,0,0,25,10.156500545186326,4348.75
11.98,2,0.027,6,156.32,2009,1,1,3,15,13.047324931140972,3490.6
11.09,2,0.079,6,116.91,1987,0,1,2,37,10.540979172301867,2482.79
12.8,0,0.039,13,126.13,2009,1,1,3,15,9.85313647371299,3058.32
15.04,0,0.033,4,160.02,1999,1,0,0,25,10.63892028455555,4258.72
10.96,2,0.076,7,106.63,1998,2,2,1,26,9.728126995712069,2244.19
14.19,1,0.088,8,129.3,2009,1,1,3,15,9.111408639278418,3438.26
13.24,2,0.046,0,114.53,2009,1,1,3,15,8.649648818065101,2919.89
15.8,2,0.021,10,200.97,1999,1,0,0,25,12.718815264856655,5268.78
11.13,0,0.123,10,100.02,1998,2,2,1,26,8.985715569131255,2147.4
12.31,0,0.008,3,166.58,2009,1,1,3,15,13.530988546828041,3775.28
10.93,2,0.016,10,134.65,2009,1,1,3,15,12.318177659866436,2811.02
9.24,0,0.049,2,140.77,2009,1,1,3,15,15.233199870143926,2554.71
13.6,2,0.029,0,172.14,1987,0,1,2,37,12.656422321888096,4180.1
10.57,2,0.11,6,143.36,2009,1,1,3,15,13.561630876927445,2907.64
15.46,0,0.028,5,197.86,1999,1,0,0,25,12.797361102127935,5127.44
12.42,0,0.086,6,143.96,2009,1,1,3,15,11.590049110377588,3339.0
14.78,0,0.118,4,158.62,1987,0,1,2,37,10.731344293349572,4170.96
11.15,0,0.056,0,106.33,1998,2,2,1,26,9.535467671060891,2282.01
7.05,0,0.038,6,75.66,1998,2,2,1,26,10.730392852077719,727.24
14.31,1,0.102,9,173.86,1999,1,0,0,25,12.148696806652227,4376.47
14.05,1,0.03,8,170.52,1999,1,0,0,25,12.135791046900577,4250.81
14.21,0,0.025,13,175.34,1999,1,0,0,25,12.338329463091972,4384.94
15.38,2,0.035,4,114.98,2009,1,1,3,15,7.475456732332098,3414.22
8.5,0,0.074,0,106.21,1998,2,2,1,26,12.493824255969885,1678.47
8.91,1,0.025,9,120.18,1998,2,2,1,26,13.486701829199866,2056.89
12.87,0,0.014,14,150.73,2009,1,1,3,15,11.710822779892784,3578.6
15.06,0,0.072,10,156.09,1987,0,1,2,37,10.363853661775448,4182.62
10.71,2,0.03,10,150.8,2009,1,1,3,15,14.078984221828028,3092.23
13.12,1,0.032,9,132.45,2009,1,1,3,15,10.094504991997562,3260.66
13.92,0,0.099,6,116.89,2009,1,1,3,15,8.396666906113067,3123.19
14.92,1,0.062,8,165.26,1999,1,0,0,25,11.07566516989478,4339.14
14.76,0,0.068,5,156.69,1987,0,1,2,37,10.615134475984012,4127.71
13.6,0,0.094,0,157.98,2009,1,1,3,15,11.615322402764503,3891.63
9.01,0,0.084,6,141.69,2009,1,1,3,15,15.7241149705915,2520.53
12.06,2,0.053,13,138.78,2009,1,1,3,15,11.506508581377995,3150.56
15.77,0,0.005,3,202.59,1999,1,0,0,25,12.845729503519118,5295.06
15.36,0,0.092,6,194.09,1999,1,0,0,25,12.63524510123039,5028.01
13.61,0,0.195,0,103.32,2009,1,1,3,15,7.590919109543751,2775.51
14.32,0,0.041,0,200.93,1987,0,1,2,37,14.030444801340689,4932.32
10.81,2,0.027,5,166.85,2009,1,1,3,15,15.433354916288964,3441.73
13.44,0,0.064,1,176.41,1999,1,0,0,25,13.124767502417976,4233.02
12.9,2,0.154,6,146.68,2009,1,1,3,15,11.369661266568484,3502.55
13.19,0,0.096,5,115.37,2009,1,1,3,15,8.746114775225534,2925.89
15.33,1,0.162,8,121.02,2009,1,1,3,15,7.893809927597678,3526.22
14.73,0,0.057,0,165.92,1987,0,1,2,37,11.263322245604506,3401.4
12.27,0,0.043,3,133.74,2009,1,1,3,15,10.898867247983052,3094.74
13.15,2,0.226,12,125.91,2009,1,1,3,15,9.574176868679189,3133.05
11.11,0,0.123,6,160.23,2009,1,1,3,15,14.420844208442086,3375.53
12.85,2,0.076,5,107.58,2009,1,1,3,15,8.371332970196873,2690.09
15.45,0,0.038,1,191.67,1999,1,0,0,25,12.405022328651867,4999.38
7.66,2,0.04,1,93.85,1998,2,2,1,26,12.250358960971152,1235.63
6.79,0,0.035,0,105.37,1998,2,2,1,26,15.516124282138124,1275.6
9.48,0,0.052,6,115.3,1998,2,2,1,26,12.16116443413142,2087.47
14.53,0,0.047,10,157.05,1987,0,1,2,37,10.80792787832909,4082.12
14.35,0,0.036,0,214.45,1999,1,0,0,25,14.943209532436764,5215.85
17.64,0,0.015,13,169.55,1999,1,0,0,25,9.611133155716796,5040.35
10.96,0,0.043,0,123.47,2009,1,1,3,15,11.264483167594197,2589.12
10.91,1,0.039,9,112.81,1987,0,1,2,37,10.339107322885162,2359.69
13.21,0,0.053,5,165.58,2009,1,1,3,15,12.533494814926955,3958.34
11.02,0,0.023,6,135.55,2009,1,1,3,15,12.299246892296527,2849.74
12.55,2,0.036,13,176.84,1987,0,1,2,37,14.08971396701458,4039.15
11.45,0,0.013,6,166.86,2009,1,1,3,15,14.571653130730944,3588.2
11.82,2,0.185,5,124.06,2009,1,1,3,15,10.494881989679385,2796.0
10.16,2,0.141,6,169.12,2009,1,1,3,15,16.64403109930125,3342.77
8.71,2,0.033,6,88.61,1999,1,0,0,25,10.172196073929515,5609.12
8.72,0,0.006,0,124.98,1998,2,2,1,26,14.330925352597179,2113.03
12.07,0,0.108,0,150.57,2009,1,1,3,15,12.473697291028083,3393.15
11.75,1,0.077,8,142.99,2009,1,1,3,15,12.168326099906393,3166.0
11.16,1,0.077,8,145.96,2009,1,1,3,15,13.077681211360991,3093.48
12.41,2,0.065,4,181.36,1987,0,1,2,37,14.612843445330757,4101.56
8.05,2,0.018,4,120.86,1998,2,2,1,26,15.011799776425288,1877.48
15.68,2,0.013,14,154.19,1999,1,0,0,25,9.832918818952873,4283.24
14.48,2,0.095,5,152.25,2009,1,1,3,15,10.513776672881708,3972.42
9.15,2,0.106,7,104.7,1998,2,2,1,26,11.441372527592613,1795.31
14.55,1,0.05,9,147.2,2009,1,1,3,15,10.116143220397223,3885.32
15.07,0,0.097,3,225.32,1999,1,0,0,25,14.950567314710371,5601.92
12.33,0,0.027,4,146.0,2009,1,1,3,15,11.840077852566703,3358.71
13.89,2,0.034,0,161.36,1987,0,1,2,37,11.61615434453963,4027.08
13.87,0,0.038,14,143.86,2009,1,1,3,15,10.371278206329755,3662.72
8.3,0,0.16,3,146.59,1987,0,1,2,37,17.659318154439223,2459.39
11.49,2,0.041,6,81.78,1998,2,2,1,26,7.116874075363328,1855.55
12.66,1,0.129,8,136.52,2009,1,1,3,15,10.782718584629967,3239.91
11.12,1,0.137,8,99.28,1998,2,2,1,26,8.927254743278484,2129.23
11.98,1,0.024,11,144.92,2009,1,1,3,15,12.09581837910024,3258.36
13.68,0,0.033,7,141.99,2009,1,1,3,15,10.378627293326513,3581.72
14.27,0,0.105,3,145.12,2009,1,1,3,15,10.168873940158365,3779.0
13.96,1,0.131,9,185.91,1987,0,1,2,37,13.31638134804097,4544.86
13.18,1,0.019,8,133.88,2009,1,1,3,15,10.157044230331538,3304.37
15.28,0,0.01,6,139.0,2009,1,1,3,15,9.09626333355147,3882.54
15.18,0,0.052,4,187.91,1987,0,1,2,37,12.377972465581978,4860.93
11.73,1,0.042,9,166.45,2009,1,1,3,15,14.188901201943567,3642.81
12.62,1,0.096,9,192.26,1999,1,0,0,25,15.233341256635766,4370.65
10.95,0,0.073,0,97.16,1998,2,2,1,26,8.872249109670351,2047.28
8.14,0,0.038,14,95.75,1998,2,2,1,26,11.761454366785408,1384.21
13.41,1,0.016,9,198.07,1987,0,1,2,37,14.76921929759153,4669.74
12.57,2,0.097,6,164.67,2009,1,1,3,15,13.099196563519211,3796.14
13.2,0,0.119,10,129.96,2009,1,1,3,15,9.844708734186806,3226.96
11.88,2,0.142,0,67.8,1998,2,2,1,26,5.706590354347277,1658.53
12.59,2,0.067,6,153.51,2009,1,1,3,15,12.192041934715272,3572.09
11.55,0,0.128,13,178.19,2009,1,1,3,15,15.426370011254436,3842.14
17.4,0,0.021,6,186.39,1999,1,0,0,25,10.711453364749152,5332.56
13.07,0,0.017,13,122.22,2009,1,1,3,15,9.350470507229746,3040.18
11.82,0,0.175,6,110.51,2009,1,1,3,15,9.348616868285255,2517.47
8.99,2,0.123,10,176.56,2009,1,1,3,15,19.63741519297075,3230.57
15.28,0,0.083,12,153.71,1987,0,1,2,37,10.058896669066161,4183.75
15.73,0,0.128,5,157.51,1999,1,0,0,25,10.012713749920538,4364.04
10.88,0,0.124,13,121.85,2009,1,1,3,15,11.198419262935392,2536.83
12.38,0,0.045,7,132.33,2009,1,1,3,15,10.688151199418465,3090.07
9.86,0,0.061,0,157.14,2009,1,1,3,15,15.93550349863097,3029.46
13.99,1,0.031,9,175.17,1999,1,0,0,25,12.520191551711815,4331.05
12.29,1,0.141,9,154.65,2009,1,1,3,15,12.582377349279962,3526.52
10.81,2,0.144,4,134.48,2009,1,1,3,15,12.439182314309498,2780.44
13.8,0,0.122,14,142.85,2009,1,1,3,15,10.350699224693862,3626.11
13.15,2,0.007,5,140.49,2009,1,1,3,15,10.682837807010875,3431.81
11.2,2,0.1,13,143.59,2009,1,1,3,15,12.819391125792341,3055.57
13.02,2,0.14,0,110.07,2009,1,1,3,15,8.453267798172183,2779.79
11.43,2,0.12,4,84.85,1998,2,2,1,26,7.422797655498207,1904.99
13.16,0,0.176,3,122.52,2009,1,1,3,15,9.309322999772053,3066.82
14.34,2,0.14,13,114.4,2009,1,1,3,15,7.977128512656022,3167.01
7.15,2,0.049,6,90.89,1998,2,2,1,26,12.71011047405957,1060.4
10.08,2,0.025,3,203.46,1987,0,1,2,37,20.182521575240553,4026.86
14.72,0,0.046,4,161.55,1999,1,0,0,25,10.974118606072958,4217.91
12.68,1,0.117,8,144.61,2009,1,1,3,15,11.403674789054493,3408.87
10.88,1,0.036,8,152.84,2009,1,1,3,15,14.046503078761143,3172.54
16.34,0,0.024,6,165.12,1987,0,1,2,37,10.104644758582706,4657.19
13.71,1,0.113,9,152.88,1999,1,0,0,25,11.150171395230107,5975.5
15.29,0,0.143,0,143.19,2009,1,1,3,15,9.364331959976457,3971.12
9.45,2,0.045,7,132.32,1987,0,1,2,37,14.000634853454661,2428.53
11.95,0,0.12,5,127.05,2009,1,1,3,15,10.630909547318216,2886.22
8.28,1,0.172,9,116.59,1998,2,2,1,26,14.079217485810895,1842.34
20.22,0,0.05,0,210.05,1999,1,0,0,25,10.387715741061273,6451.88
10.71,0,0.04,6,86.44,1998,2,2,1,26,8.070208197180468,1775.57
16.17,2,0.107,10,199.44,1999,1,0,0,25,12.333189042112421,5321.1
13.97,2,0.057,6,155.49,2009,1,1,3,15,11.129482499463174,3923.8
14.14,0,0.099,3,134.82,1998,2,2,1,26,9.533979209391132,1485.84
12.97,0,0.122,5,153.37,2009,1,1,3,15,11.824069077172153,3653.86
9.7,0,0.098,4,153.88,2009,1,1,3,15,15.86228223894444,2925.31
10.88,1,0.052,8,124.46,2009,1,1,3,15,11.43828692215789,2591.06
8.44,0,0.151,10,127.75,1998,2,2,1,26,15.134462741381355,2107.28
12.65,0,0.047,6,129.27,2009,1,1,3,15,10.218164571970597,3088.34
14.28,2,0.191,5,172.08,1999,1,0,0,25,12.049576360198868,4332.42
7.15,0,0.028,13,139.85,1998,2,2,1,26,19.556705355894277,2063.65
15.17,0,0.089,13,197.17,1999,1,0,0,25,12.996506492650452,5048.02
12.88,0,0.174,14,134.97,2009,1,1,3,15,10.478223740392826,3258.72
13.63,0,0.032,6,141.17,2009,1,1,3,15,10.356540239160735,3554.44
9.51,0,0.143,13,166.46,2009,1,1,3,15,17.501839974766064,3139.89
18.33,2,0.057,0,166.37,1999,1,0,0,25,9.075882385030823,5132.64
12.13,0,0.039,3,131.83,2009,1,1,3,15,10.867199736213008,3023.88
13.36,1,0.037,8,133.38,2009,1,1,3,15,9.982785719631764,3333.65
14.24,0,0.161,0,157.3,1987,0,1,2,37,11.04557264237062,4021.89
13.53,0,0.015,1,137.46,2009,1,1,3,15,10.158894390658489,3456.64
13.15,2,0.064,14,200.71,1987,0,1,2,37,15.26195726560718,4663.06
15.0,0,0.063,10,180.59,1987,0,1,2,37,12.038530764615693,4670.68
11.45,2,0.131,13,159.65,2009,1,1,3,15,13.94201379792158,3440.11
11.15,2,0.058,3,101.35,1998,2,2,1,26,9.088870953277732,2178.37
14.5,1,0.114,11,140.78,2009,1,1,3,15,9.708295979587614,3743.82
9.05,0,0.033,13,136.87,1987,0,1,2,37,15.122085957352779,2432.22
15.7,1,0.025,9,157.42,1999,1,0,0,25,10.026112986433985,4354.58
11.44,1,0.085,9,101.11,1998,2,2,1,26,8.837514203303908,2238.75
16.58,0,0.064,5,171.9,1999,1,0,0,25,10.367287859598337,4848.73
8.89,1,0.169,9,154.83,2009,1,1,3,15,17.414239118209426,2762.57
13.16,0,0.086,13,139.58,2009,1,1,3,15,10.605577083808223,3416.23
13.26,0,0.023,6,152.64,2009,1,1,3,15,11.510444159565644,3704.99
12.99,1,0.123,9,155.05,2009,1,1,3,15,11.935185897929337,3692.48
10.3,2,0.174,14,179.08,2009,1,1,3,15,17.384719930103874,3576.7
16.02,0,0.088,6,199.75,1999,1,0,0,25,12.468010735909118,4288.95
11.43,0,0.004,6,163.28,2009,1,1,3,15,14.28396465751028,3509.33
11.1,2,0.085,0,120.36,2009,1,1,3,15,10.842266462480858,5114.13
12.72,0,0.094,6,202.75,1987,0,1,2,37,15.938212404685165,4609.12
11.14,0,0.021,10,160.4,2009,1,1,3,15,14.397271340095145,3384.98
8.68,1,0.036,11,126.2,1998,2,2,1,26,14.537495680221175,2129.09
12.83,1,0.01,9,190.06,1999,1,0,0,25,14.812563323201621,4373.23
12.51,2,0.058,14,154.73,2009,1,1,3,15,12.367516585404843,3579.68
12.95,0,0.039,5,164.93,2009,1,1,3,15,12.734923944096982,1861.39
15.56,2,0.04,3,148.73,1987,0,1,2,37,9.557869031553242,4144.36
8.38,0,0.064,1,109.73,1998,2,2,1,26,13.092709700513065,1725.49
10.27,1,0.136,9,89.17,1998,2,2,1,26,8.681725245837796,1729.69
15.19,0,0.04,0,169.5,1999,1,0,0,25,11.157922454084655,4487.29
10.87,2,0.089,10,149.85,2009,1,1,3,15,13.784380461779046,3109.06
13.71,2,0.117,4,142.45,2009,1,1,3,15,10.389468310115964,1852.12
12.61,0,0.016,2,120.22,2009,1,1,3,15,9.532947426849576,2894.69
9.21,2,0.064,5,124.82,1998,2,2,1,26,13.551188796004777,2220.56
11.5,2,0.036,0,121.36,2009,1,1,3,15,10.55212590209547,2668.56
12.54,2,0.157,0,105.25,2009,1,1,3,15,8.392472689578184,2573.15
13.15,0,0.14,14,151.01,2009,1,1,3,15,11.48277697513497,4117.96
12.53,2,0.014,2,110.43,2009,1,1,3,15,8.812544888676085,2676.63
10.29,0,0.089,14,145.67,2009,1,1,3,15,14.155086969196386,2892.64
11.98,0,0.16,0,160.48,2009,1,1,3,15,13.394541357148817,3576.33
16.67,2,0.129,6,168.79,1987,0,1,2,37,10.124767560434284,4807.0
11.88,0,0.024,4,94.13,1998,2,2,1,26,7.922733776618129,2196.53
10.57,1,0.084,9,195.53,2009,1,1,3,15,18.49683095260619,3975.45
10.93,0,0.013,14,66.73,1998,2,2,1,26,6.104656481566189,1421.47
11.73,1,0.015,9,170.07,2009,1,1,3,15,14.497485295371238,3716.96
12.21,1,0.035,8,120.86,2009,1,1,3,15,9.89763328146753,2818.46
12.71,2,0.132,15,125.12,2009,1,1,3,15,9.84344268743608,3018.01
14.06,0,0.083,13,143.26,2009,1,1,3,15,10.188464547329492,3694.94
13.23,1,0.089,11,147.24,2009,1,1,3,15,11.128410550978764,3588.15
15.19,2,0.105,14,176.78,1987,0,1,2,37,11.637153577776315,4636.4
13.96,0,0.13,1,158.05,2009,1,1,3,15,11.320822290666857,3974.23
11.95,0,0.047,3,162.43,1999,1,0,0,25,13.591331269349848,5956.15
11.42,2,0.103,6,139.09,2009,1,1,3,15,12.178443218632346,3012.54
7.78,0,0.033,3,84.71,1998,2,2,1,26,10.88677547873024,1076.32
11.59,0,0.009,6,170.3,2009,1,1,3,15,14.692433784833062,3690.29
12.01,0,0.142,4,151.9,2009,1,1,3,15,12.646740487886106,3406.74
15.28,1,0.015,9,223.92,1999,1,0,0,25,14.653491263660756,5620.9
14.87,1,0.017,11,157.82,1987,0,1,2,37,10.612601708022325,4174.81
9.84,0,0.032,6,103.94,1998,2,2,1,26,10.561934762727365,1936.64
10.39,0,0.172,3,122.25,1987,0,1,2,37,11.764988932730247,2435.61
12.87,0,0.033,14,152.44,2009,1,1,3,15,11.843679589775466,3613.5
12.92,2,0.191,4,161.6,2009,1,1,3,15,12.506771921677888,3812.29
15.66,2,0.104,4,170.31,1987,0,1,2,37,10.874784496520018,4609.63
12.38,2,0.046,0,159.32,2009,1,1,3,15,12.868104353444794,3643.74
12.31,0,0.023,13,140.68,2009,1,1,3,15,11.427178945658355,3246.84
12.77,0,0.019,13,117.92,2009,1,1,3,15,9.233419465977606,2884.77
13.54,2,0.12,10,151.43,2009,1,1,3,15,11.18307362824016,3743.51
11.37,2,0.024,10,179.25,2009,1,1,3,15,15.763785067276407,3822.88
13.67,0,0.031,3,129.94,2009,1,1,3,15,9.50479116377734,3333.05
11.26,2,0.076,6,116.37,2009,1,1,3,15,10.333895746381318,2511.48
22.0,1,0.06,9,266.0,1999,1,0,0,25,12.090359529112312,8000.0
13.85,0,0.047,4,169.13,1987,0,1,2,37,12.210670709696052,4175.9
16.79,0,0.038,6,189.92,1999,1,0,0,25,11.310821273301173,5266.58
13.86,0,0.168,13,181.28,1999,1,0,0,25,13.078421470312389,4426.73
13.07,0,0.104,13,148.16,2009,1,1,3,15,11.335016448626732,3569.59
12.26,0,0.157,4,133.14,2009,1,1,3,15,10.85882065084414,3079.25
11.44,2,0.054,6,113.44,1987,0,1,2,37,9.915217201293594,2491.75
15.61,1,0.102,9,143.44,1987,0,1,2,37,9.188392799948755,4048.25
17.62,2,0.032,14,186.17,1999,1,0,0,25,10.565234663185969,5376.9
11.01,2,0.104,4,142.32,2009,1,1,3,15,12.925256561620198,2985.46
12.6,0,0.025,13,157.47,2009,1,1,3,15,12.496627251805412,3288.06
11.95,0,0.017,4,147.26,2009,1,1,3,15,12.321981424148607,3299.09
16.81,0,0.08,14,199.09,1999,1,0,0,25,11.842840996966272,5457.34
10.39,0,0.145,12,128.78,2009,1,1,3,15,12.393417380425369,2567.33
13.65,0,0.096,5,155.42,2009,1,1,3,15,11.385246502087758,3850.43
12.25,0,0.04,3,160.42,2009,1,1,3,15,13.094441270100399,3635.5
11.68,0,0.03,0,172.02,2009,1,1,3,15,14.72647889735468,3745.23
8.81,0,0.018,5,118.11,1998,2,2,1,26,13.404834865509024,1992.36
11.94,1,0.048,9,162.52,2009,1,1,3,15,13.610250397789132,3608.59
8.76,2,0.024,10,139.86,1987,0,1,2,37,15.963931058098394,2427.66
12.52,1,0.041,8,190.87,1999,1,0,0,25,15.243990096637651,4320.6
13.51,0,0.131,4,131.84,2009,1,1,3,15,9.757974983346903,3336.51
9.33,2,0.021,0,141.68,2009,1,1,3,15,15.183795948987248,2592.1
14.95,1,0.048,11,148.96,1987,0,1,2,37,9.963213162999132,4011.54
14.27,2,0.121,13,163.9,1987,0,1,2,37,11.484829374255485,4163.04
11.67,2,0.157,3,140.96,2009,1,1,3,15,12.07779967440665,3107.44
15.51,0,0.035,3,163.51,1999,1,0,0,25,10.541551157243246,4435.9
14.2,1,0.084,11,176.23,1999,1,0,0,25,12.40968945848884,4400.12
13.94,1,0.04,8,145.02,2009,1,1,3,15,10.402410157090598,3703.09
15.31,1,0.157,8,213.81,1999,1,0,0,25,13.964469988896871,5419.85
11.07,0,0.091,10,102.25,1999,1,0,0,25,9.235841387408545,6035.09
11.04,0,0.084,0,130.24,2009,1,1,3,15,11.79603296802826,2746.01
12.54,0,0.075,2,144.1,2009,1,1,3,15,11.490311777370227,3367.78
11.56,2,0.039,13,152.18,2009,1,1,3,15,13.163221174638872,3312.79
17.55,1,0.02,9,174.58,1999,1,0,0,25,9.947011566292518,5122.98
14.87,1,0.13,9,184.9,1987,0,1,2,37,12.433595588729744,4728.24
12.71,0,0.039,6,154.18,2009,1,1,3,15,12.129651482967509,3611.62
11.66,2,0.094,3,145.99,2009,1,1,3,15,12.519509476031216,3207.89
9.19,0,0.058,6,85.26,1998,2,2,1,26,9.276466108149279,1406.21
11.34,0,0.047,5,72.61,1998,2,2,1,26,6.402433647826471,1633.12
12.72,2,0.245,6,117.19,2009,1,1,3,15,9.212326074994104,2858.02
8.76,2,0.053,13,104.89,1998,2,2,1,26,11.972377582467756,1711.89
11.81,0,0.064,4,128.04,2009,1,1,3,15,10.840741681483362,2873.69
11.09,2,0.025,14,118.29,2009,1,1,3,15,10.665404381931296,2511.66
13.43,2,0.044,0,160.21,2009,1,1,3,15,11.928374655647385,3899.39
15.82,0,0.049,14,117.06,2009,1,1,3,15,7.399026610201631,3555.72
15.56,0,0.064,5,141.09,2009,1,1,3,15,9.066898014266435,3988.97
14.57,0,0.149,6,182.01,1987,0,1,2,37,12.49124974263949,4602.52
10.63,2,0.061,13,120.25,1987,0,1,2,37,11.311259524033487,2447.73
11.47,2,0.081,0,205.41,1999,1,0,0,25,17.906895649899745,4381.18
11.07,1,0.063,9,175.61,2009,1,1,3,15,15.862162406286696,3679.39
11.19,2,0.084,6,141.67,2009,1,1,3,15,12.659279778393351,3013.38
11.34,1,0.075,9,177.47,2009,1,1,3,15,15.648531875495989,3779.74
14.47,2,0.024,10,191.08,1987,0,1,2,37,13.204339713910581,4764.56
15.44,0,0.052,5,167.26,1999,1,0,0,25,10.83219998704747,4496.65
15.75,2,0.066,6,126.59,2009,1,1,3,15,8.036950034918418,3733.96
15.25,1,0.04,9,137.67,2009,1,1,3,15,9.026949052521145,3848.05
11.23,0,0.079,13,124.94,2009,1,1,3,15,11.124565933576708,2679.62
14.97,0,0.083,5,167.28,1999,1,0,0,25,11.1736022977757,4391.48
11.8,0,0.036,12,142.71,2009,1,1,3,15,12.093042962460808,3171.85
10.97,1,0.082,8,168.37,2009,1,1,3,15,15.3468234436241,3509.36
11.34,0,0.105,6,131.68,2009,1,1,3,15,11.610969050348295,2842.26
9.41,0,0.085,6,118.3,1998,2,2,1,26,12.570396344703008,2132.52
9.67,0,0.035,5,120.82,1998,2,2,1,26,12.493020370178886,2241.67
14.95,2,0.011,2,144.16,2009,1,1,3,15,9.642164403718816,3913.07
17.99,1,0.049,9,174.94,1999,1,0,0,25,9.723750764271024,5230.35
13.52,0,0.026,4,198.73,1987,0,1,2,37,14.697877375933732,4707.35
10.98,2,0.023,4,143.26,2009,1,1,3,15,13.04617065840998,2997.53
16.29,0,0.111,6,160.6,1987,0,1,2,37,9.858203916272789,4553.97
12.18,1,0.125,9,126.97,2009,1,1,3,15,10.423610541006486,2935.97
11.28,1,0.089,8,146.22,2009,1,1,3,15,12.961616877936354,4594.26
11.18,0,0.015,14,170.89,2009,1,1,3,15,15.28396386727484,3608.87
12.51,0,0.049,13,158.38,2009,1,1,3,15,12.659259851330829,3654.12
15.83,2,0.113,4,127.93,2009,1,1,3,15,8.080980354999685,3781.36
15.6,2,0.175,5,206.47,1999,1,0,0,25,13.234408050765976,5335.0
13.98,0,0.103,0,147.47,2009,1,1,3,15,10.547886417280596,3762.39
10.64,1,0.117,8,116.07,1987,0,1,2,37,10.90780941640823,2364.68
12.64,1,0.073,9,120.03,2009,1,1,3,15,9.495293093900798,2897.87
12.27,0,0.049,13,176.87,2009,1,1,3,15,14.413658218564096,3978.11
15.11,2,0.053,13,183.43,1987,0,1,2,37,12.138839256171003,4752.54
12.08,0,0.185,4,110.34,2009,1,1,3,15,9.133349888254283,2573.24
10.61,0,0.064,13,115.36,1987,0,1,2,37,10.871736876825937,2344.5
14.82,1,0.052,9,188.3,1987,0,1,2,37,12.70494568517644,4190.58
14.94,0,0.049,13,166.17,1999,1,0,0,25,11.121745532427548,4361.4
10.05,2,0.115,4,113.76,1998,2,2,1,26,11.318276788379267,2184.7
11.73,2,0.109,4,152.42,2009,1,1,3,15,12.992924729349586,3354.73
13.23,0,0.021,5,107.87,2009,1,1,3,15,8.152822915879375,2783.36
15.58,2,0.046,5,186.63,1987,0,1,2,37,11.978050189333162,4924.65
11.38,1,0.082,8,161.73,2009,1,1,3,15,14.210526315789473,3466.89
17.72,0,0.018,5,147.71,1987,0,1,2,37,8.335308391174314,4612.6
10.53,0,0.024,10,89.82,1998,2,2,1,26,8.529104548475928,1803.84
11.62,0,0.059,3,144.32,2009,1,1,3,15,12.418896824713881,3163.43
9.45,0,0.049,6,146.25,2009,1,1,3,15,15.47455295735901,2714.08
15.65,1,0.051,8,143.97,1987,0,1,2,37,9.198773241326434,4069.08
13.48,0,0.02,5,184.19,1999,1,0,0,25,13.662933016838513,4400.99
13.11,0,0.068,7,162.07,2009,1,1,3,15,12.361375943863932,3863.85
13.95,2,0.122,12,190.21,1987,0,1,2,37,13.634148089742673,4630.24
11.59,0,0.108,6,139.98,2009,1,1,3,15,12.07661116383401,3069.02
11.54,1,0.034,8,123.58,1999,1,0,0,25,10.70791092626289,5810.42
16.15,0,0.171,5,202.51,1999,1,0,0,25,12.538542505108042,5379.31
17.81,0,0.027,15,250.57,1999,1,0,0,25,14.068272415922744,6736.81
10.43,0,0.063,2,123.97,1987,0,1,2,37,11.884766561211773,2479.36
14.79,0,0.105,6,200.0,1999,1,0,0,25,13.521736190926916,5019.24
12.27,2,0.047,4,115.22,2009,1,1,3,15,9.389617798060469,2714.93
13.89,0,0.032,5,162.95,1987,0,1,2,37,11.730616946224172,4795.14
9.56,0,0.081,3,110.56,1998,2,2,1,26,11.563643970295994,2007.1
10.19,0,0.036,4,196.33,2009,1,1,3,15,19.265037778431953,3904.73
11.04,0,0.027,0,139.45,2009,1,1,3,15,12.630196540168464,2933.88
17.02,2,0.068,13,154.38,1987,0,1,2,37,9.069972387051289,4591.37
9.95,0,0.066,6,133.7,2009,1,1,3,15,13.435835594412623,2570.75
11.15,0,0.047,4,161.31,2009,1,1,3,15,14.465967177831585,3405.87
12.09,0,0.038,1,166.41,2009,1,1,3,15,13.76312960052932,3723.03
12.24,1,0.094,9,122.26,2009,1,1,3,15,9.987746099174904,2915.92
12.46,0,0.097,7,91.54,1998,2,2,1,26,7.346119894069497,2274.65
15.17,0,0.184,0,140.35,1999,1,0,0,25,9.251202953002439,6526.25
6.77,0,0.032,10,75.21,1998,2,2,1,26,11.107665042091272,654.52
13.08,0,0.096,5,162.83,2009,1,1,3,15,12.447825089824939,3873.37
13.17,0,0.031,3,168.88,1987,0,1,2,37,12.82210917925746,4017.27
12.49,1,0.021,8,127.31,2009,1,1,3,15,10.192138339604515,3014.04
13.63,1,0.035,8,194.16,1987,0,1,2,37,14.244002641038808,4638.82
11.76,0,0.053,5,145.08,2009,1,1,3,15,12.335685741008419,3212.59
11.44,0,0.085,10,110.21,1987,0,1,2,37,9.63289922209597,2424.69
13.36,0,0.026,13,173.03,1987,0,1,2,37,12.95037796572113,4144.15
12.58,0,0.18,13,140.68,2009,1,1,3,15,11.181941022176298,3306.53
12.9,0,0.021,6,151.14,2009,1,1,3,15,11.715370901480505,3593.69
13.38,1,0.092,8,99.68,2009,1,1,3,15,7.449368507585382,2649.11
9.77,2,0.052,10,83.51,1998,2,2,1,26,8.54671988537509,1501.03
14.33,2,0.017,13,160.39,1987,0,1,2,37,11.191821924499337,4105.63
13.78,0,0.027,6,129.13,2009,1,1,3,15,9.370147304259488,3340.81
12.3,0,0.022,0,86.48,1998,2,2,1,26,7.030322737988782,2134.11
15.52,0,0.122,4,138.6,2009,1,1,3,15,8.929836995038979,3927.88
13.94,0,0.133,13,150.89,2009,1,1,3,15,10.823470339286995,3823.7
15.76,2,0.153,10,207.02,1999,1,0,0,25,13.13495336590318,5383.14
10.35,0,0.1,13,130.27,2009,1,1,3,15,12.58525746304705,2589.27
16.87,0,0.047,0,171.9,1999,1,0,0,25,10.189081856440044,4915.21
17.56,2,0.027,6,169.6,1999,1,0,0,25,9.65776436421616,6408.86
13.14,0,0.12,14,161.09,2009,1,1,3,15,12.258580016741496,3849.95
11.15,0,0.117,10,118.02,2009,1,1,3,15,10.583804143126176,2520.52
8.7,2,0.061,14,108.88,1998,2,2,1,26,12.513504194920126,1779.48
13.46,2,0.033,0,129.62,2009,1,1,3,15,9.629299457692593,3278.39
10.42,2,0.027,4,168.04,2009,1,1,3,15,16.125131945110834,3377.56
13.3,2,0.128,13,151.15,2009,1,1,3,15,11.363807232538907,3683.19
10.89,0,0.014,6,105.7,1998,2,2,1,26,9.705261224864568,2210.11
11.58,2,0.172,4,99.03,1998,2,2,1,26,8.551075036698041,2229.47
13.43,0,0.107,13,139.13,2009,1,1,3,15,10.358871267962177,3468.09
12.94,1,0.029,8,133.07,2009,1,1,3,15,10.282822038482344,3232.82
15.47,0,0.079,13,145.72,1987,0,1,2,37,9.418912804602158,4062.32
9.07,0,0.096,10,154.13,2009,1,1,3,15,16.991511409987872,2789.04
13.95,0,0.032,13,176.73,1999,1,0,0,25,12.667909110458032,4354.48
18.16,2,0.072,14,186.64,1999,1,0,0,25,10.276967127360827,5507.55
13.07,0,0.034,15,183.87,1999,1,0,0,25,14.067018590773468,4301.12
12.71,0,0.029,3,145.61,2009,1,1,3,15,11.45543230272992,3438.07
13.12,2,0.113,3,132.67,2009,1,1,3,15,10.111272006706805,3264.7
14.02,0,0.054,3,156.62,2009,1,1,3,15,11.170387276228515,3958.41
13.8,0,0.092,10,152.42,2009,1,1,3,15,11.044127237156728,3822.5
10.49,2,0.031,6,151.06,2009,1,1,3,15,14.399008674101612,3047.47
11.48,0,0.07,13,90.06,1998,2,2,1,26,7.844264436895741,2022.24
12.35,0,0.085,0,137.31,2009,1,1,3,15,11.117318435754191,3185.57
13.95,2,0.035,14,166.78,1987,0,1,2,37,11.954698587914846,4149.75
17.02,2,0.062,6,204.33,1999,1,0,0,25,12.004582574466836,5612.08
10.25,2,0.133,6,129.67,2009,1,1,3,15,12.649497609989268,2554.47
14.66,0,0.006,6,167.38,1999,1,0,0,25,11.416683718709502,4324.12
7.76,1,0.026,8,74.92,1998,2,2,1,26,9.653395181033373,872.41
10.5,0,0.147,5,119.81,1987,0,1,2,37,11.409389581944577,2409.94
8.2,0,0.114,3,171.96,2009,1,1,3,15,20.968174612852096,2957.91
12.33,2,0.021,10,149.26,2009,1,1,3,15,12.10445219365826,3425.85
7.24,1,0.058,8,61.15,1998,2,2,1,26,8.444966164894351,472.43
16.54,0,0.144,4,171.43,1999,1,0,0,25,10.363944138806602,4830.02
13.48,2,0.044,6,105.11,2009,1,1,3,15,7.796899339811587,2782.74
12.51,0,0.078,13,129.25,2009,1,1,3,15,10.330908800255775,3056.44
13.63,0,0.021,6,156.67,2009,1,1,3,15,11.49365417064045,3872.19
12.51,1,0.073,9,169.48,2009,1,1,3,15,13.546479098393414,3880.61
14.87,0,0.062,0,142.02,2009,1,1,3,15,9.550131127698206,3851.0
10.5,0,0.036,7,144.82,2009,1,1,3,15,13.791067517379297,2921.44
10.72,0,0.091,5,151.02,2009,1,1,3,15,14.086372539875013,3099.25
15.01,1,0.163,11,164.5,1999,1,0,0,25,10.958630337752316,4343.27
12.82,0,0.036,6,167.49,2009,1,1,3,15,13.063723578504018,3909.01
17.05,0,0.051,6,175.44,1999,1,0,0,25,10.289132602193419,5028.95
13.79,0,0.015,6,133.92,2009,1,1,3,15,9.710680878834022,3442.25
10.06,0,0.054,15,158.21,2009,1,1,3,15,15.725077030116292,3096.23
15.71,2,0.053,5,140.71,1987,0,1,2,37,8.956145375851314,4015.69
10.65,0,0.251,1,144.18,2009,1,1,3,15,13.536757112008264,2943.04
15.16,0,0.079,0,145.48,2009,1,1,3,15,9.595673108633994,3987.92
17.28,0,0.098,5,176.49,1999,1,0,0,25,10.212950639430588,5102.86
12.77,2,0.076,13,132.17,2009,1,1,3,15,10.349228721321744,3174.76
14.05,0,0.193,5,168.72,1999,1,0,0,25,12.007686285673618,4212.95
13.25,1,0.154,9,179.2,1999,1,0,0,25,13.523507659799261,4245.37
15.98,2,0.091,4,170.85,1999,1,0,0,25,10.690820349164632,4228.84
7.89,0,0.113,13,135.12,1998,2,2,1,26,17.12330503104803,2133.14
16.37,2,0.037,13,166.25,1987,0,1,2,37,10.155152403640583,4687.33
15.98,2,0.072,4,139.19,1987,0,1,2,37,8.709717789875477,4044.71
12.68,0,0.065,10,153.71,2009,1,1,3,15,12.121283810425046,3596.24
13.07,0,0.123,6,144.68,2009,1,1,3,15,11.068778211307475,3499.08
15.07,0,0.021,13,146.96,2009,1,1,3,15,9.75117775860925,3665.06
14.07,0,0.103,4,125.86,2009,1,1,3,15,8.944637907753537,3339.39
10.47,2,0.062,3,187.02,2009,1,1,3,15,17.860758284786556,3778.9
9.67,1,0.113,8,95.77,1998,2,2,1,26,9.902802192120774,1729.42
11.83,0,0.006,10,92.83,1998,2,2,1,26,7.84633589721917,2157.83
13.78,0,0.036,10,134.55,2009,1,1,3,15,9.763442420724187,3453.34
15.29,0,0.022,5,165.01,1999,1,0,0,25,10.791315152704206,4416.94
12.67,2,0.135,3,145.45,2009,1,1,3,15,11.478967721568937,3425.4
12.06,1,0.048,8,151.07,2009,1,1,3,15,12.52549539839151,3696.17
13.97,0,0.104,6,114.86,2009,1,1,3,15,8.221315582277574,3091.82
13.38,2,0.108,14,97.95,2009,1,1,3,15,7.320080711456543,2613.4
10.54,2,0.033,10,158.75,2009,1,1,3,15,15.060240963855424,3215.21
8.91,2,0.129,3,121.02,1998,2,2,1,26,13.580967343732466,2075.26
10.29,1,0.057,9,121.38,1987,0,1,2,37,11.794772130988243,2394.22
10.46,0,0.103,5,64.79,1998,2,2,1,26,6.19348054679285,1275.44
10.8,0,0.074,6,184.97,2009,1,1,3,15,17.125266179057494,3810.58
18.82,0,0.052,3,199.25,1999,1,0,0,25,10.586578821529143,5915.81
9.13,0,0.175,3,144.27,2009,1,1,3,15,15.80002190340598,2600.25
10.82,0,0.021,3,117.72,1987,0,1,2,37,10.878846686997505,2439.98
9.2,1,0.05,11,96.71,1998,2,2,1,26,10.510814041951962,1644.4
14.3,2,0.085,7,120.73,2009,1,1,3,15,8.442066988322495,2126.69
15.93,2,0.01,10,168.69,1987,0,1,2,37,10.588789153223276,4636.72
9.9,0,0.082,5,177.78,2009,1,1,3,15,17.955762044237957,3459.14
12.07,2,0.228,3,143.16,2009,1,1,3,15,11.8598293430536,3243.24
13.96,1,0.067,8,185.67,1987,0,1,2,37,13.299190602392377,4538.95
14.39,2,0.01,5,175.47,1999,1,0,0,25,12.193037314988535,4428.16
11.0,1,0.055,8,83.7,1998,2,2,1,26,7.608399236433052,1783.99
8.74,1,0.056,8,133.11,1998,2,2,1,26,15.228234755748772,2283.77
13.81,0,0.076,14,134.21,2009,1,1,3,15,9.717616392730433,3453.34
9.26,0,0.03,6,177.67,2009,1,1,3,15,19.18475326638592,3314.35
16.69,0,0.077,14,181.39,1999,1,0,0,25,10.867533401234196,5068.61
10.77,0,0.104,6,114.96,1987,0,1,2,37,10.673103704391421,2371.56
12.81,1,0.011,8,169.62,2009,1,1,3,15,13.240184216688784,3951.07
9.66,0,0.027,6,157.15,2009,1,1,3,15,16.266432046372014,2984.02
8.66,0,0.039,6,147.65,2009,1,1,3,15,17.047685024823924,2563.89
12.36,1,0.029,9,187.47,1999,1,0,0,25,15.166248685381444,4214.28
8.84,0,0.174,10,123.81,1998,2,2,1,26,14.004071937563625,2116.08
15.54,0,0.013,5,181.76,1987,0,1,2,37,11.695515089119105,4816.66
10.83,0,0.064,0,158.68,2009,1,1,3,15,14.650540116332749,3279.47
14.47,0,0.132,4,159.25,1987,0,1,2,37,11.004768157003662,4114.66
14.06,0,0.026,2,126.24,2009,1,1,3,15,8.97802432259441,3346.16
11.6,2,0.054,5,123.33,2009,1,1,3,15,10.630980087923456,2729.42
13.5,0,0.071,15,168.62,1987,0,1,2,37,12.489445226279535,4085.83
13.58,1,0.124,8,164.07,1987,0,1,2,37,12.080848243870113,4010.75
10.68,0,0.043,10,131.72,2009,1,1,3,15,12.332178634959273,2693.46
12.35,0,0.017,6,120.43,2009,1,1,3,15,9.750627479556313,2840.28
16.35,0,0.1,10,150.39,1999,1,0,0,25,9.197602593113569,4356.55
15.14,0,0.089,5,214.63,1999,1,0,0,25,14.175417739911499,3069.24
11.58,0,0.119,14,146.45,2009,1,1,3,15,12.645712805457213,2372.03
10.04,1,0.018,8,118.64,1998,2,2,1,26,11.815556219500051,2282.15
12.07,1,0.034,9,143.16,2009,1,1,3,15,11.8598293430536,5163.54
12.99,1,0.147,9,138.94,2009,1,1,3,15,10.69509660534216,2028.38
10.48,2,0.121,5,132.73,2009,1,1,3,15,12.663867951531342,2670.79
12.54,0,0.007,13,176.79,1987,0,1,2,37,14.096961964755602,4037.35
12.85,0,0.03,3,119.7,2009,1,1,3,15,9.314450237335617,2939.15
17.2,2,0.076,1,186.98,1999,1,0,0,25,10.870298238474506,5298.74
8.53,0,0.088,0,122.87,1998,2,2,1,26,14.402766381432425,1918.06
8.84,2,0.006,13,89.17,1998,2,2,1,26,10.085963126343175,1408.07
10.57,2,0.097,12,169.05,2009,1,1,3,15,15.99186453504872,5341.06
12.56,0,0.028,5,109.61,2009,1,1,3,15,8.726216065599873,2666.15
14.27,0,0.123,0,164.77,1987,0,1,2,37,11.54579216593091,4181.46
13.48,1,0.017,8,88.58,1987,0,1,2,37,6.570729174393591,2443.42
7.3,0,0.066,10,106.72,1998,2,2,1,26,14.617175729352143,1417.59
13.86,2,0.1,14,139.18,2009,1,1,3,15,10.041122574128853,3564.48
11.28,0,0.04,13,122.68,2009,1,1,3,15,10.874922435954261,2645.02
11.86,2,0.124,15,170.24,2009,1,1,3,15,14.352921338841584,3748.32
8.69,1,0.063,8,143.86,1987,0,1,2,37,16.55275572431251,2493.76
9.97,2,0.007,6,119.92,1998,2,2,1,26,12.026877946043527,2292.38
7.85,1,0.122,9,113.51,1998,2,2,1,26,14.458030824098842,1681.9
15.49,0,0.118,6,124.26,2009,1,1,3,15,8.02143179910916,3628.52
8.28,0,0.032,4,119.61,1998,2,2,1,26,14.443907740611039,1903.39
13.96,1,0.029,9,181.45,1999,1,0,0,25,12.996919991404626,4452.46
14.67,0,0.044,13,215.13,1999,1,0,0,25,14.66362211164883,5302.5
11.31,2,0.019,5,138.7,2009,1,1,3,15,12.262399434179116,2980.19
14.04,2,0.088,5,148.45,2009,1,1,3,15,10.572608788547825,3794.84
7.55,2,0.126,3,99.63,1998,2,2,1,26,13.194278903456494,1330.14
13.66,0,0.057,14,146.74,2009,1,1,3,15,10.741526974599225,3675.82
15.95,1,0.021,11,173.46,1987,0,1,2,37,10.874553319541096,4739.2
11.34,2,0.03,0,113.49,1987,0,1,2,37,10.007054051670929,2469.37
13.23,0,0.16,14,140.87,2009,1,1,3,15,10.64696545990477,3457.25
13.24,2,0.046,10,192.96,1987,0,1,2,37,14.57291745336455,4524.86
10.5,2,0.035,14,117.21,1987,0,1,2,37,11.161794114846206,2357.33
12.87,2,0.091,0,115.2,1998,2,2,1,26,8.950353507885946,875.43
9.62,2,0.126,5,137.73,2009,1,1,3,15,14.315559713127534,2577.22
12.57,2,0.037,1,134.06,2009,1,1,3,15,10.664227189563281,3169.84
14.8,0,0.029,14,153.98,1987,0,1,2,37,10.40335112492399,4081.07
14.57,2,0.143,5,196.26,1987,0,1,2,37,13.46921968293185,4893.46
10.35,0,0.028,1,126.05,2009,1,1,3,15,12.17756738479374,2502.63
11.81,0,0.103,13,151.48,2009,1,1,3,15,12.8253323173313,3353.19
13.05,0,0.044,5,164.91,2009,1,1,3,15,12.635813347636196,3908.56
12.08,2,0.107,5,131.75,2009,1,1,3,15,10.90555417597881,3010.38
12.64,2,0.009,14,140.54,2009,1,1,3,15,11.117791313978325,3317.51
11.2,1,0.037,9,131.74,2009,1,1,3,15,11.761449870547274,2812.16
9.23,0,0.122,0,121.0,1998,2,2,1,26,13.108005633192503,2148.01
11.12,0,0.025,0,121.95,2009,1,1,3,15,10.965740490963045,2594.39
14.45,1,0.016,8,159.05,1987,0,1,2,37,11.006158743339563,4104.45
12.97,0,0.129,5,133.31,2009,1,1,3,15,10.277542209544368,3243.32
14.69,0,0.044,13,172.0,1987,0,1,2,37,11.707848342522635,3365.01
12.07,0,0.098,14,103.73,1987,0,1,2,37,8.593322839864138,2435.19
11.21,2,0.116,0,153.1,2009,1,1,3,15,13.656230487913655,2782.79
9.91,0,0.156,5,97.07,1998,2,2,1,26,9.794168096054888,1811.97
12.51,0,0.014,3,133.07,2009,1,1,3,15,10.63624010870434,3136.42
12.44,2,0.292,3,125.43,2009,1,1,3,15,10.081986978538705,2963.87
9.39,0,0.149,13,116.56,1998,2,2,1,26,12.411883718453838,2093.1
13.46,1,0.011,9,133.21,2009,1,1,3,15,9.895995839833594,3352.49
10.94,2,0.131,6,148.75,2009,1,1,3,15,13.595649392194499,3101.04
10.02,0,0.058,15,121.03,1987,0,1,2,37,12.077636962379005,2325.81
12.53,0,0.021,6,138.42,2009,1,1,3,15,11.046205410581758,3249.93
12.61,1,0.094,9,135.24,2009,1,1,3,15,10.723971136309572,3201.58
12.42,0,0.072,13,181.53,1987,0,1,2,37,14.61476531680219,4106.93
12.04,1,0.024,8,91.83,1998,2,2,1,26,7.626442986462919,2184.37
12.95,0,0.03,5,99.23,2009,1,1,3,15,7.661956605667517,2542.86
10.56,0,0.097,1,156.97,2009,1,1,3,15,14.863175835621627,3183.71
14.65,0,0.011,5,187.82,1987,0,1,2,37,12.819602757490957,4738.77
13.68,1,0.157,9,159.11,2009,1,1,3,15,11.629997807177839,3931.97
10.9,0,0.151,4,142.18,2009,1,1,3,15,13.042840106412257,2956.97
11.96,2,0.015,13,172.03,2009,1,1,3,15,14.382576707633142,3808.59
12.06,0,0.014,10,130.85,2009,1,1,3,15,10.849017494403448,2987.85
10.55,0,0.15,5,132.82,2009,1,1,3,15,12.588380248317694,2688.24
13.56,0,0.009,0,163.39,2009,1,1,3,15,12.048521495464936,3992.37
11.5,0,0.095,13,163.03,2009,1,1,3,15,14.175289105295192,3519.75
11.47,0,0.049,3,157.96,2009,1,1,3,15,13.770377473629152,3410.0
12.07,1,0.076,8,156.9,2009,1,1,3,15,12.998094606909122,3524.0
14.55,1,0.14,9,175.68,1999,1,0,0,25,12.073397017387121,4468.84
14.29,2,0.097,0,186.0,1987,0,1,2,37,13.015184381778743,4621.59
11.14,0,0.094,13,118.4,2009,1,1,3,15,10.627412261017863,2526.52
10.56,0,0.051,14,143.92,2009,1,1,3,15,13.627497396079916,2917.5
10.91,1,0.037,9,104.28,1998,2,2,1,26,9.557327467693154,2184.3
7.76,2,0.067,10,104.59,1998,2,2,1,26,13.476356139672722,1479.09
13.37,0,0.074,13,194.86,1987,0,1,2,37,14.57333034178446,4594.95
13.75,2,0.097,5,184.29,1999,1,0,0,25,13.401934404770563,4464.75
15.16,0,0.14,5,193.25,1987,0,1,2,37,12.746520678055537,4965.8
13.41,0,0.173,3,140.92,2009,1,1,3,15,10.507792110953694,2171.43
13.19,2,0.03,2,163.87,2009,1,1,3,15,12.422864073989842,3920.06
16.75,1,0.043,8,236.09,1999,1,0,0,25,14.094083935287445,6643.63
17.56,1,0.151,9,199.7,1999,1,0,0,25,11.37178976140311,5639.24
10.95,0,0.063,10,127.32,2009,1,1,3,15,11.626335494475391,2665.67
14.05,0,0.074,13,130.94,2009,1,1,3,15,9.318909686143336,3440.04
12.47,0,0.033,14,175.32,2009,1,1,3,15,14.058215058936733,3991.24
15.42,0,0.027,13,156.61,1999,1,0,0,25,10.155631930484406,4275.41
9.4,1,0.011,9,141.15,2009,1,1,3,15,15.014360174449527,2598.06
8.95,0,0.082,0,144.3,2009,1,1,3,15,16.12110378728634,2561.21
13.23,0,0.08,7,147.66,2009,1,1,3,15,11.160154183357267,3595.69
12.9,2,0.014,3,136.17,2009,1,1,3,15,10.55499573676459,3286.0
13.4,2,0.033,4,164.14,2009,1,1,3,15,12.248339676143571,3971.28
10.29,0,0.123,4,154.03,2009,1,1,3,15,14.967447284034595,3062.03
12.14,1,0.141,8,135.94,2009,1,1,3,15,11.196771270900255,3111.04
10.49,0,0.125,0,118.86,1987,0,1,2,37,11.329711181012296,2387.07
8.38,1,0.152,8,104.11,1998,2,2,1,26,12.422145328719722,1610.56
15.23,1,0.096,9,122.34,2009,1,1,3,15,8.032302540870592,3529.46
10.01,0,0.133,2,104.76,1998,2,2,1,26,10.464489062031767,1990.17
17.77,0,0.047,14,175.25,1999,1,0,0,25,9.861572224410557,5186.32
11.71,2,0.103,4,176.85,1999,1,0,0,25,15.101186918281956,5720.18
8.55,0,0.057,6,155.26,2009,1,1,3,15,18.156940708689042,2695.41
12.48,0,0.021,3,183.1,1987,0,1,2,37,14.670298854258473,4151.57
11.95,0,0.061,3,139.68,2009,1,1,3,15,11.687724876579368,3144.66
12.65,0,0.054,14,136.23,2009,1,1,3,15,10.768318709983399,3232.65
14.99,1,0.205,9,154.74,1987,0,1,2,37,10.322193315989594,4139.41
9.65,2,0.133,4,124.45,1987,0,1,2,37,12.89503678375298,2312.25
14.34,1,0.015,11,122.75,2009,1,1,3,15,8.559375217906702,3337.55
14.55,2,0.092,6,197.58,1987,0,1,2,37,13.578448216617415,4917.22
15.23,0,0.061,6,102.12,2009,1,1,3,15,6.704746897774276,3115.93
15.22,1,0.116,9,166.39,1999,1,0,0,25,10.931607647329347,4429.31
12.92,0,0.04,7,136.02,2009,1,1,3,15,10.527048990016254,3288.04
15.65,1,0.142,9,179.45,1987,0,1,2,37,11.465721040189125,4793.09
9.82,0,0.086,13,95.63,1998,2,2,1,26,9.737297627532838,1762.29
16.87,0,0.053,5,149.08,1999,1,0,0,25,8.83646493983759,4448.81
15.51,1,0.021,9,189.65,1999,1,0,0,25,12.226806782283541,4971.75
11.91,2,0.033,0,105.17,1987,0,1,2,37,8.829653261690874,2428.09
16.21,2,0.041,6,189.13,1999,1,0,0,25,11.666769477515265,5117.65
7.73,0,0.03,10,122.19,1998,2,2,1,26,15.80519984478075,1831.78
11.01,0,0.142,14,167.55,2009,1,1,3,15,15.216601580237946,3501.55
15.76,2,0.032,3,201.96,1999,1,0,0,25,12.81390774697037,5278.9
13.84,1,0.044,8,159.88,2009,1,1,3,15,11.5511884979409,3984.35
13.17,0,0.055,13,145.4,2009,1,1,3,15,11.039404752866146,3535.71
10.43,0,0.09,13,117.52,1987,0,1,2,37,11.26641740964433,2347.2
10.3,0,0.127,14,126.85,2009,1,1,3,15,12.314338413746237,2508.36
9.9,1,0.013,8,139.2,1999,1,0,0,25,14.059185940814059,6541.04
15.49,2,0.054,10,163.02,1999,1,0,0,25,10.523529791491836,4421.94
10.29,2,0.088,6,99.94,1998,2,2,1,26,9.711398309202217,1955.97
14.13,1,0.049,9,134.47,2009,1,1,3,15,9.515957823225532,3529.01
13.49,0,0.071,2,145.6,2009,1,1,3,15,10.792380105255356,3613.53
12.44,0,0.045,4,149.44,2009,1,1,3,15,12.011896149827185,3454.89
13.37,2,0.095,2,171.76,1998,2,2,1,26,12.845710866801287,1732.02
14.4,2,0.039,13,182.76,1987,0,1,2,37,12.69078536212763,4578.16
13.06,0,0.162,15,132.86,2009,1,1,3,15,10.172268585866322,3255.95
11.94,0,0.104,3,158.99,2009,1,1,3,15,13.314630265471905,3536.15
9.96,2,0.036,13,137.0,2009,1,1,3,15,13.753639192852123,2639.11
14.26,1,0.013,9,163.94,1987,0,1,2,37,11.495687539443237,4163.58
12.7,1,0.076,9,209.05,1987,0,1,2,37,16.459333910715696,4732.79
10.36,0,0.043,7,126.49,2009,1,1,3,15,12.208281053952321,2513.99
12.36,0,0.017,12,167.0,2009,1,1,3,15,13.510233799854381,3795.84
8.9,2,0.076,0,143.36,2009,1,1,3,15,16.106055499382094,2531.01
13.73,1,0.05,9,139.12,2009,1,1,3,15,10.131818512854126,3535.07
15.7,2,0.009,10,159.46,1999,1,0,0,25,10.156041016495767,4397.13
10.88,1,0.095,9,111.96,1987,0,1,2,37,10.289495450785772,2335.9
13.77,0,0.015,6,155.54,2009,1,1,3,15,11.294749836613173,3879.32
8.49,0,0.112,0,133.27,1998,2,2,1,26,15.695442232952539,2230.53
12.67,2,0.047,5,124.48,2009,1,1,3,15,9.824007576355458,2996.63
15.97,0,0.064,1,187.64,1999,1,0,0,25,11.748794690376306,5033.88
13.46,0,0.036,6,183.41,1999,1,0,0,25,13.625287868657603,4379.76
10.74,0,0.183,3,129.43,2009,1,1,3,15,12.050088446140956,2660.9
12.05,2,0.175,3,122.68,2009,1,1,3,15,10.180068044145715,2817.7
11.71,0,0.106,4,195.75,1999,1,0,0,25,16.71505422252583,4236.09
10.38,0,0.014,0,107.67,1998,2,2,1,26,10.37183315672864,2135.17
15.54,2,0.068,6,174.46,1987,0,1,2,37,11.225789846213244,4667.45
12.35,2,0.185,3,131.65,2009,1,1,3,15,10.659055946886893,3070.22
11.95,1,0.052,9,112.04,2009,1,1,3,15,9.374947703121078,2578.75
13.82,1,0.021,8,162.84,1987,0,1,2,37,11.78207076188409,4041.33
11.59,0,0.065,5,139.67,2009,1,1,3,15,12.049866275558623,3063.39
15.34,0,0.076,13,123.15,2009,1,1,3,15,8.027507985137866,3571.23
11.3,0,0.282,0,173.55,2009,1,1,3,15,15.357048048845236,3690.66
12.8,2,0.03,0,156.3,2009,1,1,3,15,12.20998359503164,3676.19
12.67,2,0.016,13,176.07,1987,0,1,2,37,13.895509430984138,4052.31
8.99,0,0.045,7,73.33,1998,2,2,1,26,8.155933711489267,1116.94
10.95,0,0.066,2,171.68,2009,1,1,3,15,15.677107113505619,3572.03
15.44,2,0.099,10,194.71,1999,1,0,0,25,12.609934589728645,5059.22
13.29,0,0.21,3,162.14,2009,1,1,3,15,12.19923256338876,3905.54
13.25,0,0.073,0,137.13,2009,1,1,3,15,10.3486529318542,3386.71
12.09,2,0.043,14,149.17,2009,1,1,3,15,12.337275659581506,3369.8
15.89,0,0.03,13,148.23,1999,1,0,0,25,9.327921464980177,4208.45
14.8,0,0.014,1,115.71,2009,1,1,3,15,7.817715019255456,3298.19
15.46,2,0.091,4,218.09,1999,1,0,0,25,14.10581463036026,5541.77
14.11,0,0.079,0,171.77,1999,1,0,0,25,12.172773013960741,4289.23
8.2,0,0.114,13,156.97,2009,1,1,3,15,19.14034873795879,2650.14
14.39,2,0.057,0,184.41,1987,0,1,2,37,12.814258911819888,4609.95
9.21,0,0.01,0,144.35,1999,1,0,0,25,15.671479752469871,5789.67
11.48,1,0.01,8,161.03,2009,1,1,3,15,14.02578172633046,3474.79
14.76,0,0.166,13,130.05,2009,1,1,3,15,8.81037870063004,3580.86
15.2,1,0.045,8,183.49,1987,0,1,2,37,12.0709163870798,4774.98
13.26,2,0.28,4,137.37,2009,1,1,3,15,10.35894728904306,3393.59
14.37,2,0.013,6,121.08,2009,1,1,3,15,8.425300953308748,3310.88
13.62,0,0.069,10,134.47,2009,1,1,3,15,9.872256075178035,3413.74
14.47,0,0.115,4,170.55,1999,1,0,0,25,11.78564024600926,4345.82
12.9,2,0.025,15,172.85,1987,0,1,2,37,13.398186187117277,4036.91
8.93,0,0.053,4,125.75,1998,2,2,1,26,14.080170193707312,2175.98
13.42,2,0.011,10,97.93,2009,1,1,3,15,7.296773712838091,2623.0
12.35,0,0.038,4,117.82,2009,1,1,3,15,9.539308558011497,2787.17
15.23,2,0.067,6,254.34,1999,1,0,0,25,16.69883789639551,6231.41
13.91,1,0.12,8,128.0,2009,1,1,3,15,9.201351448493998,3348.83
13.45,0,0.03,7,148.09,2009,1,1,3,15,11.009590365028624,3654.35
13.49,0,0.049,6,152.38,2009,1,1,3,15,11.294937365651174,3751.07
12.01,0,0.167,4,157.32,2009,1,1,3,15,13.097993505952877,3518.75
11.42,0,0.029,12,138.95,2009,1,1,3,15,12.166185097627178,3009.36
11.74,0,0.107,4,155.03,2009,1,1,3,15,13.204156375095819,3411.67
16.45,0,0.052,10,173.16,1999,1,0,0,25,10.525803902498328,4846.35
15.72,0,0.123,15,186.22,1999,1,0,0,25,11.845302461675466,4949.09
10.82,0,0.103,13,144.35,2009,1,1,3,15,13.3398022363922,2985.0
11.17,1,0.028,9,129.35,2009,1,1,3,15,11.579088711843166,2756.73
13.23,0,0.061,5,127.23,2009,1,1,3,15,9.616053208374273,3177.67
13.85,0,0.054,6,216.44,1999,1,0,0,25,15.626308569778356,5143.16
14.5,0,0.052,13,151.13,2009,1,1,3,15,10.422039859320048,3953.93
13.88,2,0.068,6,159.78,2009,1,1,3,15,11.510698076507456,3990.93
13.32,2,0.039,6,166.56,1987,0,1,2,37,12.503565798363487,4004.28
12.14,0,0.142,10,149.87,1998,2,2,1,26,12.344123218845235,864.91
9.0,2,0.021,0,103.73,1998,2,2,1,26,11.524275080546607,1742.92
13.94,0,0.088,6,189.15,1987,0,1,2,37,13.567893264471703,4606.28
10.72,2,0.097,5,130.54,2009,1,1,3,15,12.176102975468705,2679.3
11.04,2,0.033,4,119.75,2009,1,1,3,15,10.845937867946745,2530.74
12.51,2,0.116,3,119.07,2009,1,1,3,15,9.517224842138917,2849.88
16.67,1,0.046,9,202.84,1999,1,0,0,25,12.167236518505186,5503.45
16.53,0,0.037,4,169.09,1987,0,1,2,37,10.228661303006472,4781.48
12.84,0,0.072,4,150.22,2009,1,1,3,15,11.698465851569193,3561.31
9.41,0,0.054,14,102.47,1998,2,2,1,26,10.888322176176814,1808.88
13.3,1,0.046,9,152.97,2009,1,1,3,15,11.500639049695511,3720.57
11.18,0,0.159,0,121.69,2009,1,1,3,15,10.8836418924962,2602.46
12.44,0,0.135,4,119.38,2009,1,1,3,15,9.595691664657183,2839.48
12.23,0,0.078,6,161.37,2009,1,1,3,15,13.193524650478293,3650.21
9.04,0,0.025,13,129.15,1998,2,2,1,26,14.28492423404491,2271.02
8.24,0,0.066,10,64.4,1998,2,2,1,26,7.814585608542654,765.92
8.69,1,0.087,9,92.38,1998,2,2,1,26,10.629386721896216,1440.41
13.53,1,0.149,8,144.49,2009,1,1,3,15,10.67844209592787,3600.1
10.71,1,0.079,8,111.89,1998,2,2,1,26,10.446270189524787,2296.12
17.54,0,0.041,13,159.44,1999,1,0,0,25,9.089561598540563,4811.25
15.25,2,0.008,0,228.55,1999,1,0,0,25,14.985902563766311,5708.47
13.36,2,0.102,6,143.48,2009,1,1,3,15,10.738717161889081,3539.31
16.85,1,0.058,8,170.34,1999,1,0,0,25,10.108598896207939,4879.87
14.62,1,0.166,11,210.23,1999,1,0,0,25,14.37863347240271,5190.64
14.35,0,0.043,13,129.57,2009,1,1,3,15,9.028639119225142,3480.56
14.28,2,0.031,3,162.08,1987,0,1,2,37,11.349345283943704,4130.16
15.46,0,0.021,6,191.51,1999,1,0,0,25,12.38665028135308,4997.66
11.21,0,0.128,6,100.08,1998,2,2,1,26,8.926946748728927,2167.04
16.57,0,0.036,0,192.61,1999,1,0,0,25,11.62331784442701,5271.64
17.14,1,0.105,9,167.24,1999,1,0,0,25,9.756723645061548,4880.83
12.03,0,0.048,4,176.72,2009,1,1,3,15,14.688720804588149,2255.43
12.16,0,0.059,13,157.33,2009,1,1,3,15,12.937258449140698,3552.25
14.28,1,0.077,9,162.93,1987,0,1,2,37,11.408864925425393,4146.19
13.38,1,0.03,9,130.7,2009,1,1,3,15,9.767580898288617,3282.76
12.44,0,0.05,4,115.78,2009,1,1,3,15,9.306325858049997,3261.44
13.91,2,0.046,14,162.65,1987,0,1,2,37,11.6921860398246,4057.88
16.07,0,0.167,10,148.86,1999,1,0,0,25,9.262647003920105,4264.01
12.5,0,0.048,6,157.76,2009,1,1,3,15,12.619790416766659,3637.98
12.08,0,0.011,6,143.91,2009,1,1,3,15,11.91209336975416,3259.38
12.81,1,0.16,9,159.7,2009,1,1,3,15,12.465849660448052,3748.37
14.2,0,0.033,6,135.22,2009,1,1,3,15,9.521864657418492,3561.93
10.02,0,0.032,5,146.9,2009,1,1,3,15,14.659215647141005,2855.97
11.32,0,0.063,10,128.01,2009,1,1,3,15,11.307305008391484,2762.5
11.45,2,0.124,3,125.22,2009,1,1,3,15,10.935289494367305,2734.52
14.73,1,0.173,8,136.46,2009,1,1,3,15,9.26345801371258,3705.29
16.09,2,0.098,2,150.38,1999,1,0,0,25,9.34559691753154,4299.51
10.7,0,0.089,10,112.28,1987,0,1,2,37,10.492477338566491,2301.85
13.28,2,0.104,6,143.17,2009,1,1,3,15,10.78006174233868,3515.13
11.69,0,0.047,4,133.27,2009,1,1,3,15,11.399367034470963,2955.11
10.56,0,0.025,13,161.71,2009,1,1,3,15,15.311996969983904,3280.84
15.01,0,0.064,6,191.21,1987,0,1,2,37,12.737992139097996,4889.95
14.34,2,0.035,4,133.82,2009,1,1,3,15,9.331287915765985,3564.15
8.97,1,0.049,8,95.58,1998,2,2,1,26,10.654330620889533,1567.44
14.38,1,0.028,9,179.28,1987,0,1,2,37,12.466448786593421,4504.13
12.26,0,0.058,6,132.85,2009,1,1,3,15,10.835168420194112,3074.25
10.38,1,0.094,9,96.67,1998,2,2,1,26,9.312204989885368,1909.26
13.75,0,0.061,6,164.34,1987,0,1,2,37,11.951130826848956,4055.47
13.45,0,0.08,15,148.98,2009,1,1,3,15,11.075756449334623,3673.95
14.11,2,0.063,6,160.54,1987,0,1,2,37,11.376939975905323,4059.72
12.47,1,0.017,8,174.78,2009,1,1,3,15,14.014914601876352,3980.71
12.11,0,0.129,14,124.48,2009,1,1,3,15,10.278259433572787,2868.42
13.56,0,0.091,3,181.83,1999,1,0,0,25,13.408303222476219,4371.43
10.3,0,0.01,6,122.52,1987,0,1,2,37,11.893990874672362,2419.44
10.64,0,0.02,7,165.99,2009,1,1,3,15,15.599097829151397,3385.46
12.8,0,0.03,5,135.8,2009,1,1,3,15,10.608546207327553,3257.72
7.53,0,0.021,4,143.66,1998,2,2,1,26,19.075819944230513,2226.48
12.5,0,0.022,6,138.26,2009,1,1,3,15,11.059915206783456,3238.77
12.33,1,0.212,9,140.7,2009,1,1,3,15,11.4102668072338,3250.28
14.14,0,0.021,3,155.28,2009,1,1,3,15,10.980835867336115,3957.39
12.22,1,0.09,9,142.25,2009,1,1,3,15,11.63980034367073,3257.45
10.77,2,0.083,10,180.96,2009,1,1,3,15,16.80066846160988,3722.83
13.33,0,0.069,0,190.93,1987,0,1,2,37,14.322256394869104,4503.52
13.19,2,0.104,15,143.69,2009,1,1,3,15,10.893033128648321,3506.0
15.08,0,0.14,4,193.21,1987,0,1,2,37,12.811484649559048,4945.48
15.02,0,0.157,13,214.85,1999,1,0,0,25,14.303308701151721,5375.74
10.47,0,0.038,5,108.94,1998,2,2,1,26,10.40397287747111,2180.41
11.27,2,0.065,6,122.63,2009,1,1,3,15,10.880134859373614,2641.53
9.62,1,0.154,9,94.81,1998,2,2,1,26,9.85448498077123,1700.13
10.89,0,0.007,14,113.48,1987,0,1,2,37,10.41961252410247,2368.62
12.08,1,0.118,9,162.84,2009,1,1,3,15,13.479016637695556,3647.21
12.42,1,0.053,11,188.37,1999,1,0,0,25,15.165445616294985,5395.95
11.47,1,0.041,8,116.17,2009,1,1,3,15,10.127277482346788,2555.32
11.34,0,0.053,6,114.35,1987,0,1,2,37,10.08288510713341,2487.49
13.65,0,0.028,13,164.91,1987,0,1,2,37,12.08043366786316,4044.68
14.05,0,0.11,6,168.85,1999,1,0,0,25,12.016938296206675,4215.35
13.01,1,0.054,9,144.54,2009,1,1,3,15,11.109061563292599,3482.54
14.49,0,0.006,15,132.28,2009,1,1,3,15,9.128424539369265,3566.64
13.48,0,0.097,13,122.58,2009,1,1,3,15,9.092797270232179,3139.87
9.91,2,0.044,3,136.33,2009,1,1,3,15,13.755423267076987,2615.44
12.95,0,0.045,3,91.27,1987,0,1,2,37,7.047332252335727,2378.63
13.88,0,0.013,10,103.23,2009,1,1,3,15,7.4367840933650315,2834.29
11.26,0,0.092,3,96.32,1998,2,2,1,26,8.55341443921499,2100.85
14.94,1,0.077,9,188.74,1987,0,1,2,37,12.632353925440066,4823.62
16.62,1,0.033,9,166.03,1987,0,1,2,37,9.989170326695143,4737.62
17.5,2,0.034,0,177.64,1999,1,0,0,25,10.150277127021312,5175.64
14.47,0,0.031,6,142.74,2009,1,1,3,15,9.863865662359201,3775.7
14.19,0,0.052,13,170.91,1999,1,0,0,25,12.043548728067085,4258.98
13.76,0,0.015,13,179.12,1999,1,0,0,25,13.016495894193737,4359.42
14.9,1,0.049,8,171.89,1987,0,1,2,37,11.535467418294074,4758.46
9.96,1,0.147,9,138.57,2009,1,1,3,15,13.911253890171668,2671.4
11.27,0,0.116,6,124.9,2009,1,1,3,15,11.08153668707302,2686.83
13.55,0,0.124,14,147.12,2009,1,1,3,15,10.856763338499004,3658.63
7.6,1,0.063,9,134.67,1998,2,2,1,26,17.71740560452572,880.44
10.96,2,0.073,5,165.12,2009,1,1,3,15,15.064318949001004,3440.23
14.59,1,0.062,9,155.01,1987,0,1,2,37,10.623672126653416,4053.52
15.97,0,0.015,13,155.56,1999,1,0,0,25,9.740154029177885,4376.99
16.38,1,0.02,9,203.99,1999,1,0,0,25,12.452841706855503,5462.13
17.6,2,0.031,13,158.67,1999,1,0,0,25,9.014828702914604,4809.97
14.84,0,0.102,2,146.12,2009,1,1,3,15,9.845697729263527,3929.7
14.7,0,0.047,14,131.68,2009,1,1,3,15,8.957213794979934,3601.51
15.1,0,0.08,3,170.16,1999,1,0,0,25,11.268127938547117,4478.43
12.12,0,0.055,13,101.18,1987,0,1,2,37,8.347496081181422,2394.72
9.23,0,0.038,5,105.33,1998,2,2,1,26,11.41046473838154,1825.65
11.85,1,0.083,9,131.37,2009,1,1,3,15,11.085140494473041,2951.49
8.53,1,0.089,8,132.08,1998,2,2,1,26,15.482358457390696,2216.56
14.41,1,0.054,8,168.21,1999,1,0,0,25,11.672333634029561,4282.77
12.83,0,0.017,10,207.05,1987,0,1,2,37,16.13670017925337,4720.47
15.59,0,0.005,5,162.29,1999,1,0,0,25,10.409210441921621,4429.33
13.02,0,0.054,13,153.36,2009,1,1,3,15,11.777897242915293,3315.66
14.53,0,0.054,12,142.33,2009,1,1,3,15,9.794921202945428,3780.33
9.65,0,0.043,10,109.7,1998,2,2,1,26,11.36669775152834,2010.76
11.27,0,0.049,14,128.89,2009,1,1,3,15,11.435542542808978,2769.15
12.7,1,0.013,11,126.66,2009,1,1,3,15,9.972443114715377,3047.92
10.61,1,0.074,9,113.98,1987,0,1,2,37,10.741683158985959,2315.55
7.35,2,0.087,7,114.53,1999,1,0,0,25,15.580193170997143,5407.6
14.03,0,0.017,5,198.32,1987,0,1,2,37,14.134416648848978,4814.17
11.4,2,0.074,13,127.87,2009,1,1,3,15,11.21568283483905,2777.85
13.47,1,0.021,9,126.33,2009,1,1,3,15,9.377922945586816,3214.79
7.71,0,0.029,10,148.91,1998,2,2,1,26,19.311373362728567,2072.75
12.82,2,0.009,10,119.88,2009,1,1,3,15,9.35028468918181,2934.54
10.35,2,0.017,6,95.05,1998,2,2,1,26,9.182687663027727,1869.49
15.45,0,0.2,3,206.62,1999,1,0,0,25,13.372597242896902,5305.03
13.87,2,0.104,14,170.58,1999,1,0,0,25,12.297599307908587,4211.26
11.5,2,0.149,5,140.08,2009,1,1,3,15,12.179810451265109,3050.63
15.83,0,0.041,6,202.6,1999,1,0,0,25,12.797675446907965,5309.48
10.95,1,0.032,11,165.57,2009,1,1,3,15,15.119167199342527,3447.98
15.09,2,0.114,15,114.89,2009,1,1,3,15,7.613146908753562,5256.36
7.69,1,0.025,9,111.11,1998,2,2,1,26,14.446755948511246,1597.6
16.76,0,0.177,4,156.14,1987,0,1,2,37,9.31567328918322,4568.26
15.46,2,0.042,6,185.91,1987,0,1,2,37,12.02444861263825,4882.78
12.16,0,0.022,6,171.91,2009,1,1,3,15,14.136173012087822,3849.96
9.23,0,0.022,5,146.69,2009,1,1,3,15,15.891019391181887,2672.65
14.41,0,0.12,13,202.29,1987,0,1,2,37,14.03719381028381,4980.02
11.0,0,0.038,6,100.66,1998,2,2,1,26,9.150077265703118,1890.1
13.21,0,0.138,6,110.99,2009,1,1,3,15,8.401332223147376,2842.79
13.03,0,0.043,0,166.58,2009,1,1,3,15,12.783362750364518,3939.17
10.82,2,0.043,10,172.87,2009,1,1,3,15,15.975418168376306,3568.22
13.31,0,0.14,14,165.0,2009,1,1,3,15,12.395762902862295,3969.56
14.42,2,0.036,4,162.86,1998,2,2,1,26,11.29325289508356,913.54
10.08,2,0.097,14,165.38,2009,1,1,3,15,16.4051185398274,3248.31
11.98,0,0.054,0,182.9,1987,0,1,2,37,15.265837576162257,4035.68
12.41,0,0.13,0,171.3,2009,1,1,3,15,13.802272177906698,3895.96
13.36,1,0.142,8,166.4,1987,0,1,2,37,12.454157622932417,4010.25
9.43,0,0.09,6,113.1,1998,2,2,1,26,11.99236560279928,2030.46
10.25,1,0.016,9,150.06,2009,1,1,3,15,14.638571846649109,2972.86
9.79,0,0.006,6,161.0,2009,1,1,3,15,16.443672760698604,3093.08
11.5,2,0.103,5,173.28,2009,1,1,3,15,15.066515955134337,3728.97
11.34,1,0.049,9,187.99,2009,1,1,3,15,16.576139670223085,3993.7
14.99,2,0.034,10,188.32,1987,0,1,2,37,12.562203989060103,4826.06
11.21,2,0.06,6,178.28,2009,1,1,3,15,15.902238872535902,3766.56
14.28,0,0.039,14,157.16,1987,0,1,2,37,11.004831594426161,4028.76
14.85,2,0.03,13,215.25,1999,1,0,0,25,14.493973469800014,5346.29
17.08,0,0.114,6,156.15,1987,0,1,2,37,9.141736432293191,4641.27
14.11,2,0.069,0,150.74,2009,1,1,3,15,10.68244631847495,3859.4
11.15,0,0.165,0,131.87,2009,1,1,3,15,11.825845215675725,2803.37
12.1,2,0.006,5,108.13,2009,1,1,3,15,8.935625154945873,2533.09
14.83,2,0.057,10,181.34,1987,0,1,2,37,12.22709190209696,4646.84
13.07,0,0.019,6,123.23,2009,1,1,3,15,9.427740800244818,3060.38
12.6,2,0.037,4,154.94,2009,1,1,3,15,12.295849535751131,3603.04
13.76,2,0.073,4,171.5,1999,1,0,0,25,12.462757067073614,4203.24
8.19,2,0.03,10,121.32,1998,2,2,1,26,14.811378342082774,1917.51
9.95,2,0.032,10,112.26,1998,2,2,1,26,11.281278263491108,2131.95
10.95,0,0.011,3,118.31,1987,0,1,2,37,10.803579581773356,2480.95
12.74,1,0.021,8,173.87,1987,0,1,2,37,13.646495565497215,4023.1
15.15,0,0.047,5,142.13,2009,1,1,3,15,9.380898950564319,3917.18
10.93,0,0.037,6,107.15,1998,2,2,1,26,9.80239685298692,2248.58
12.08,0,0.048,10,127.74,2009,1,1,3,15,10.573628010926248,2929.42
11.8,0,0.019,5,97.54,1998,2,2,1,26,8.26540123718329,2248.89
13.34,0,0.033,13,180.09,1999,1,0,0,25,13.498988081852936,4285.81
12.51,0,0.019,6,123.78,2009,1,1,3,15,9.893693549676286,2946.0
13.08,2,0.05,13,189.87,1999,1,0,0,25,14.514945340570293,4425.72
14.21,0,0.083,0,158.74,1987,0,1,2,37,11.170220251917529,4044.34
13.16,0,0.116,6,151.84,2009,1,1,3,15,11.537117240331282,3665.43
13.36,1,0.067,8,130.26,2009,1,1,3,15,9.749270264201781,3269.81
11.44,0,0.162,4,152.76,2009,1,1,3,15,13.351979722052269,3297.29
14.68,0,0.108,10,220.49,1999,1,0,0,25,15.018731694026293,5415.4
14.46,0,0.116,0,177.96,1999,1,0,0,25,12.306202890533159,4494.74
7.03,2,0.088,3,129.3,1998,2,2,1,26,18.389987199544873,1820.35
15.6,0,0.02,1,171.47,1987,0,1,2,37,10.99096211781296,4618.49
12.19,0,0.017,4,131.52,2009,1,1,3,15,10.788286440816998,3032.12
11.63,0,0.04,13,152.7,2009,1,1,3,15,13.128707763734845,3339.1
11.55,0,0.093,1,115.86,2009,1,1,3,15,10.030300406891177,2566.12
10.95,0,0.081,3,133.99,2009,1,1,3,15,12.235412291114969,2801.22
7.86,0,0.12,13,144.42,1987,0,1,2,37,18.371708434041466,2316.49
10.78,0,0.016,1,95.76,1998,2,2,1,26,8.882292922734441,1980.69
10.67,1,0.177,8,135.05,2009,1,1,3,15,12.655796082841347,2760.61
15.58,0,0.061,3,153.82,1998,2,2,1,26,9.872280341441499,1560.43
11.83,0,0.228,10,126.53,2009,1,1,3,15,10.69478488716085,2848.73
13.75,0,0.054,6,148.99,2009,1,1,3,15,10.834848374663663,3740.76
11.63,0,0.022,10,136.05,2009,1,1,3,15,11.697188547846274,2997.36
11.95,0,0.096,5,120.64,2009,1,1,3,15,10.094552757091458,2753.68
13.29,0,0.128,6,192.34,1998,2,2,1,26,14.471446843728842,1120.76
10.73,0,0.141,5,140.08,2009,1,1,3,15,13.053769452986675,2876.41
15.38,2,0.145,4,168.12,1987,0,1,2,37,10.930368636629607,2342.5
16.28,0,0.13,6,161.79,1987,0,1,2,37,9.937350285608991,4575.31
11.34,0,0.144,13,152.01,2009,1,1,3,15,13.403579931222996,3259.17
8.87,0,0.062,6,134.27,1987,0,1,2,37,15.13583586968775,2336.65
18.26,0,0.031,14,174.31,1999,1,0,0,25,9.54547943705164,5279.53
12.13,1,0.052,9,114.97,2009,1,1,3,15,9.47737202209216,2678.89
12.1,1,0.055,9,138.4,2009,1,1,3,15,11.437071316420132,3151.91
15.24,1,0.024,11,165.87,1999,1,0,0,25,10.883144150646283,4424.43
11.26,1,0.074,9,151.55,2009,1,1,3,15,13.45795222449161,3230.05
15.14,0,0.094,10,162.51,1999,1,0,0,25,10.733108777491578,4332.57
10.66,2,0.021,0,135.28,2009,1,1,3,15,12.689241159365913,2762.33
12.94,0,0.124,3,198.96,1998,2,2,1,26,15.37439146897458,2155.43
10.15,2,0.016,6,135.23,2009,1,1,3,15,13.321840212786917,2788.38
12.24,0,0.006,5,107.48,2009,1,1,3,15,8.780328404542113,2550.99
12.64,1,0.065,9,115.04,2009,1,1,3,15,9.100545842892176,2796.34
15.07,0,0.082,5,167.61,1999,1,0,0,25,11.121358901200983,4420.9
13.7,2,0.081,15,158.61,2009,1,1,3,15,11.576527260783886,3925.85
11.54,0,0.016,5,126.03,2009,1,1,3,15,10.920197556537563,2771.45
12.56,2,0.048,1,109.71,2009,1,1,3,15,8.734177215189874,2669.42
13.91,0,0.162,6,110.35,2009,1,1,3,15,7.932571346416505,2986.62
8.85,0,0.123,3,113.28,1998,2,2,1,26,12.798553835724778,1902.66
13.69,2,0.024,3,148.11,2009,1,1,3,15,10.81805565700095,3709.06
12.33,2,0.112,5,165.25,2009,1,1,3,15,13.401184007785258,3752.2
13.56,2,0.042,0,121.49,2009,1,1,3,15,8.958778851117174,3136.35
9.37,0,0.027,6,133.89,1987,0,1,2,37,14.287696083662363,2441.86
11.81,0,0.188,6,109.81,2009,1,1,3,15,9.29726526119719,2500.51
13.9,0,0.095,13,185.63,1987,0,1,2,37,13.353715560031652,4525.49
16.34,0,0.047,13,162.07,1987,0,1,2,37,9.917997674560919,4593.23
7.65,0,0.111,13,92.53,1998,2,2,1,26,12.09384394196837,1207.64
10.56,2,0.119,6,104.91,1998,2,2,1,26,9.93371839787899,2117.81
13.33,0,0.075,6,170.77,1987,0,1,2,37,12.809991748555998,4092.81
12.75,0,0.038,10,103.29,2009,1,1,3,15,8.100541134028704,2579.95
11.92,0,0.039,5,136.88,2009,1,1,3,15,11.482258199815451,3079.32
13.88,2,0.042,4,138.31,2009,1,1,3,15,9.963979540378935,3552.81
12.46,1,0.053,11,155.15,2009,1,1,3,15,12.450846641521547,3575.15
13.4,0,0.031,13,157.42,2009,1,1,3,15,11.746884560853667,3599.5
13.25,0,0.127,7,148.01,2009,1,1,3,15,11.169723039770583,3607.65
10.84,2,0.062,5,100.32,1998,2,2,1,26,9.253758878332258,2087.67
13.39,0,0.041,13,159.07,2009,1,1,3,15,11.878873870510043,3865.18
12.39,0,0.026,3,160.13,2009,1,1,3,15,12.923089339036396,3661.32
9.25,1,0.015,8,117.89,1998,2,2,1,26,12.743487190573992,2087.22
18.74,0,0.052,6,199.51,1999,1,0,0,25,10.645643242089536,5903.7
13.46,0,0.065,6,162.02,2009,1,1,3,15,12.036252878686577,3942.04
11.29,0,0.067,13,103.72,1998,2,2,1,26,9.186077406784165,2260.09
14.72,0,0.015,14,164.27,1987,0,1,2,37,11.158888662454997,4828.12
11.28,0,0.032,13,159.45,2009,1,1,3,15,14.134385249534617,3396.59
16.24,0,0.018,0,128.41,2009,1,1,3,15,7.906532848962502,3882.17
14.34,1,0.031,8,121.28,2009,1,1,3,15,8.456871905724846,5130.16
11.36,0,0.039,10,138.6,2009,1,1,3,15,12.199630314232902,2989.5
10.59,2,0.009,7,136.19,2009,1,1,3,15,12.859031252950619,2765.86
12.77,0,0.029,13,141.33,2009,1,1,3,15,11.066478740897347,3363.97
12.58,0,0.059,4,146.51,2009,1,1,3,15,11.645338208409505,3427.25
12.48,0,0.026,5,99.54,1987,0,1,2,37,7.975322490185082,2442.86
14.02,1,0.064,9,166.37,1987,0,1,2,37,11.865772769417303,4157.66
16.41,0,0.04,0,173.77,1999,1,0,0,25,10.588629577722259,4849.75
12.55,0,0.039,4,152.82,2009,1,1,3,15,12.17592223727193,3548.52
13.4,0,0.018,6,219.77,1999,1,0,0,25,16.399522423699725,5109.59
12.24,2,0.139,5,145.07,2009,1,1,3,15,11.851155951311167,3320.95
15.02,0,0.051,5,151.97,1987,0,1,2,37,10.117169296318488,4089.97
15.02,1,0.125,9,197.08,1999,1,0,0,25,13.120298249117903,5013.09
10.87,0,0.149,14,184.65,2009,1,1,3,15,16.985557906356362,3819.37
8.07,0,0.016,6,160.89,2009,1,1,3,15,19.93433279643167,2701.45
14.64,1,0.016,8,168.0,1999,1,0,0,25,11.474626050133187,4331.39
11.11,1,0.124,11,147.86,2009,1,1,3,15,13.307533075330756,3122.12
13.19,0,0.042,0,130.79,2009,1,1,3,15,9.915093624440907,3242.51
11.01,1,0.017,11,91.72,1998,2,2,1,26,8.329851966215603,1949.81
13.17,2,0.044,10,214.77,1987,0,1,2,37,16.306278946169616,4955.81
10.57,0,0.058,10,133.11,2009,1,1,3,15,12.591996972850252,2696.8
10.98,0,0.125,5,184.29,2009,1,1,3,15,16.782624533284764,3836.73
14.42,0,0.129,5,152.98,2009,1,1,3,15,10.608140905623744,3974.95
9.5,2,0.035,7,181.02,2009,1,1,3,15,19.05273129144301,3604.83
11.36,0,0.058,13,173.62,2009,1,1,3,15,15.282105448464046,3704.5
15.74,0,0.172,0,125.58,2009,1,1,3,15,7.977892128835525,3712.81
11.85,1,0.128,9,128.43,2009,1,1,3,15,10.837060163699267,2890.63
13.63,0,0.036,14,171.9,1987,0,1,2,37,12.610960311055683,4182.55
14.06,0,0.053,14,169.1,1999,1,0,0,25,12.026171680534812,4222.29
14.3,0,0.042,6,149.61,2009,1,1,3,15,10.461506188378436,3878.93
11.78,0,0.174,14,96.9,1998,2,2,1,26,8.225108225108226,2229.27
12.59,0,0.018,6,125.11,2009,1,1,3,15,9.936462552616948,2989.62
13.38,2,0.042,5,162.95,2009,1,1,3,15,12.177714670054554,3943.21
10.43,1,0.071,9,110.95,1998,2,2,1,26,10.636564087815167,2213.07
14.36,2,0.077,14,107.01,2009,1,1,3,15,7.451430958846878,3019.43
14.13,0,0.023,0,179.64,1999,1,0,0,25,12.71247611633996,4453.96
11.16,1,0.099,9,176.02,2009,1,1,3,15,15.770988262700476,3709.97
13.97,2,0.04,5,181.11,1999,1,0,0,25,12.963281082241787,4448.37
12.44,0,0.047,0,159.73,2009,1,1,3,15,12.83900008037939,3664.91
13.83,0,0.064,13,161.4,1998,2,2,1,26,11.669438218494687,1072.99
17.05,0,0.066,13,203.48,1999,1,0,0,25,11.93361093191015,5601.66
11.0,2,0.026,4,136.85,2009,1,1,3,15,12.439778201981639,2871.95
13.58,1,0.022,9,145.46,2009,1,1,3,15,10.710551505780135,3630.44
11.9,2,0.022,13,119.42,2009,1,1,3,15,10.034450886480128,2718.74
7.42,0,0.052,5,98.35,1998,2,2,1,26,13.252930871850154,1273.63
11.84,2,0.072,3,116.18,2009,1,1,3,15,9.811671311544634,2638.99
14.69,0,0.043,4,181.42,1987,0,1,2,37,12.349057245932885,4617.15
11.26,0,0.146,0,142.78,2009,1,1,3,15,12.679158156469231,3050.77
11.25,0,0.034,1,121.47,2009,1,1,3,15,10.796373655675051,2612.79
15.57,2,0.052,13,186.2,1987,0,1,2,37,11.958127287907006,4914.31
15.63,2,0.147,5,190.71,1999,1,0,0,25,12.200754910114517,5019.88
11.93,0,0.105,6,178.76,2009,1,1,3,15,14.982817869415808,3940.15
7.54,0,0.079,6,153.76,1987,0,1,2,37,20.3898687176767,2435.08
12.65,2,0.093,6,164.41,2009,1,1,3,15,12.995810607857086,3808.85
11.51,0,0.041,13,151.54,2009,1,1,3,15,13.164798888020155,3287.16
13.87,0,0.055,10,142.04,2009,1,1,3,15,10.240069209141375,3626.84
14.23,0,0.076,4,188.09,1987,0,1,2,37,13.216920806689622,4648.93
9.23,2,0.105,6,110.49,1998,2,2,1,26,11.969450763730906,1932.58
9.94,2,0.046,10,132.99,2009,1,1,3,15,13.377929785735844,2552.36
14.45,0,0.089,10,130.31,2009,1,1,3,15,9.017369040204832,3517.84
10.01,2,0.042,0,123.73,1987,0,1,2,37,12.359404654879635,2379.17
12.57,1,0.018,9,118.08,2009,1,1,3,15,9.39304749025535,3398.39
11.54,2,0.175,0,178.34,2009,1,1,3,15,15.452733731912314,3842.54
15.94,0,0.042,6,190.27,1999,1,0,0,25,11.935888589172576,5081.35
12.36,2,0.035,3,176.08,2009,1,1,3,15,14.24480220046922,4337.86
12.39,2,0.14,2,137.74,2009,1,1,3,15,11.116132676942943,3204.52
13.97,2,0.052,10,161.06,1987,0,1,2,37,11.528165485648843,4037.56
10.49,0,0.097,1,112.91,1998,2,2,1,26,10.762558383376227,830.76
10.72,0,0.043,5,152.56,2009,1,1,3,15,14.230015856729782,3129.94
10.81,2,0.068,3,151.88,2009,1,1,3,15,14.0486541485524,3136.67
12.58,0,0.018,1,93.84,1987,0,1,2,37,7.458866544789763,2347.53
10.24,0,0.015,12,176.28,2009,1,1,3,15,17.21316277707255,3507.42
14.0,2,0.042,2,165.12,1987,0,1,2,37,11.793443325476753,4128.66
13.82,0,0.156,5,181.45,1999,1,0,0,25,13.12857246219521,4421.66
11.78,0,0.042,13,61.63,1998,2,2,1,26,5.2313046430693495,1509.17
11.48,0,0.035,14,125.5,2009,1,1,3,15,10.931103562407456,2747.81
11.8,1,0.072,9,108.98,1987,0,1,2,37,9.2348106092704,3306.59
10.55,0,0.023,10,156.74,2009,1,1,3,15,14.855463937067578,3176.92
13.36,0,0.03,4,134.44,2009,1,1,3,15,10.062121098720157,3354.95
8.77,0,0.139,13,93.29,1998,2,2,1,26,10.636187435868203,1475.11
12.13,0,0.13,14,171.09,2009,1,1,3,15,14.103536394361553,3827.83
10.32,0,0.113,6,131.29,2009,1,1,3,15,12.720666602073441,2604.16
11.86,2,0.083,3,130.73,2009,1,1,3,15,11.021836270128995,2941.23
16.12,0,0.079,5,190.07,1999,1,0,0,25,11.790211525339616,5116.81
9.59,0,0.043,13,133.84,1987,0,1,2,37,13.954749244082995,2491.19
15.18,1,0.025,9,186.82,1987,0,1,2,37,12.30617218892036,4838.69
8.52,2,0.012,13,153.31,2009,1,1,3,15,17.992019715995777,2646.56
10.63,2,0.152,5,146.72,2009,1,1,3,15,13.80114758724485,2990.81
9.89,0,0.145,13,128.97,1987,0,1,2,37,13.039126478616925,2460.16
13.71,2,0.073,6,151.2,2009,1,1,3,15,11.027642039238566,3778.55
13.41,1,0.081,9,150.6,2009,1,1,3,15,11.229587651927522,3696.93
11.55,0,0.162,15,191.87,1987,0,1,2,37,16.61068305774392,4121.64
13.01,0,0.116,4,145.12,2009,1,1,3,15,11.153639228345247,3495.57
14.47,1,0.009,8,238.69,1999,1,0,0,25,16.494368046437703,5739.67
14.96,0,0.104,13,127.2,2009,1,1,3,15,8.502105474233005,3568.44
14.65,0,0.009,14,158.12,1987,0,1,2,37,10.792437376288309,4130.89
13.97,2,0.117,4,105.52,2009,1,1,3,15,7.55278791782979,2902.79
14.91,1,0.023,11,121.61,2009,1,1,3,15,8.155723962175575,3443.82
13.93,0,0.039,10,147.39,1999,1,0,0,25,10.580001435647118,6257.1
12.79,0,0.097,4,141.13,2009,1,1,3,15,11.033539207255101,3362.77
11.12,0,0.186,6,156.32,2009,1,1,3,15,14.056289901987233,3297.52
12.09,2,0.038,3,147.86,2009,1,1,3,15,12.22893060954429,3343.02
12.02,2,0.089,5,153.28,2009,1,1,3,15,12.751019049995842,3438.3
15.53,0,0.046,3,225.08,1999,1,0,0,25,14.49230571115833,5699.64
17.16,0,0.026,4,180.2,1999,1,0,0,25,10.500553580793659,6396.09
12.1,1,0.009,11,183.08,1987,0,1,2,37,15.12932815469796,4066.38
12.73,1,0.069,9,153.45,2009,1,1,3,15,12.053255832220563,3601.05
11.15,0,0.087,13,151.11,2009,1,1,3,15,13.551251008878129,3196.37
14.56,0,0.024,0,187.96,1987,0,1,2,37,12.908454089691643,4722.07
9.29,0,0.043,4,139.78,2009,1,1,3,15,15.04466688192875,2545.34
6.95,0,0.061,13,78.82,1998,2,2,1,26,11.33937562940584,769.26
12.18,0,0.027,5,161.55,2009,1,1,3,15,13.262457926278632,3643.45
11.89,1,0.11,8,110.23,2009,1,1,3,15,9.270036161803045,3204.21
11.69,0,0.053,0,158.94,1998,2,2,1,26,13.595073133179369,1386.78
13.79,0,0.074,3,151.5,2009,1,1,3,15,10.985425277354798,5192.89
14.5,2,0.046,13,165.21,1999,1,0,0,25,11.393007378801462,4241.82
15.75,2,0.047,3,192.84,1999,1,0,0,25,12.243032188432482,5091.0
10.01,2,0.052,13,171.37,2009,1,1,3,15,17.11817001298572,3354.07
10.99,0,0.057,13,140.77,2009,1,1,3,15,12.807751796924759,2949.75
11.92,0,0.035,6,146.65,2009,1,1,3,15,12.301820317087493,3279.12
17.12,1,0.13,8,166.63,1999,1,0,0,25,9.732492260966064,4864.27
14.26,0,0.166,4,133.46,2009,1,1,3,15,9.358390014725476,3539.25
15.9,0,0.076,5,198.33,1999,1,0,0,25,12.472800452801712,5237.65
8.75,0,0.068,6,105.97,1998,2,2,1,26,12.109473203062509,1731.21
14.3,2,0.02,3,138.49,2009,1,1,3,15,9.68393818614083,3650.65
10.55,0,0.03,13,132.86,2009,1,1,3,15,12.592171358165103,2688.46
15.42,0,0.019,13,173.6,1987,0,1,2,37,11.257376305038584,4621.34
10.03,0,0.017,6,104.65,1998,2,2,1,26,10.432658757850664,1993.94
14.51,2,0.065,3,170.68,1999,1,0,0,25,11.762111501619462,4355.84
11.64,0,0.05,13,126.35,2009,1,1,3,15,10.853878532772098,2801.59
13.3,2,0.076,4,138.01,2009,1,1,3,15,10.375911585595068,3415.46
11.85,0,0.029,15,99.67,1987,0,1,2,37,8.410260737490509,2302.86
8.35,2,0.015,0,106.13,1998,2,2,1,26,12.708657645790923,1643.86
14.22,2,0.083,3,158.94,1987,0,1,2,37,11.176429224386471,4050.02
12.66,1,0.058,9,145.17,2009,1,1,3,15,11.465918963746939,3416.53
9.85,0,0.045,4,151.38,2009,1,1,3,15,15.366967820525836,2908.49
13.71,0,0.066,13,130.69,2009,1,1,3,15,9.531762818175187,3357.36
11.29,0,0.108,3,157.25,2009,1,1,3,15,13.92702152156585,3353.42
15.44,2,0.057,13,189.78,1999,1,0,0,25,12.290654750340005,5184.3
14.09,0,0.046,10,150.12,2009,1,1,3,15,10.653608686395572,3840.71
14.2,0,0.024,3,126.58,2009,1,1,3,15,8.913456798816986,3384.27
16.17,2,0.015,13,219.42,1999,1,0,0,25,13.568734153731986,5728.95
15.74,2,0.17,5,172.77,1987,0,1,2,37,10.975795692776826,4678.07
11.76,2,0.037,4,106.78,1987,0,1,2,37,9.079159935379645,2428.65
15.0,0,0.081,14,175.22,1987,0,1,2,37,11.680554629691354,4561.51
10.32,0,0.043,6,137.9,2009,1,1,3,15,13.361108419726772,2739.44
8.52,0,0.055,10,105.69,1998,2,2,1,26,12.403473770684194,1672.61
12.85,0,0.009,5,174.84,1987,0,1,2,37,13.605166913080696,4066.6
10.93,2,0.179,13,125.73,2009,1,1,3,15,11.502149849053152,2627.43
13.76,0,0.041,5,147.45,2009,1,1,3,15,10.715064312186614,3711.4
9.19,2,0.046,10,108.36,1998,2,2,1,26,11.789794364051792,1879.58
14.57,1,0.117,9,174.42,1999,1,0,0,25,11.970352069178505,4446.87
14.1,0,0.056,15,161.7,1987,0,1,2,37,11.467271824693285,4080.52
12.11,2,0.126,13,144.37,2009,1,1,3,15,11.920568078606227,3275.11
13.55,0,0.043,4,191.19,1987,0,1,2,37,14.108921850785919,4558.46
9.67,2,0.093,5,114.76,1998,2,2,1,26,11.866404715127702,2119.56
9.9,0,0.113,5,143.4,2009,1,1,3,15,14.483385516614485,2757.96
11.0,1,0.038,9,139.71,2009,1,1,3,15,12.699754567766568,2929.3
10.62,1,0.027,8,157.19,2009,1,1,3,15,14.799924677525658,3201.78
11.31,0,0.014,10,162.54,2009,1,1,3,15,14.370082220846962,3467.68
13.2,0,0.033,13,131.79,2009,1,1,3,15,9.98333459586395,3266.18
12.21,0,0.168,5,118.01,2009,1,1,3,15,9.664237163213496,2758.44
14.75,0,0.053,6,166.92,1999,1,0,0,25,11.315842993695343,4333.3
12.99,0,0.072,7,202.05,1987,0,1,2,37,15.553075205911787,4654.98
15.41,0,0.089,13,195.41,1999,1,0,0,25,12.67990396470054,5067.15
8.71,0,0.048,6,112.89,1998,2,2,1,26,12.959476523935255,2205.49
15.34,1,0.082,8,163.08,1999,1,0,0,25,10.63033700541034,4388.84
13.45,0,0.092,7,153.92,2009,1,1,3,15,11.443015389190395,3774.1
15.96,0,0.045,3,159.06,1999,1,0,0,25,9.965541006202619,4446.39
15.53,2,0.104,0,127.96,2009,1,1,3,15,8.239005859249243,3712.73
11.85,0,0.027,13,143.52,2009,1,1,3,15,12.110370432874864,3200.69
13.43,0,0.037,13,200.69,1987,0,1,2,37,14.942297669570397,4726.9
14.39,1,0.099,8,146.09,2009,1,1,3,15,10.151483566117713,3827.52
17.47,2,0.03,10,175.52,1999,1,0,0,25,10.046362543643752,5125.09
14.92,0,0.173,14,172.54,1999,1,0,0,25,11.56356812546076,4488.5
13.01,0,0.036,5,174.9,1987,0,1,2,37,13.442471754669127,4104.27
13.43,0,0.016,6,142.04,2009,1,1,3,15,10.575534211897848,3526.53
13.33,0,0.129,6,154.17,2009,1,1,3,15,11.564773835421198,3752.72
14.25,0,0.05,5,139.12,2009,1,1,3,15,9.76212195635394,3652.44
14.79,0,0.037,6,211.92,1999,1,0,0,25,14.327631667906159,5263.67
13.51,0,0.191,6,142.7,2009,1,1,3,15,10.561764488194804,3558.56
8.03,2,0.177,10,129.85,1998,2,2,1,26,16.168596687834643,2057.12
11.23,0,0.061,6,170.56,2009,1,1,3,15,15.186537262932953,3612.66
14.51,0,0.023,13,181.84,1987,0,1,2,37,12.531183240300463,4585.27
13.31,0,0.046,10,174.14,1987,0,1,2,37,13.08241304184509,4156.21
11.81,0,0.1,14,180.62,2009,1,1,3,15,15.292523918381171,3950.16
14.92,0,0.114,12,160.54,1999,1,0,0,25,10.759332484417934,4241.79
13.96,0,0.176,6,161.83,1987,0,1,2,37,11.59157653463219,3386.47
14.58,1,0.061,9,149.75,2009,1,1,3,15,10.270214662917496,3944.77
11.57,0,0.009,5,109.25,1987,0,1,2,37,9.441707717569786,2436.35
9.09,0,0.16,0,124.01,1998,2,2,1,26,13.640963590364098,2177.53
14.1,1,0.052,9,138.77,2009,1,1,3,15,9.841146018012909,3610.44
15.15,0,0.048,6,178.89,1987,0,1,2,37,11.807141442809055,4669.85
12.81,0,0.019,13,189.23,1999,1,0,0,25,14.77090000780579,4353.11
15.34,0,0.104,15,176.23,1987,0,1,2,37,11.487517111009712,4656.88
15.51,2,0.107,0,208.1,1999,1,0,0,25,13.416285216942816,5349.73
11.32,0,0.079,15,123.82,2009,1,1,3,15,10.937196360745517,2676.7
11.24,0,0.043,6,97.27,1998,2,2,1,26,8.653144738012632,2115.03
10.85,0,0.094,14,160.07,2009,1,1,3,15,14.751635793936043,2873.34
11.25,1,0.016,8,148.84,2009,1,1,3,15,13.229046306994935,3174.35
12.8,0,0.121,13,124.85,2009,1,1,3,15,9.753144285602687,3033.83
13.48,0,0.177,0,159.8,2009,1,1,3,15,11.853720050441362,3900.87
13.65,2,0.053,7,158.83,2009,1,1,3,15,11.63504505164457,3919.51
16.32,0,0.009,1,107.52,2009,1,1,3,15,6.587831627963972,3473.71
16.06,0,0.089,2,152.28,1999,1,0,0,25,9.481352344187783,4330.5
10.7,0,0.007,2,134.68,2009,1,1,3,15,12.585739650499955,2758.43
12.53,0,0.063,5,115.35,2009,1,1,3,15,9.205171175484798,2776.45
12.47,0,0.021,0,66.16,1998,2,2,1,26,5.305107850212493,1756.26
10.72,0,0.052,14,161.86,2009,1,1,3,15,15.097472250722882,3318.82
14.39,2,0.033,14,180.9,1987,0,1,2,37,12.570356472795497,4537.94
11.08,0,0.125,5,95.69,1998,2,2,1,26,8.635502210991788,2046.23
13.88,0,0.033,0,179.07,1999,1,0,0,25,12.900367408688135,4385.76
10.23,2,0.026,10,136.92,2009,1,1,3,15,13.382856025803928,2697.8
14.67,2,0.116,4,175.45,1999,1,0,0,25,11.958966668938722,4490.4
13.68,0,0.156,3,150.62,2009,1,1,3,15,11.009429135297129,4113.37
10.81,1,0.024,9,163.75,2009,1,1,3,15,15.146609934326149,3377.91
18.06,0,0.057,6,246.35,1999,1,0,0,25,13.639887049443551,6707.04
14.94,0,0.053,6,177.84,1987,0,1,2,37,11.902817749815943,4942.52
11.92,1,0.048,8,159.44,2009,1,1,3,15,13.374716886167269,3540.66
12.82,1,0.093,8,209.19,1987,0,1,2,37,16.316199984400594,4763.15
14.82,2,0.118,3,146.55,2009,1,1,3,15,9.887996761352136,3932.51
9.19,2,0.032,6,140.03,2009,1,1,3,15,15.235556522685238,4219.55
12.59,0,0.154,5,129.99,2009,1,1,3,15,10.324040981653564,3090.28
9.45,0,0.095,13,116.59,1998,2,2,1,26,12.336260713152049,2106.06
12.81,1,0.079,8,175.24,1987,0,1,2,37,13.67886972133323,4066.31
12.09,0,0.108,2,146.57,2009,1,1,3,15,12.122239682408402,3315.78
9.2,0,0.136,3,66.56,1998,2,2,1,26,7.233996304749485,1025.57
14.06,1,0.026,9,185.91,1987,0,1,2,37,13.221676978877747,4566.18
10.74,0,0.073,15,180.4,2009,1,1,3,15,16.795456661390933,3703.8
14.39,0,0.057,13,167.59,1999,1,0,0,25,11.645472864985061,4266.89
16.68,2,0.015,4,191.27,1999,1,0,0,25,11.466338948504287,5269.5
13.53,2,0.019,4,123.41,2009,1,1,3,15,9.120538023797208,3168.28
12.71,0,0.045,6,170.49,2009,1,1,3,15,13.412792069860751,3946.26
10.64,2,0.025,0,144.63,2009,1,1,3,15,13.591767691006483,2948.97
11.61,0,0.085,13,165.65,2009,1,1,3,15,14.266643699939713,3597.56
12.56,1,0.057,8,180.23,1999,1,0,0,25,14.348379906058435,4450.63
10.69,0,0.035,4,141.42,2009,1,1,3,15,13.227948741932467,2894.49
9.2,0,0.164,5,214.95,1987,0,1,2,37,23.361591131398765,4061.89
10.71,0,0.016,6,128.6,2009,1,1,3,15,12.00634861357483,2637.11
12.85,2,0.032,4,137.41,2009,1,1,3,15,10.692553108707495,3301.72
13.76,0,0.026,6,156.99,2009,1,1,3,15,11.408327883148027,3907.14
11.07,0,0.014,5,151.88,2009,1,1,3,15,13.718724595790805,3195.2
13.75,2,0.027,6,163.08,1987,0,1,2,37,11.859501127190752,4029.63
15.85,0,0.012,7,213.5,1999,1,0,0,25,13.469181755094317,5536.52
11.91,0,0.053,0,73.22,1998,2,2,1,26,6.147258836369742,1775.13
9.77,1,0.084,11,175.72,2009,1,1,3,15,17.983829700133047,3387.81
7.54,0,0.066,10,82.03,1998,2,2,1,26,10.87786765680944,967.97
14.08,1,0.034,8,154.97,2009,1,1,3,15,11.00561039698885,3938.13
15.89,0,0.073,0,141.69,1987,0,1,2,37,8.916367755333207,4074.94
13.09,0,0.01,6,192.72,1999,1,0,0,25,14.721564433580323,4486.85
10.59,0,0.12,2,159.52,2009,1,1,3,15,15.061844962704185,3243.08
13.8,0,0.08,6,130.16,2009,1,1,3,15,9.431200637634953,3367.81
12.47,0,0.047,6,148.74,2009,1,1,3,15,11.926870339186914,3448.1
13.0,2,0.047,13,121.32,2009,1,1,3,15,9.331589877701715,3004.95
15.47,0,0.035,13,130.49,2009,1,1,3,15,8.434490336759099,3752.3
10.2,0,0.14,13,108.85,1998,2,2,1,26,10.670522497794334,2117.59
15.48,1,0.133,11,196.6,1999,1,0,0,25,12.69943802079969,5107.5
16.05,0,0.1,4,132.0,1999,1,0,0,25,8.223786679957634,6644.28
17.02,2,0.166,4,164.54,1999,1,0,0,25,9.66688208683391,4797.65
10.83,0,0.034,6,133.11,2009,1,1,3,15,12.289723940541041,1978.82
13.31,0,0.08,7,151.71,2009,1,1,3,15,11.397340545413568,3697.14
13.54,2,0.084,6,157.19,2009,1,1,3,15,11.608448415922016,3860.77
13.59,0,0.053,5,145.62,2009,1,1,3,15,10.714443381649621,3635.47
12.08,0,0.029,4,117.53,2009,1,1,3,15,9.72849929641586,2719.22
14.0,2,0.06,6,170.11,1999,1,0,0,25,12.149846439540035,4231.07
14.43,1,0.186,11,210.3,1999,1,0,0,25,14.572794678123486,5149.85
8.55,0,0.092,13,110.85,1998,2,2,1,26,12.96339609402409,1786.19
12.93,0,0.029,0,150.47,2009,1,1,3,15,11.636377697007193,3586.41
15.98,0,0.052,3,168.47,1987,0,1,2,37,10.541893498529504,4643.63
13.49,1,0.032,8,100.65,2009,1,1,3,15,7.460529241716701,2692.76
17.06,1,0.019,8,205.71,1999,1,0,0,25,12.05732372076666,5649.15
13.64,0,0.016,2,140.7,2009,1,1,3,15,10.314493072355399,3547.44
14.55,1,0.092,8,148.29,2009,1,1,3,15,10.19105216136348,3907.49
10.56,2,0.083,12,85.83,1998,2,2,1,26,8.127071300066282,1728.49
14.08,2,0.057,4,180.83,1999,1,0,0,25,12.84212768979476,4466.92
12.94,0,0.035,14,167.73,2009,1,1,3,15,12.96113128815393,3942.57
12.35,1,0.081,11,135.79,2009,1,1,3,15,10.99425147761315,3154.71
13.25,0,0.063,0,168.91,1987,0,1,2,37,12.746962493396724,4035.47
10.68,0,0.051,6,128.19,2009,1,1,3,15,12.001685235464844,2622.15
13.52,0,0.046,7,86.63,1987,0,1,2,37,6.407070482952444,2413.77
7.08,0,0.066,13,136.87,1998,2,2,1,26,19.32919079226098,1984.85
11.8,2,0.073,7,150.58,2009,1,1,3,15,12.759935598678078,3333.8
12.94,0,0.035,13,159.67,2009,1,1,3,15,12.338304613244727,3777.56
19.5,0,0.083,3,213.11,1999,1,0,0,25,10.928157530383057,6353.58
15.24,0,0.042,4,157.75,1999,1,0,0,25,10.350370710583295,4258.04
15.96,0,0.027,12,213.29,1999,1,0,0,25,13.363197794624396,5556.26
11.88,0,0.026,6,120.82,2009,1,1,3,15,10.169177678646578,1582.99
9.57,0,0.079,3,121.06,1998,2,2,1,26,12.64862605788319,2224.5
14.44,1,0.04,8,152.21,2009,1,1,3,15,10.540128799944604,3962.13
11.8,0,0.125,3,123.7,2009,1,1,3,15,10.482162528599272,2782.56
14.56,1,0.025,9,134.52,2009,1,1,3,15,9.238376485131516,3628.13
11.27,0,0.044,7,111.63,1987,0,1,2,37,9.904178866116583,2415.51
13.1,0,0.126,4,183.75,1999,1,0,0,25,14.025646897183423,5188.68
14.27,0,0.124,6,152.42,2009,1,1,3,15,10.680400812837222,3929.58
14.46,2,0.058,6,181.06,1987,0,1,2,37,12.520572574510753,4558.79
12.04,0,0.059,3,156.28,2009,1,1,3,15,12.978988456108299,3503.79
12.84,1,0.077,9,129.38,2009,1,1,3,15,10.07553928821743,3134.1
13.42,1,0.064,9,136.32,2009,1,1,3,15,10.157216302809031,3407.13
11.81,0,0.085,13,90.24,1998,2,2,1,26,7.640335280670561,2101.81
7.38,2,0.018,14,61.0,1998,2,2,1,26,8.264462809917354,501.72
11.29,2,0.085,4,150.24,2009,1,1,3,15,13.30617305818794,3211.32
14.25,0,0.147,13,142.02,2009,1,1,3,15,9.965616447968564,3712.25
14.19,0,0.097,4,174.24,1999,1,0,0,25,12.278204495807204,4357.23
10.4,1,0.076,8,150.81,2009,1,1,3,15,14.499567349293338,3943.23
8.56,2,0.015,6,147.78,2009,1,1,3,15,17.262002102558114,2543.16
13.6,0,0.035,2,158.01,2009,1,1,3,15,11.617528122932137,3892.16
16.07,0,0.155,13,167.79,1987,0,1,2,37,10.440545081202163,4650.08
11.96,2,0.024,0,137.69,2009,1,1,3,15,11.511579299389682,3106.37
12.73,0,0.091,0,125.4,2009,1,1,3,15,9.849972508051215,3028.77
11.79,0,0.079,6,151.57,2009,1,1,3,15,12.854719701467221,3351.46
13.97,0,0.039,6,104.49,1998,2,2,1,26,7.479063774962421,1008.8
12.15,1,0.029,11,123.44,2009,1,1,3,15,10.158834663813678,2856.67
9.83,0,0.07,10,157.69,2009,1,1,3,15,16.040077306479503,3034.03
17.25,1,0.038,9,167.72,1999,1,0,0,25,9.722334937105094,4915.89
9.63,2,0.035,6,62.64,1998,2,2,1,26,6.503997508046932,1044.19
13.2,2,0.118,6,149.92,2009,1,1,3,15,11.356715400348458,3636.48
12.35,0,0.057,5,96.96,1987,0,1,2,37,7.8503764877337865,2359.92
12.76,1,0.042,8,140.2,2009,1,1,3,15,10.986599796254211,3337.52
11.6,2,0.113,10,93.72,1998,2,2,1,26,8.078613912593742,1055.89
10.47,1,0.054,11,123.41,1987,0,1,2,37,11.785884824754083,2477.39
15.36,0,0.082,0,165.34,1999,1,0,0,25,10.763622160015625,4439.26
10.73,0,0.027,5,137.82,2009,1,1,3,15,12.843164663125524,2829.66
12.34,0,0.016,4,75.29,1998,2,2,1,26,6.10080220403533,1913.64
14.48,0,0.027,1,140.08,2009,1,1,3,15,9.673365099095367,3723.28
14.79,0,0.05,0,143.99,2009,1,1,3,15,9.734973970657833,3875.12
12.42,2,0.018,13,157.01,2009,1,1,3,15,12.640689155462523,3604.94
12.08,2,0.034,6,142.25,2009,1,1,3,15,11.774687525867064,3224.96
12.85,2,0.078,6,170.12,2009,1,1,3,15,13.23788032059762,3969.54
11.59,1,0.039,9,123.02,2009,1,1,3,15,10.613406953670951,2721.28
14.22,0,0.031,6,151.84,2009,1,1,3,15,10.677167569087969,3905.51
8.62,0,0.016,5,110.99,1998,2,2,1,26,12.874376522445193,1805.06
11.75,1,0.09,8,146.97,2009,1,1,3,15,12.507020679091141,3248.48
11.33,2,0.026,13,110.96,1987,0,1,2,37,9.79260435972112,2416.29
15.39,0,0.164,5,204.82,1999,1,0,0,25,13.30777727243194,5254.32
10.37,0,0.019,4,163.15,2009,1,1,3,15,15.731366309902615,3268.11
9.55,2,0.137,10,80.61,1998,2,2,1,26,8.439953931525494,1392.26
14.51,0,0.076,13,172.52,1999,1,0,0,25,11.888911859968301,4395.34
11.92,0,0.061,5,130.27,2009,1,1,3,15,10.927774515560776,2945.76
13.5,0,0.028,13,149.52,2009,1,1,3,15,11.074735204799646,3695.41
13.09,0,0.009,1,160.81,2009,1,1,3,15,12.284011916583914,3834.67
12.51,2,0.098,6,160.26,2009,1,1,3,15,12.809527615698185,3692.39
11.59,0,0.103,6,127.3,2009,1,1,3,15,10.982658959537572,2809.91
10.14,0,0.125,10,176.79,2009,1,1,3,15,17.433191992900106,3493.26
13.41,0,0.034,6,146.26,2009,1,1,3,15,10.905972708970248,3608.19
15.02,2,0.039,5,152.06,1987,0,1,2,37,10.123160908062047,4090.39
11.91,0,0.032,6,135.88,2009,1,1,3,15,11.407942238267148,3056.99
14.02,0,0.042,6,201.63,1987,0,1,2,37,14.380571999144141,4880.03
15.18,0,0.064,0,213.98,1999,1,0,0,25,14.095250642250182,5394.34
13.41,2,0.067,14,119.52,2009,1,1,3,15,8.912087092685109,3060.52
13.88,2,0.126,2,150.44,2009,1,1,3,15,10.837835890785966,3800.73
11.7,0,0.01,10,142.9,2009,1,1,3,15,12.212631399025726,3152.89
9.02,1,0.082,11,125.38,1998,2,2,1,26,13.898680855780956,2188.28
10.91,2,0.03,6,131.08,2009,1,1,3,15,12.013564292915408,2733.43
8.11,1,0.039,11,76.87,1998,2,2,1,26,9.477253113056346,990.03
10.61,0,0.139,1,166.81,2009,1,1,3,15,15.720478748468572,3396.71
15.87,0,0.058,6,169.17,1987,0,1,2,37,10.659063701090039,4632.36
12.59,2,0.034,5,135.31,2009,1,1,3,15,10.746565006750854,3198.57
10.38,2,0.03,14,109.52,1998,2,2,1,26,10.550043348425007,2172.25
12.38,0,0.039,5,153.26,2009,1,1,3,15,12.378644697520393,3518.75
11.5,0,0.069,14,146.69,2009,1,1,3,15,12.754543083210155,3185.9
15.4,1,0.064,8,165.24,1999,1,0,0,25,10.729173430296735,4446.69
13.22,0,0.071,6,183.53,1999,1,0,0,25,13.8817033507299,4328.17
13.39,0,0.034,4,133.53,1999,1,0,0,25,9.97162273168546,6600.13
11.38,0,0.073,10,158.73,2009,1,1,3,15,13.946929092346894,2274.43
13.27,0,0.116,13,158.91,2009,1,1,3,15,11.974229523020119,3836.59
11.23,0,0.042,10,167.33,2009,1,1,3,15,14.898940432730836,2275.91
11.81,0,0.01,3,127.14,2009,1,1,3,15,10.764541529083058,2855.23
12.72,1,0.051,8,150.71,2009,1,1,3,15,11.847339045672511,3544.16
10.12,1,0.031,8,141.35,2009,1,1,3,15,13.96601126370912,2765.34
13.05,0,0.069,4,148.45,2009,1,1,3,15,11.37460730978469,3572.56
12.69,0,0.049,13,133.61,2009,1,1,3,15,10.527933180994408,3187.12
15.84,0,0.028,6,169.37,1987,0,1,2,37,10.691875512909538,4631.28
13.84,0,0.019,12,144.55,2009,1,1,3,15,10.44360956578282,3671.59
14.68,2,0.143,6,145.32,2009,1,1,3,15,9.898508276002998,3876.17
14.58,1,0.061,9,156.21,1987,0,1,2,37,10.713256978259379,4077.74
12.77,0,0.081,13,146.32,2009,1,1,3,15,11.457207736277503,3466.02
14.56,0,0.082,14,130.92,2009,1,1,3,15,8.991140718357254,3555.43
17.96,1,0.123,8,201.49,1999,1,0,0,25,11.218194978007904,5766.29
7.6,2,0.154,13,168.4,2009,1,1,3,15,22.154979607946323,2748.87
14.46,2,0.154,4,154.78,1987,0,1,2,37,10.703270866468433,4019.64
12.92,1,0.009,9,99.86,2009,1,1,3,15,7.728503985759616,2548.61
7.75,1,0.029,11,90.53,1998,2,2,1,26,11.679783253773707,1189.64
14.14,1,0.018,9,140.66,2009,1,1,3,15,9.946962732480022,3658.41
10.17,0,0.098,5,74.27,1998,2,2,1,26,7.302133516861666,1402.37
13.17,0,0.055,14,168.8,1987,0,1,2,37,12.816035228912005,4015.24
12.97,0,0.053,10,108.52,2009,1,1,3,15,8.366355716598566,2736.04
12.27,0,0.021,1,142.68,2009,1,1,3,15,11.627414228669222,3276.87
14.36,0,0.024,4,173.68,1999,1,0,0,25,12.093865329712417,4384.63
11.08,1,0.076,11,149.09,2009,1,1,3,15,13.454561862647777,3139.51
12.82,0,0.076,6,150.09,2009,1,1,3,15,11.706575150144294,3553.53
12.09,0,0.064,6,127.34,2009,1,1,3,15,10.5318005127781,2922.6
14.64,0,0.093,10,128.3,2009,1,1,3,15,8.763062632333858,3519.85
9.7,2,0.104,6,121.29,1998,2,2,1,26,12.502834759303166,2259.47
12.23,2,0.026,13,119.58,2009,1,1,3,15,9.776796664213883,2795.25
14.04,1,0.065,11,189.59,1987,0,1,2,37,13.50259952994801,4637.59
9.23,0,0.027,3,145.12,2009,1,1,3,15,15.720940309825588,2639.85
13.46,0,0.052,4,151.55,2009,1,1,3,15,11.258450338013521,3727.22
11.82,0,0.097,6,164.34,2009,1,1,3,15,13.9023771254547,3619.04
11.99,2,0.162,10,133.62,2009,1,1,3,15,11.143357518138604,3030.1
13.92,1,0.112,8,182.11,1999,1,0,0,25,13.081675167013865,4457.94
11.39,1,0.021,9,120.74,2009,1,1,3,15,10.59959617241682,2629.6
16.41,2,0.126,5,166.61,1987,0,1,2,37,10.15233684723661,4702.07
14.57,0,0.053,13,208.65,1999,1,0,0,25,14.319538809965,5147.25
14.79,2,0.091,0,147.9,2009,1,1,3,15,9.999323913190455,3954.93
15.92,0,0.014,13,164.27,1987,0,1,2,37,10.317819232460273,4543.83
16.25,2,0.125,0,167.24,1987,0,1,2,37,10.291059011753124,4679.39
15.28,2,0.036,4,155.96,1999,1,0,0,25,10.206138341731563,4230.65
12.15,0,0.098,10,207.69,1987,0,1,2,37,17.09242037692371,4580.51
13.01,0,0.014,14,131.46,2009,1,1,3,15,10.103758358312199,2410.21
9.62,0,0.039,0,177.12,2009,1,1,3,15,18.40972871842844,3382.91
16.36,0,0.162,7,185.88,1999,1,0,0,25,11.36116374304749,5084.91
14.46,0,0.042,14,159.49,1987,0,1,2,37,11.028974483092457,4115.73
13.47,2,0.023,4,110.9,2009,1,1,3,15,8.23249944324846,2899.38
12.58,0,0.028,4,157.84,2009,1,1,3,15,12.545902551466497,3658.4
10.47,1,0.142,8,164.03,2009,1,1,3,15,15.665170470824181,3308.23
15.03,0,0.089,3,148.1,1987,0,1,2,37,9.852970527576343,4011.61
14.43,0,0.055,10,180.36,1987,0,1,2,37,12.498094380153837,4536.09
9.01,1,0.021,8,119.22,1998,2,2,1,26,13.230496060370658,2061.97
14.02,0,0.065,0,171.44,1999,1,0,0,25,12.227373225875473,4262.43
16.64,0,0.022,3,127.51,2009,1,1,3,15,7.662400096148067,3955.6
16.8,0,0.025,1,153.62,1987,0,1,2,37,9.143503362895064,4525.29
13.98,2,0.034,10,162.36,1987,0,1,2,37,11.612903225806452,4066.13
15.69,0,0.116,4,203.85,1999,1,0,0,25,12.99152380345421,5301.86
11.44,2,0.045,6,131.36,2009,1,1,3,15,11.48151385368412,2857.8
10.66,0,0.04,14,161.13,2009,1,1,3,15,15.113966794859769,3292.37
9.87,1,0.023,8,122.38,1987,0,1,2,37,12.397933340087125,2320.07
12.78,0,0.045,4,155.31,2009,1,1,3,15,12.151631327752133,3651.06
10.07,1,0.035,8,126.01,1987,0,1,2,37,12.512163638169001,2438.51
11.45,2,0.073,5,179.48,2009,1,1,3,15,15.673740284691295,3845.16
8.7,0,0.14,5,136.65,1987,0,1,2,37,15.705091368808185,2348.53
11.85,0,0.026,13,138.75,2009,1,1,3,15,11.707872753354149,3102.39
12.88,0,0.171,5,129.97,2009,1,1,3,15,10.090055119944104,2994.95
15.37,0,0.035,6,174.97,1987,0,1,2,37,11.383124064797347,4638.92
12.42,0,0.168,6,129.59,2009,1,1,3,15,10.433137428548427,3042.76
13.37,2,0.164,0,143.37,2009,1,1,3,15,10.722459053174783,3541.2
11.74,0,0.154,0,117.14,2009,1,1,3,15,9.977003662379696,2636.25
12.39,0,0.073,14,102.87,1987,0,1,2,37,8.3019933822936,2491.18
12.1,0,0.147,0,166.09,2009,1,1,3,15,13.72531195768945,3719.31
13.84,1,0.076,9,167.8,1987,0,1,2,37,12.12340148833177,4145.46
17.0,2,0.098,0,169.53,1999,1,0,0,25,9.971766366684312,4896.25
7.47,0,0.047,5,141.41,1998,2,2,1,26,18.92785437023156,2166.15
13.96,1,0.044,9,121.53,2009,1,1,3,15,8.704963827806031,3225.98
13.8,0,0.095,6,141.98,2009,1,1,3,15,10.287660314469965,3609.47
11.92,0,0.048,5,111.83,2009,1,1,3,15,9.380924419092358,2567.84
15.69,1,0.04,8,147.62,1987,0,1,2,37,9.407940857816584,4150.85
12.5,2,0.029,6,185.02,1987,0,1,2,37,14.800415966722664,4195.89
12.4,0,0.097,5,137.46,2009,1,1,3,15,11.084589952423192,3201.41
12.4,0,0.075,3,152.97,2009,1,1,3,15,12.335295540682203,3518.02
13.69,0,0.096,5,117.1,2009,1,1,3,15,8.55306405667957,3075.49
12.72,2,0.169,10,123.16,2009,1,1,3,15,9.681628802767078,2979.68
11.45,0,0.071,5,131.66,2009,1,1,3,15,11.49768579163392,2867.56
12.63,1,0.038,9,129.35,2009,1,1,3,15,10.240677697727811,3087.3
14.0,0,0.061,4,155.05,2009,1,1,3,15,11.074208985072497,3922.62
9.68,2,0.013,3,71.53,1998,2,2,1,26,7.388699514512965,1236.54
8.99,2,0.142,13,165.8,2009,1,1,3,15,18.440662885107333,3008.75
11.13,0,0.065,10,123.74,2009,1,1,3,15,11.11670110502201,2632.22
16.57,1,0.062,8,214.52,1999,1,0,0,25,12.945507211393398,5719.47
13.15,0,0.033,0,140.79,2009,1,1,3,15,10.705649760474488,3438.7
14.78,2,0.011,3,204.99,1999,1,0,0,25,13.86847980515527,5118.9
17.43,2,0.053,6,161.75,1999,1,0,0,25,9.279444667546326,4833.26
9.16,0,0.049,5,110.5,1998,2,2,1,26,12.062001964851,1915.79
13.28,0,0.089,13,177.37,1999,1,0,0,25,13.35516903847602,4216.2
16.2,0,0.087,10,174.04,1987,0,1,2,37,10.742546756373063,4807.54
10.76,0,0.023,13,130.29,2009,1,1,3,15,12.107610816838584,2682.09
14.06,0,0.086,4,145.23,2009,1,1,3,15,10.328568380627265,3734.62
14.04,0,0.042,4,147.35,2009,1,1,3,15,10.494266790114665,3773.83
7.72,1,0.123,9,127.19,1998,2,2,1,26,16.473254759746148,1932.09
10.93,1,0.052,9,116.4,1987,0,1,2,37,10.648614033482756,2436.27
14.0,0,0.235,13,120.56,2009,1,1,3,15,8.610813513320478,3215.81
12.58,0,0.184,6,166.09,2009,1,1,3,15,13.20165328670217,3827.84
12.81,1,0.173,8,104.38,2009,1,1,3,15,8.147685582702366,2616.87
15.69,0,0.024,13,153.0,1999,1,0,0,25,9.750812567713977,4262.12
10.41,0,0.083,0,143.89,2009,1,1,3,15,13.820958601479203,2882.56
13.01,0,0.026,3,117.67,2009,1,1,3,15,9.0438859426639,2933.89
15.55,0,0.038,2,212.47,1999,1,0,0,25,13.662786959038003,5447.05
11.45,1,0.076,8,135.71,2009,1,1,3,15,11.851366692865254,2950.97
13.29,0,0.121,6,149.68,2009,1,1,3,15,11.261756075539841,3650.39
13.54,0,0.052,13,117.42,2009,1,1,3,15,8.671442286389485,3048.62
12.49,1,0.028,8,151.92,2009,1,1,3,15,12.162356896965814,3515.72
12.9,2,0.036,6,163.28,2009,1,1,3,15,12.656383226106504,3842.53
11.19,2,0.079,6,89.77,1998,2,2,1,26,8.021624519703334,1950.14
13.12,0,0.061,6,195.77,1987,0,1,2,37,14.92035668013109,4556.2
12.74,0,0.044,4,126.42,2009,1,1,3,15,9.922298092771369,3051.21
14.39,1,0.113,8,155.48,1987,0,1,2,37,10.80397470641373,4017.84
13.81,0,0.016,6,114.58,2009,1,1,3,15,8.296285569473607,3051.48
12.19,1,0.079,9,149.15,2009,1,1,3,15,12.234435239110821,3392.76
12.64,0,0.145,0,167.38,2009,1,1,3,15,13.24104105687841,3867.12
12.21,0,0.061,13,179.04,1987,0,1,2,37,14.662189828842845,4008.5
14.44,2,0.144,7,134.95,2009,1,1,3,15,9.34492071186206,3609.86
13.18,1,0.032,8,119.1,2009,1,1,3,15,9.03573325240877,3000.01
15.28,1,0.074,9,165.12,1999,1,0,0,25,10.805575551338265,6602.03
14.68,0,0.15,13,190.38,1987,0,1,2,37,12.967781486274777,4798.6
13.18,2,0.076,5,132.7,2009,1,1,3,15,10.067521432364767,3278.14
14.04,0,0.051,13,164.05,1987,0,1,2,37,11.683640766327187,4115.1
16.1,2,0.053,10,178.19,1987,0,1,2,37,11.06701447115086,4870.46
16.85,0,0.086,5,189.55,1999,1,0,0,25,11.248590588095661,5271.92
12.58,2,0.006,10,182.69,1987,0,1,2,37,14.52110325093395,4166.31
12.55,0,0.021,6,144.89,2009,1,1,3,15,11.544100071707433,3385.23
10.29,1,0.041,11,154.53,2009,1,1,3,15,15.016033427266546,3073.21
14.62,0,0.082,14,206.45,1999,1,0,0,25,14.120101224266467,5113.63
14.69,1,0.061,8,149.79,2009,1,1,3,15,10.196038390851541,3969.57
11.4,1,0.049,9,124.33,2009,1,1,3,15,10.905183755810894,2706.05
8.98,0,0.041,10,145.29,2009,1,1,3,15,16.177485803362654,2586.69
14.47,2,0.138,3,197.48,1987,0,1,2,37,13.646603551931449,4895.2
11.12,0,0.184,4,195.38,1987,0,1,2,37,17.56856397805953,4096.73
10.83,1,0.073,9,149.99,2009,1,1,3,15,13.84821346136091,3102.45
10.01,2,0.038,6,103.43,1998,2,2,1,26,10.331635201278594,1964.7
10.27,2,0.126,6,68.56,1998,2,2,1,26,6.675104663616007,1309.28
7.97,0,0.086,6,100.48,1998,2,2,1,26,12.605695646719358,1443.31
14.23,0,0.045,4,139.65,2009,1,1,3,15,9.813084112149534,3657.89
10.74,1,0.011,8,113.12,1987,0,1,2,37,10.531607857741365,2327.1
15.01,0,0.011,15,160.4,1999,1,0,0,25,10.68549730197855,4259.43
15.45,1,0.029,8,216.55,1999,1,0,0,25,14.015274092291763,5507.07
10.18,0,0.08,13,139.93,2009,1,1,3,15,13.744229447009136,2749.29
8.35,0,0.01,13,149.16,2009,1,1,3,15,17.861333971979406,2523.3
9.74,2,0.065,3,183.82,2009,1,1,3,15,18.870752489477468,3547.38
14.11,0,0.035,6,155.51,2009,1,1,3,15,11.020480476224222,3956.16
14.77,0,0.024,6,137.65,2009,1,1,3,15,9.318935752487985,3739.62
12.76,1,0.118,9,132.28,2009,1,1,3,15,10.365958780659824,3175.12
13.83,0,0.022,4,136.53,2009,1,1,3,15,9.871303593377197,3504.05
13.64,1,0.006,8,133.06,2009,1,1,3,15,9.754416831610586,3390.46
10.4,0,0.011,3,157.73,2009,1,1,3,15,15.164887991539274,3162.04
8.47,0,0.145,5,105.74,1998,2,2,1,26,12.482587651989139,1663.43
10.62,2,0.123,7,94.13,1998,2,2,1,26,8.862630637416439,1910.97
13.95,0,0.034,0,127.5,2009,1,1,3,15,9.139129811483048,3345.97
11.7,2,0.007,2,98.39,1998,2,2,1,26,8.408683018545425,2243.79
12.48,0,0.143,4,129.02,2009,1,1,3,15,10.337312715327299,3044.65
12.54,0,0.09,7,203.53,1998,2,2,1,26,16.22916832788454,2104.95
13.12,0,0.227,13,128.71,1998,2,2,1,26,9.809465741940402,1459.49
14.74,0,0.098,0,131.15,2009,1,1,3,15,8.896954073672072,3599.97
14.16,0,0.077,13,179.68,1999,1,0,0,25,12.688369465433233,4461.79
12.87,0,0.021,6,116.93,2009,1,1,3,15,9.08476419858597,2887.23
10.61,0,0.007,6,146.33,2009,1,1,3,15,13.790406182263691,2976.26
11.07,0,0.027,10,142.87,2009,1,1,3,15,12.904886640773192,3010.29
10.48,0,0.006,5,131.54,2009,1,1,3,15,12.550329167064211,2644.68
12.23,0,0.081,6,138.72,2009,1,1,3,15,11.34167279862644,3187.99
11.28,2,0.026,2,116.28,2009,1,1,3,15,10.307596844251398,2514.34
12.79,1,0.012,8,154.5,2009,1,1,3,15,12.078805410053945,3637.08
13.13,2,0.022,4,138.97,2009,1,1,3,15,10.583352372248877,3395.52
11.67,0,0.068,5,195.86,1999,1,0,0,25,16.781766772341705,4229.69
15.28,0,0.029,10,151.04,1987,0,1,2,37,9.884169884169884,4128.57
14.97,0,0.032,4,159.59,1999,1,0,0,25,10.659942555607508,4234.21
15.34,2,0.041,6,131.02,2009,1,1,3,15,8.540512352519393,3733.22
7.35,2,0.013,6,54.69,1998,2,2,1,26,7.439804108284587,366.37
13.53,0,0.147,3,127.14,2009,1,1,3,15,9.396201315497747,3244.05
16.21,0,0.056,13,129.8,2009,1,1,3,15,8.00690888902597,3905.4
16.09,0,0.054,6,158.33,1999,1,0,0,25,9.839661922813995,4461.82
17.55,2,0.094,15,210.79,1999,1,0,0,25,12.01014187225799,5864.61
12.59,0,0.036,14,137.42,2009,1,1,3,15,10.914145024223652,3243.06
13.17,0,0.09,3,141.71,2009,1,1,3,15,10.759243793181993,3461.88
14.41,0,0.01,13,142.55,2009,1,1,3,15,9.891749358129207,3757.87
12.75,0,0.186,7,128.06,2009,1,1,3,15,10.043133871853188,3087.77
12.85,0,0.022,6,158.13,2009,1,1,3,15,12.304878997743367,3724.09
12.12,0,0.099,3,150.48,2009,1,1,3,15,12.414817259302039,3403.75
13.5,0,0.066,6,125.21,2009,1,1,3,15,9.274127842382045,3199.4
12.1,0,0.112,0,186.31,1987,0,1,2,37,15.396248243946783,4132.18
14.35,2,0.051,13,163.5,1987,0,1,2,37,11.39293429029336,4172.95
11.29,0,0.043,2,140.38,2009,1,1,3,15,12.432911168187053,3009.65
14.17,2,0.036,14,126.16,2009,1,1,3,15,8.902688589372662,3369.32
14.75,2,0.163,13,197.84,1987,0,1,2,37,13.411972069690192,4965.99
12.03,0,0.053,13,113.64,2009,1,1,3,15,9.4455988695869,2629.15
15.94,0,0.1,14,146.68,1987,0,1,2,37,9.201430274135877,4189.45
15.06,2,0.118,6,132.98,2009,1,1,3,15,8.829426996879358,3708.73
11.44,2,0.097,7,126.14,2009,1,1,3,15,11.025260029717684,2752.51
11.3,0,0.115,5,80.32,1998,2,2,1,26,7.107335634014688,1782.53
16.46,1,0.041,8,121.88,2009,1,1,3,15,7.404167426037299,3799.77
16.08,0,0.06,3,190.71,1999,1,0,0,25,11.859337105901375,5121.45
12.19,0,0.032,3,155.23,2009,1,1,3,15,12.733163809367566,3517.0
14.3,2,0.023,4,168.49,1999,1,0,0,25,11.781693587860989,4265.04
11.63,0,0.142,6,140.05,2009,1,1,3,15,12.041097068179864,3078.58
13.75,1,0.033,8,123.05,2009,1,1,3,15,8.948440113446296,3209.7
11.69,2,0.143,1,75.71,1998,2,2,1,26,6.475921649131811,1775.67
11.91,0,0.132,0,156.08,2009,1,1,3,15,13.103853580723703,3471.37
12.61,2,0.058,3,96.67,1987,0,1,2,37,7.665530092776149,2413.63
15.03,0,0.11,13,142.01,2009,1,1,3,15,9.447807863748254,3888.09
12.09,0,0.094,13,163.37,2009,1,1,3,15,13.511702919526922,3660.96
12.6,0,0.03,10,160.34,2009,1,1,3,15,12.724386953416397,3712.5
14.96,0,0.142,5,123.24,2009,1,1,3,15,8.237417284940845,3488.34
11.86,0,0.024,15,154.57,2009,1,1,3,15,13.031784841075796,3428.32
13.49,0,0.017,6,150.9,2009,1,1,3,15,11.185234600845009,1990.61
12.38,0,0.069,6,111.05,2009,1,1,3,15,8.969388579274694,2655.19
11.0,2,0.119,0,127.96,2009,1,1,3,15,11.631669848195619,2688.75
16.7,0,0.039,0,218.28,1999,1,0,0,25,13.069876055326029,5826.77
11.41,0,0.119,13,144.12,2009,1,1,3,15,12.629918499693279,3113.96
7.42,0,0.044,14,75.01,1998,2,2,1,26,10.107802182994206,796.05
11.16,0,0.024,13,136.88,2009,1,1,3,15,12.264134038168622,2908.52
15.32,0,0.183,0,196.69,1999,1,0,0,25,12.837934860648783,5072.08
12.76,1,0.038,8,150.68,2009,1,1,3,15,11.807852049212446,3552.8
14.65,0,0.019,13,202.02,1999,1,0,0,25,13.7888198757764,5029.12
12.92,0,0.089,6,91.38,1987,0,1,2,37,7.072208033433944,2374.73
13.22,0,0.023,6,164.45,2009,1,1,3,15,12.438544739429695,3936.93
12.89,0,0.076,0,164.5,2009,1,1,3,15,12.76084089674967,3865.04
13.76,0,0.035,3,156.96,2009,1,1,3,15,11.406147809025509,3905.75
13.22,1,0.018,11,142.85,2009,1,1,3,15,10.804780273806822,3495.87
14.96,0,0.076,6,182.36,1987,0,1,2,37,12.189024797807633,3283.64
10.85,0,0.11,6,107.21,1998,2,2,1,26,9.880195373698276,2231.74
11.99,0,0.114,6,153.17,2009,1,1,3,15,12.773746976899341,3428.23
12.72,1,0.09,9,159.16,2009,1,1,3,15,12.51159500039305,3715.99
13.57,2,0.089,6,155.39,2009,1,1,3,15,11.450151057401811,3832.6
11.71,2,0.026,13,154.94,2009,1,1,3,15,13.230296302621467,3402.93
11.93,1,0.142,9,156.09,2009,1,1,3,15,13.082725672617553,3474.72
15.94,2,0.042,13,146.67,1987,0,1,2,37,9.200802960918386,4188.6
13.07,2,0.015,3,179.76,1999,1,0,0,25,13.752582051870553,4218.02
12.57,2,0.026,5,128.95,2009,1,1,3,15,10.257736059183834,3064.04
11.08,0,0.013,3,132.08,2009,1,1,3,15,11.919501850013539,2791.76
12.7,2,0.034,10,178.53,1987,0,1,2,37,14.056373513896546,4108.21
15.4,0,0.058,13,169.62,1987,0,1,2,37,11.013570547367054,4536.38
13.74,2,0.098,10,164.13,1987,0,1,2,37,11.94454552070446,4048.94
14.33,0,0.016,5,174.91,1999,1,0,0,25,12.205010117926173,4403.79
10.72,0,0.157,3,136.7,2009,1,1,3,15,12.750676242887788,2805.56
15.69,1,0.022,8,179.95,1987,0,1,2,37,11.468357657255751,4812.74
9.99,0,0.291,5,154.53,2009,1,1,3,15,15.466920228205385,3005.45
10.78,1,0.064,9,66.05,1998,2,2,1,26,6.126518875800019,1373.88
10.79,0,0.14,5,102.78,1998,2,2,1,26,9.524603836530444,2127.24
14.3,0,0.028,13,122.07,2009,1,1,3,15,8.535766729599327,3314.37
14.57,0,0.054,13,143.73,2009,1,1,3,15,9.864113650401482,3818.92
10.01,0,0.084,4,136.42,2009,1,1,3,15,13.627010288682449,2637.93
9.78,1,0.042,9,75.19,1998,2,2,1,26,7.687353031387384,1334.61
14.46,0,0.086,5,180.33,1987,0,1,2,37,12.470091971509579,4542.0
8.81,2,0.123,10,142.88,2009,1,1,3,15,16.216093519464305,2500.82
14.01,0,0.054,10,151.25,2009,1,1,3,15,10.795089572478767,3071.88
14.44,0,0.025,13,178.33,1999,1,0,0,25,12.34886780693858,4497.83
11.02,0,0.094,3,134.32,2009,1,1,3,15,12.187641774793576,2823.5
12.81,1,0.067,9,153.02,2009,1,1,3,15,11.944422761689173,3611.34
17.45,1,0.097,11,195.34,1999,1,0,0,25,11.193627872328234,5525.34
11.75,0,0.055,6,180.2,2009,1,1,3,15,15.334865117862309,3927.26
16.02,2,0.049,13,177.08,1987,0,1,2,37,11.052992946757382,4828.82
12.76,1,0.088,9,124.54,2009,1,1,3,15,9.75942324269258,3018.34
11.5,0,0.181,5,134.89,2009,1,1,3,15,11.72854534388314,2943.54
14.06,0,0.154,1,136.44,2009,1,1,3,15,9.703435033070194,3553.99
12.79,0,0.052,13,174.82,1987,0,1,2,37,13.667422406379487,4051.84
10.86,1,0.151,8,90.61,1998,2,2,1,26,8.34269404290581,1893.65
9.71,2,0.178,10,99.69,1998,2,2,1,26,10.265678097003399,1819.48
13.9,2,0.024,4,177.0,1999,1,0,0,25,12.732896913891087,4347.69
12.6,1,0.066,9,173.8,2009,1,1,3,15,13.792556146337594,3988.79
10.74,0,0.018,15,136.63,2009,1,1,3,15,12.720417093380505,2807.95
15.36,0,0.081,4,171.27,1987,0,1,2,37,11.149664735368793,4561.19
15.91,2,0.071,13,207.89,1999,1,0,0,25,13.065803532147571,5433.87
12.93,2,0.015,3,156.76,2009,1,1,3,15,12.122805660815096,3713.83
13.36,2,0.018,0,123.99,2009,1,1,3,15,9.27999401242422,3141.35
11.12,2,0.074,10,155.07,1998,2,2,1,26,13.943889937955221,763.99
10.0,0,0.011,3,148.3,2009,1,1,3,15,14.828517148285174,2880.21
9.87,2,0.049,3,141.7,2009,1,1,3,15,14.355181845810963,2715.0
13.55,0,0.026,5,201.53,1987,0,1,2,37,14.871965168622241,4770.38
12.23,0,0.019,10,133.93,2009,1,1,3,15,10.950044967705013,3090.41
10.36,2,0.023,0,184.87,2009,1,1,3,15,17.842872309622624,3710.16
7.32,0,0.09,3,110.03,1998,2,2,1,26,15.029367572735964,1491.13
14.28,2,0.082,0,134.29,2009,1,1,3,15,9.4034031230306,3561.14
10.49,0,0.055,14,84.61,1998,2,2,1,26,8.065008102182823,1686.33
15.2,0,0.062,5,155.22,1987,0,1,2,37,10.211170317742255,4638.23
13.87,0,0.045,0,204.18,1999,1,0,0,25,14.719919256001733,6763.94
12.29,0,0.031,6,126.11,2009,1,1,3,15,10.260353103897161,2943.66
15.67,0,0.038,3,168.16,1987,0,1,2,37,10.730648969433986,4566.43
12.35,2,0.005,3,157.91,2009,1,1,3,15,12.78519957898146,4345.5
10.89,0,0.021,3,134.76,2009,1,1,3,15,12.373519419704342,2803.56
14.08,2,0.089,6,138.75,2009,1,1,3,15,9.853703572189476,3605.93
15.69,2,0.007,0,189.9,1999,1,0,0,25,12.102479128162642,5017.82
14.59,0,0.021,0,170.9,1999,1,0,0,25,11.71269960934823,4378.59
7.23,0,0.067,5,103.66,1998,2,2,1,26,14.335499930853269,1339.52
11.24,0,0.128,4,153.2,2009,1,1,3,15,13.628680722355663,3259.92
9.92,0,0.031,13,107.68,1998,2,2,1,26,10.853744582199376,2031.4
16.31,2,0.11,1,191.33,1999,1,0,0,25,11.730120777389493,5186.04
10.69,0,0.025,5,146.43,2009,1,1,3,15,13.696567206061175,2997.02
11.18,0,0.036,0,124.9,2009,1,1,3,15,11.170736070118954,2668.03
14.53,0,0.056,3,142.43,2009,1,1,3,15,9.801803041772763,3783.29
13.29,0,0.017,13,148.31,2009,1,1,3,15,11.158678805206533,3623.42
11.17,0,0.076,3,103.84,1998,2,2,1,26,9.29549726971623,2235.31
11.37,0,0.12,6,106.48,1987,0,1,2,37,9.364172016533288,3802.7
11.5,0,0.03,13,120.85,2009,1,1,3,15,10.507781932005912,2656.28
11.73,1,0.004,8,146.52,2009,1,1,3,15,12.489983803597307,3235.05
13.6,0,0.017,6,159.2,2009,1,1,3,15,11.705021689581649,3915.2
14.26,2,0.031,14,165.26,1987,0,1,2,37,11.588247668466447,4189.32
14.96,0,0.105,6,167.64,1999,1,0,0,25,11.205133346701423,4396.45
9.06,1,0.023,9,142.99,2009,1,1,3,15,15.780818894161794,2559.58
11.64,0,0.056,6,71.59,1998,2,2,1,26,6.149815307963234,1680.56
11.46,0,0.031,0,203.87,1999,1,0,0,25,17.788151121193614,4346.06
15.72,2,0.076,13,178.39,1987,0,1,2,37,11.347242541823038,4787.41
17.45,0,0.105,4,174.27,1999,1,0,0,25,9.986247206463814,5093.97
10.77,0,0.049,6,169.27,1999,1,0,0,25,15.715346764460127,6744.58
9.03,1,0.039,8,168.43,2009,1,1,3,15,18.65020484996125,3071.62
6.35,0,0.042,7,99.53,1998,2,2,1,26,15.671547787749962,1057.1
12.0,2,0.037,3,190.15,1987,0,1,2,37,15.844512957253563,4187.37
12.02,2,0.148,10,100.09,1999,1,0,0,25,8.326262374178523,6429.46
12.2,1,0.004,9,157.39,2009,1,1,3,15,12.89976231456438,3563.27
10.31,1,0.026,8,117.43,1987,0,1,2,37,11.38880806905247,2318.15
15.38,0,0.171,14,162.4,1999,1,0,0,25,10.558481243092126,4383.34
13.54,0,0.031,0,144.12,2009,1,1,3,15,10.64323166678975,3594.04
9.3,0,0.009,5,142.03,2009,1,1,3,15,15.270401032147081,2593.56
13.75,2,0.034,13,144.12,2009,1,1,3,15,10.480692313286307,3642.88
13.35,2,0.055,4,216.9,1999,1,0,0,25,16.245974084338254,5914.86
14.15,0,0.021,1,147.57,2009,1,1,3,15,10.42823828704685,3801.62
12.84,0,0.093,13,128.06,2009,1,1,3,15,9.972743555797836,3106.46
10.79,1,0.03,9,149.41,2009,1,1,3,15,13.845797423779077,3080.7
12.41,2,0.031,6,165.23,1999,1,0,0,25,13.313189912174684,5738.77
15.79,2,0.082,15,192.06,1999,1,0,0,25,12.162624279652968,5084.36
13.87,0,0.083,13,166.67,1987,0,1,2,37,12.015716242520366,4131.26
11.64,0,0.046,10,185.7,1987,0,1,2,37,15.952237780259427,4015.96
16.07,0,0.03,0,189.89,1999,1,0,0,25,11.815692862920788,5102.49
16.01,2,0.085,5,163.0,1987,0,1,2,37,10.18050090562738,4537.79
12.29,1,0.103,9,136.06,2009,1,1,3,15,11.069888536327396,3146.87
11.99,2,0.091,1,176.49,2009,1,1,3,15,14.718538904178136,3906.85
11.4,0,0.031,4,143.26,1998,2,2,1,26,12.565564424173317,1070.83
8.26,0,0.014,14,62.9,1998,2,2,1,26,7.614090303837308,738.97
13.74,0,0.085,13,150.93,2009,1,1,3,15,10.98391674550615,3779.23
15.0,1,0.097,11,171.64,1999,1,0,0,25,11.441903873075129,4487.29
12.87,2,0.035,13,171.04,2009,1,1,3,15,13.288788749902883,3992.85
14.99,2,0.014,5,174.24,1987,0,1,2,37,11.622973784270563,4537.88
13.18,2,0.038,6,145.44,2009,1,1,3,15,11.034064183294136,3541.0
12.48,0,0.034,5,144.21,2009,1,1,3,15,11.554362631199425,3355.64
13.91,0,0.018,5,131.94,2009,1,1,3,15,9.484580547767953,3429.62
10.1,1,0.071,8,86.91,1987,0,1,2,37,8.604098604098604,2734.26
12.31,0,0.168,10,170.72,2009,1,1,3,15,13.867273170335473,3860.36
16.6,0,0.116,13,165.19,1987,0,1,2,37,9.950605385217756,4717.55
11.67,0,0.031,13,180.88,2009,1,1,3,15,15.498243509553594,3923.62
12.83,2,0.021,13,127.2,2009,1,1,3,15,9.913490764554595,3087.39
14.24,2,0.077,6,190.09,1987,0,1,2,37,13.348079488799945,4692.67
12.82,0,0.026,13,137.77,2009,1,1,3,15,10.745651665236721,3302.41
14.54,0,0.1,10,176.71,1999,1,0,0,25,12.152534213602918,4487.34
10.43,0,0.066,6,129.28,2009,1,1,3,15,12.393826095292878,2588.31
15.1,1,0.113,11,201.12,1999,1,0,0,25,13.318323289848356,5112.84
11.16,0,0.129,10,97.84,1998,2,2,1,26,8.766239584266643,2110.05
11.73,0,0.161,14,122.44,2009,1,1,3,15,10.437302872730372,2741.19
14.65,1,0.032,9,226.69,1999,1,0,0,25,15.472663981980752,5534.2
10.94,0,0.014,13,146.16,2009,1,1,3,15,13.358925143953936,3047.33
13.29,0,0.032,13,152.63,2009,1,1,3,15,11.483710781732,3712.24
16.36,1,0.077,8,186.49,1999,1,0,0,25,11.398447527657234,5097.31
13.61,0,0.026,13,96.63,2009,1,1,3,15,7.099404893101169,2637.62
13.71,1,0.031,9,203.67,1987,0,1,2,37,14.854496389760046,4851.76
10.43,2,0.047,6,118.94,1987,0,1,2,37,11.402550091074682,2376.66
14.24,2,0.159,14,152.65,2009,1,1,3,15,10.719050628467103,3927.5
13.31,0,0.041,6,153.11,2009,1,1,3,15,11.50251671549846,3726.57
11.67,0,0.075,5,77.24,1998,2,2,1,26,6.6181132722131775,1804.16
12.19,1,0.09,8,151.42,2009,1,1,3,15,12.420638175703388,3439.37
10.46,0,0.115,15,181.17,2009,1,1,3,15,17.3186119873817,3655.17
16.36,2,0.068,7,186.26,1999,1,0,0,25,11.384389707230609,5093.76
16.83,2,0.054,13,187.96,1999,1,0,0,25,11.167488562771078,5235.81
13.44,2,0.016,4,158.08,2009,1,1,3,15,11.761029685291275,3856.91
12.89,0,0.034,6,138.77,2009,1,1,3,15,10.76487471879606,3337.42
10.99,0,0.015,4,135.33,2009,1,1,3,15,12.312801382949688,2838.7
14.46,0,0.149,0,183.73,1987,0,1,2,37,12.705207108775326,2782.73
15.26,0,0.039,3,185.39,1987,0,1,2,37,12.147958849354564,2574.26
11.55,0,0.033,5,145.53,2009,1,1,3,15,12.598909185351918,3174.45
9.71,0,0.031,6,140.87,2009,1,1,3,15,14.506230048398724,2662.48
13.41,1,0.015,9,132.67,1998,2,2,1,26,9.892625456714637,1000.39
14.52,0,0.039,14,184.85,1987,0,1,2,37,12.729839542731217,4648.1
13.05,1,0.048,9,117.79,2009,1,1,3,15,9.025362041222895,2944.58
13.13,2,0.064,6,142.72,2009,1,1,3,15,10.868936105399436,3472.38
16.34,2,0.055,3,141.81,1987,0,1,2,37,8.678171470534238,4179.16
13.67,0,0.028,1,150.05,2009,1,1,3,15,10.975788164728257,3744.63
9.25,0,0.175,4,100.47,1998,2,2,1,26,10.860447519187115,1731.07
12.59,0,0.039,13,148.74,2009,1,1,3,15,11.81319990469383,3472.97
10.23,0,0.148,3,130.84,2009,1,1,3,15,12.78858371615678,2573.94
16.42,1,0.086,8,166.24,1987,0,1,2,37,10.123622191096764,4698.02
14.59,2,0.026,3,149.84,2009,1,1,3,15,10.269344116236036,3948.42
7.53,0,0.188,5,77.56,1998,2,2,1,26,10.298765104235825,874.72
10.62,1,0.046,9,148.78,2009,1,1,3,15,14.008097165991904,3029.36
15.46,2,0.079,13,161.23,1999,1,0,0,25,10.42817411551646,4377.67
12.73,2,0.137,10,130.96,2009,1,1,3,15,10.28670175162988,3142.91
10.56,0,0.019,2,140.99,2009,1,1,3,15,13.350061547201971,2856.36
13.47,2,0.104,10,165.38,1987,0,1,2,37,12.276742632321282,4012.5
12.92,1,0.084,8,135.47,2009,1,1,3,15,10.48448262518381,3276.76
12.16,2,0.024,4,123.09,2009,1,1,3,15,10.121700518049503,2853.08
10.49,2,0.07,0,93.99,1998,2,2,1,26,8.95910780669145,1879.3
13.63,0,0.063,1,161.04,2009,1,1,3,15,11.814246937128603,3959.72
14.47,0,0.038,0,177.93,1999,1,0,0,25,12.295625734227075,4496.86
13.73,0,0.031,5,121.84,2009,1,1,3,15,8.873352268589324,3180.54
8.11,0,0.018,5,145.89,1987,0,1,2,37,17.986684749106153,2403.75
14.86,2,0.025,0,183.69,1987,0,1,2,37,12.360541013390755,4702.33
16.43,0,0.046,5,198.47,1999,1,0,0,25,12.078997017832146,5360.44
12.66,1,0.055,8,132.23,2009,1,1,3,15,10.443882789669061,3151.7
13.25,0,0.046,2,146.32,2009,1,1,3,15,11.042185495434307,3572.54
14.26,0,0.074,3,173.01,1999,1,0,0,25,12.131687819928477,4346.91
11.05,0,0.061,4,131.85,2009,1,1,3,15,11.931046964075648,2779.26
9.28,0,0.136,3,138.34,2009,1,1,3,15,14.90572136623209,2512.21
12.0,2,0.031,6,127.38,2009,1,1,3,15,10.614115490375802,2903.93
11.09,0,0.006,5,140.83,2009,1,1,3,15,12.697682805878642,2972.53
10.67,2,0.184,13,104.53,1998,2,2,1,26,9.79570799362759,2135.22
14.49,1,0.042,9,194.46,1987,0,1,2,37,13.419363743012905,4839.18
14.73,2,0.019,14,150.93,1987,0,1,2,37,10.24574027560926,4003.21
12.96,2,0.049,4,150.67,2009,1,1,3,15,11.624874623871614,3597.07
16.8,2,0.019,13,192.77,1999,1,0,0,25,11.473721802273673,4225.99
11.78,0,0.017,10,160.95,2009,1,1,3,15,13.66182836771072,3541.57
11.38,1,0.036,9,142.53,2009,1,1,3,15,12.523504085756963,3072.68
12.46,1,0.053,8,145.98,2009,1,1,3,15,11.714950646015568,3387.9
12.05,0,0.042,6,124.3,2009,1,1,3,15,10.314496722263712,2851.87
10.05,0,0.168,14,135.45,2009,1,1,3,15,13.476271017809172,2627.23
11.31,0,0.031,14,141.01,2009,1,1,3,15,12.466625408893997,3026.86
15.75,0,0.036,13,173.64,1987,0,1,2,37,11.024061964319726,4698.17
12.87,2,0.047,3,107.83,2009,1,1,3,15,8.377748426695673,2699.65
11.15,2,0.032,3,101.23,1998,2,2,1,26,9.078109586584164,2177.2
13.43,0,0.081,14,231.07,1999,1,0,0,25,17.204229022410843,5349.26
13.21,0,0.034,5,202.99,1998,2,2,1,26,15.365225948073576,1248.29
15.37,2,0.015,3,213.79,1999,1,0,0,25,13.908659163359573,5434.38
10.76,1,0.074,9,121.79,2009,1,1,3,15,11.317721401356753,2508.09
9.16,0,0.037,1,145.82,2009,1,1,3,15,15.917476258050431,2639.26
9.8,0,0.084,1,155.16,2009,1,1,3,15,15.831037649219466,2975.47
13.28,2,0.146,10,128.82,2009,1,1,3,15,9.699570815450643,3223.45
10.85,2,0.061,13,121.22,2009,1,1,3,15,11.171320615611465,1755.32
13.87,2,0.122,3,167.69,1987,0,1,2,37,12.089250955230337,4150.47
10.11,2,0.012,3,116.22,1998,2,2,1,26,11.494412026505787,2248.62
11.64,0,0.019,4,153.69,2009,1,1,3,15,13.202474014259943,3361.36
14.29,0,0.033,13,154.49,2009,1,1,3,15,10.810300188930098,3976.04
15.73,0,0.015,4,191.55,1999,1,0,0,25,12.176593986396288,5060.34
15.38,1,0.011,9,186.3,1987,0,1,2,37,12.11234640140433,4872.9
13.91,2,0.023,13,198.1,1987,0,1,2,37,14.240529077708288,4782.28
11.62,0,0.031,6,115.11,2009,1,1,3,15,9.905343774201876,2567.76
9.02,0,0.141,13,132.09,1987,0,1,2,37,14.642500831393418,2327.2
13.94,1,0.034,8,128.21,2009,1,1,3,15,9.19661430313464,3358.39
15.71,2,0.028,4,200.26,1999,1,0,0,25,12.746483355610717,5233.76
15.61,1,0.022,8,187.8,1999,1,0,0,25,12.029978861059512,3163.73
12.73,2,0.044,6,241.21,1999,1,0,0,25,18.946665619354334,5398.61
15.58,2,0.011,4,148.03,1987,0,1,2,37,9.500673897695911,4134.55
11.41,1,0.072,8,134.6,2009,1,1,3,15,11.795635790027166,2918.02
12.77,0,0.068,6,140.79,2009,1,1,3,15,11.024195442800094,3351.09
14.83,0,0.08,6,176.77,1987,0,1,2,37,11.918953543253997,4554.39
15.69,2,0.039,5,156.94,1999,1,0,0,25,10.001911924032886,4341.82
12.48,0,0.191,13,118.01,2009,1,1,3,15,9.455171861229068,2821.42
8.93,1,0.067,8,129.01,1998,2,2,1,26,14.445190908073004,2243.88
10.11,0,0.048,3,111.89,1998,2,2,1,26,11.066165562258927,2252.3
9.59,0,0.034,13,81.34,1998,2,2,1,26,8.4808674799291,1416.09
14.92,0,0.123,10,147.86,2009,1,1,3,15,9.909523490382684,3983.15
13.07,0,0.046,3,132.82,2009,1,1,3,15,10.16142605768495,3256.33
14.1,0,0.024,0,98.22,2009,1,1,3,15,6.965463442309057,2780.73
12.25,0,0.059,10,130.87,2009,1,1,3,15,10.682393274018448,3030.9
12.98,0,0.048,13,105.28,2009,1,1,3,15,8.110315075880132,2673.03
15.04,0,0.037,5,156.91,1998,2,2,1,26,10.432152117545376,1683.4
15.37,0,0.01,6,151.68,1987,0,1,2,37,9.86793312081192,4162.78
12.79,0,0.036,5,162.67,2009,1,1,3,15,12.71753576733641,3804.06
13.33,1,0.036,8,126.83,2009,1,1,3,15,9.513914935113645,3193.92
10.78,2,0.031,13,149.71,2009,1,1,3,15,13.886466932566554,3084.48
14.26,0,0.039,13,141.34,2009,1,1,3,15,9.910945936470094,3700.78
16.93,0,0.049,6,204.8,1999,1,0,0,25,12.096154981985707,5603.12
11.52,2,0.105,3,188.44,1987,0,1,2,37,16.35621907820502,4043.5
10.66,2,0.039,15,108.82,1998,2,2,1,26,10.207297626864271,2221.45
12.81,0,0.071,6,143.1,2009,1,1,3,15,11.170088205448442,3408.08
12.94,2,0.019,6,191.47,1999,1,0,0,25,14.795610849238855,4428.05
14.16,0,0.017,4,182.85,1987,0,1,2,37,12.912223713014617,4527.46
10.23,1,0.011,8,111.45,1998,2,2,1,26,10.893363307594566,2177.77
13.53,0,0.167,5,171.25,1987,0,1,2,37,12.656122976867934,4147.75
13.48,2,0.092,13,107.02,2009,1,1,3,15,7.938580224018989,2822.62
12.98,2,0.228,6,171.48,1987,0,1,2,37,13.210076265310839,4026.28
8.93,1,0.117,9,178.62,2009,1,1,3,15,20.000000000000004,3259.2
12.61,2,0.033,14,122.1,2009,1,1,3,15,9.682023630164142,2933.41
9.49,0,0.007,13,110.12,1998,2,2,1,26,11.602570856600991,1983.84
14.34,0,0.026,10,177.46,1999,1,0,0,25,12.37431141482463,4456.81
12.69,2,0.016,3,195.67,1999,1,0,0,25,15.418012764951541,4456.82
13.85,0,0.063,13,168.23,1987,0,1,2,37,12.145693451736337,4157.47
12.8,1,0.05,9,135.56,2009,1,1,3,15,10.589797672056871,3251.18
11.07,1,0.083,8,118.21,2009,1,1,3,15,10.677445578538524,2506.32
13.13,0,0.089,6,142.33,2009,1,1,3,15,10.839235397151779,3465.98
15.47,0,0.094,6,152.2,1987,0,1,2,37,9.837760972141425,4195.95
15.18,2,0.012,13,162.05,1999,1,0,0,25,10.67452736973849,4331.44
15.55,2,0.093,13,168.69,1987,0,1,2,37,10.847533920648189,4551.34
9.58,0,0.133,0,142.33,2009,1,1,3,15,14.85544306439829,2661.65
13.52,0,0.051,13,176.34,1999,1,0,0,25,13.041934768138452,4249.84
14.7,0,0.031,0,141.36,2009,1,1,3,15,9.615672403237877,3799.64
11.78,0,0.09,13,112.53,2009,1,1,3,15,9.551820728291318,2549.0
10.69,2,0.128,0,177.35,2009,1,1,3,15,16.58871948367786,3630.24
7.51,0,0.021,10,125.42,1998,2,2,1,26,16.698176008520836,1848.16
11.15,0,0.031,13,132.22,2009,1,1,3,15,11.857232535198637,2810.51
16.37,2,0.046,10,102.86,2009,1,1,3,15,6.283061511208844,3389.62
12.33,0,0.058,6,131.84,2009,1,1,3,15,10.691752493715027,3070.48
14.37,1,0.049,11,167.25,1999,1,0,0,25,11.638021014543178,4472.46
9.7,0,0.103,4,116.87,1998,2,2,1,26,12.047211627667252,2168.22
15.32,1,0.076,8,165.34,1999,1,0,0,25,10.791723777821291,4431.43
12.36,1,0.052,8,131.79,2009,1,1,3,15,10.661758757382088,3074.56
13.28,1,0.018,9,142.71,2009,1,1,3,15,10.745425796250284,3506.32
12.71,1,0.044,8,139.48,2009,1,1,3,15,10.97317284241995,3311.06
9.58,0,0.03,3,131.72,1987,0,1,2,37,13.748043001774345,2446.41
14.92,1,0.03,8,188.95,1987,0,1,2,37,12.663360364586824,4823.31
9.59,2,0.028,2,180.74,2009,1,1,3,15,18.84475028672714,3449.91
11.43,0,0.137,13,124.91,2009,1,1,3,15,10.927302948123524,2725.28
11.36,0,0.03,10,117.89,2009,1,1,3,15,10.376727400756977,2565.43
13.73,2,0.015,5,156.86,2009,1,1,3,15,11.423785594639867,3896.71
10.34,1,0.022,9,115.39,1998,2,2,1,26,11.158495309931341,2284.23
12.41,0,0.029,5,118.15,2009,1,1,3,15,9.519780839577795,2808.07
15.77,1,0.009,11,157.63,1999,1,0,0,25,9.99492739838945,4374.63
10.44,0,0.024,3,105.54,1998,2,2,1,26,10.108227181304475,2103.6
10.59,0,0.175,0,145.88,2009,1,1,3,15,13.773959021810972,2964.37
11.75,1,0.123,9,163.78,2009,1,1,3,15,13.93753723087397,3591.08
12.71,0,0.089,4,127.94,2009,1,1,3,15,10.065297773581937,3074.85
12.47,2,0.009,14,141.94,2009,1,1,3,15,11.381605324352497,3307.25
8.94,1,0.045,8,143.01,2009,1,1,3,15,15.994855161615034,2531.3
11.07,0,0.089,13,122.63,2009,1,1,3,15,11.076686839490561,2596.74
15.42,2,0.047,10,150.21,1998,2,2,1,26,9.74061344919266,1594.65
8.25,0,0.108,14,113.37,1998,2,2,1,26,13.740152708762576,1768.94
10.0,2,0.156,3,108.64,1998,2,2,1,26,10.862913708629138,1509.55
12.14,0,0.008,0,124.43,2009,1,1,3,15,10.248743925541554,2874.73
8.13,1,0.14,8,82.6,1998,2,2,1,26,10.158652072315828,1113.56
11.65,2,0.043,10,104.18,1987,0,1,2,37,8.941721740623123,2349.56
12.37,0,0.037,0,120.81,2009,1,1,3,15,9.765580793791933,2852.93
15.38,1,0.041,9,168.62,1987,0,1,2,37,10.962876275924842,4512.31
11.9,0,0.086,3,125.64,2009,1,1,3,15,10.557096042349382,2844.73
12.1,0,0.021,5,177.22,2009,1,1,3,15,14.645070655317744,3945.59
10.48,0,0.04,13,141.43,2009,1,1,3,15,13.493941417803645,2469.23
7.76,2,0.191,3,147.19,1987,0,1,2,37,18.965339518103338,2350.24
17.44,0,0.016,6,173.84,1999,1,0,0,25,9.967318387707126,5083.62
13.28,2,0.141,6,140.08,2009,1,1,3,15,10.547398539266624,3452.88
11.02,0,0.072,6,124.03,2009,1,1,3,15,11.253969694220126,2614.68
11.26,2,0.105,6,154.4,2009,1,1,3,15,13.711038096083831,2817.12
11.43,0,0.021,3,123.46,2009,1,1,3,15,10.800454903333042,2694.93
12.03,2,0.04,0,131.83,2009,1,1,3,15,10.957526390158758,3001.19
9.06,0,0.077,10,110.33,1998,2,2,1,26,12.176360225140712,1891.49
9.64,0,0.09,13,122.95,1998,2,2,1,26,12.752826470283166,2278.82
10.93,2,0.171,4,146.74,2009,1,1,3,15,13.424206385509104,3058.1
8.42,2,0.043,10,107.89,1987,0,1,2,37,12.812017575109845,3465.03
11.93,1,0.177,8,143.47,2009,1,1,3,15,12.024976950800436,3216.17
12.37,0,0.048,1,146.7,2009,1,1,3,15,11.858378465766712,3383.69
10.25,0,0.038,7,161.4,2009,1,1,3,15,15.744805384840506,3205.04
10.62,2,0.147,13,123.71,2009,1,1,3,15,11.647679126259298,2516.48
9.89,0,0.038,6,117.74,1998,2,2,1,26,11.903750884642603,2230.43
14.17,2,0.026,2,169.74,1999,1,0,0,25,11.977983205137253,4259.99
10.01,0,0.062,13,122.51,1987,0,1,2,37,12.237538707421837,2355.26
15.95,0,0.05,6,197.42,1999,1,0,0,25,12.376653501347878,5229.13
10.99,0,0.057,2,145.0,2009,1,1,3,15,13.192612137203167,3035.09
16.63,2,0.041,5,177.57,1999,1,0,0,25,10.677048884613072,4977.29
16.96,2,0.174,4,196.7,1999,1,0,0,25,11.597193561700369,5442.15
14.94,1,0.233,9,150.65,1987,0,1,2,37,10.08299310621779,4044.67
15.75,0,0.062,13,210.8,1999,1,0,0,25,13.383277252237955,5457.11
11.01,0,0.03,0,153.17,2009,1,1,3,15,13.910634819725729,3206.61
12.46,1,0.021,9,129.58,1999,1,0,0,25,10.398844394510874,5896.18
13.57,0,0.152,5,133.05,2009,1,1,3,15,9.803993810330853,3373.87
10.06,0,0.066,13,138.78,2009,1,1,3,15,13.793857469436437,2698.59
14.38,0,0.046,6,152.93,2009,1,1,3,15,10.634170085529519,3963.58
13.41,2,0.086,3,138.12,2009,1,1,3,15,10.299008276787712,3442.0
12.82,0,0.097,6,120.47,2009,1,1,3,15,9.396302940488262,2947.79
14.28,1,0.042,8,179.4,1999,1,0,0,25,12.562145508017647,4483.94
12.84,0,0.118,6,114.47,2009,1,1,3,15,8.914414765205203,2828.48
12.57,0,0.111,13,148.71,2009,1,1,3,15,11.829607827539576,3467.88
12.87,2,0.035,12,181.65,1999,1,0,0,25,14.11312252350245,4211.02
12.83,0,0.095,3,159.77,2009,1,1,3,15,12.451874366767985,3753.24
14.64,0,0.021,13,186.8,1987,0,1,2,37,12.758691346219521,4715.17
11.57,0,0.042,5,129.84,2009,1,1,3,15,11.221156339123672,3563.66
13.68,0,0.105,14,183.97,1999,1,0,0,25,13.44711643885681,4441.31
11.61,0,0.023,4,164.4,2009,1,1,3,15,14.158987167341316,3572.93
12.46,0,0.049,5,135.85,2009,1,1,3,15,10.902014284567851,3181.06
17.06,0,0.081,5,207.19,1999,1,0,0,25,12.144071273665084,5681.26
10.55,1,0.041,9,181.19,2009,1,1,3,15,17.17277983129561,3677.59
13.31,1,0.12,11,132.37,2009,1,1,3,15,9.944406881526557,3301.78
12.17,0,0.025,10,108.29,2009,1,1,3,15,8.897379015693042,2552.45
9.8,1,0.096,9,111.52,1998,2,2,1,26,11.378430772370166,2082.24
14.71,0,0.024,13,197.02,1987,0,1,2,37,13.392699340629461,4941.66
11.33,0,0.077,6,190.77,1987,0,1,2,37,16.836113317447712,4049.72
10.27,0,0.27,13,120.26,1987,0,1,2,37,11.708694382241264,2367.16
14.64,0,0.074,13,200.85,1987,0,1,2,37,13.718325251007444,2626.61
14.28,1,0.019,9,133.7,2009,1,1,3,15,9.362089489531545,3547.78
13.78,0,0.081,5,124.38,1998,2,2,1,26,9.025469849793193,516.91
9.38,1,0.119,9,97.46,1998,2,2,1,26,10.389084319368937,1698.42
9.84,2,0.033,5,112.43,1998,2,2,1,26,11.424651966263593,2108.62
14.62,0,0.027,4,184.18,1987,0,1,2,37,12.596949593051093,4658.55
11.1,2,0.028,5,113.17,1987,0,1,2,37,10.194577065129268,4810.31
11.49,0,0.018,4,144.37,2009,1,1,3,15,12.563745539987817,3137.07
11.86,0,0.14,3,122.12,2009,1,1,3,15,10.295927830705676,2764.76
14.23,0,0.046,13,107.34,2009,1,1,3,15,7.542688496943293,2997.33
14.54,2,0.035,6,186.44,1987,0,1,2,37,12.821676638470533,4686.75
8.57,0,0.04,6,124.25,1999,1,0,0,25,14.496558161241396,6743.27
14.18,0,0.073,10,158.5,1987,0,1,2,37,11.17692687398632,4033.96
14.18,2,0.069,4,154.64,2009,1,1,3,15,10.904731683238134,3953.36
10.31,0,0.044,6,146.34,2009,1,1,3,15,14.192609834157697,2908.78
10.08,1,0.028,9,104.89,1998,2,2,1,26,10.404721753794266,2009.67
14.12,0,0.042,6,112.65,2009,1,1,3,15,7.977480348417252,3081.93
12.88,1,0.017,8,140.24,2009,1,1,3,15,10.88735346634578,3364.81
14.57,0,0.007,4,204.56,1999,1,0,0,25,14.038844279733718,5063.57
14.23,0,0.128,14,160.44,1987,0,1,2,37,11.273979340875552,4084.04
12.24,0,0.031,10,146.86,2009,1,1,3,15,11.997385834490647,3356.78
15.85,0,0.038,6,195.05,1999,1,0,0,25,12.30521733644565,5157.62
9.07,0,0.062,13,123.23,1998,2,2,1,26,13.58505126226436,2156.45
11.01,2,0.047,3,127.09,2009,1,1,3,15,11.542094269366999,2672.84
10.93,0,0.018,14,173.95,2009,1,1,3,15,15.913457140243345,3614.0
13.02,1,0.09,9,149.58,2009,1,1,3,15,11.48759695875893,3588.46
17.17,0,0.011,13,181.7,1999,1,0,0,25,10.58179488672762,5182.88
13.12,0,0.097,13,175.61,1987,0,1,2,37,13.383888423138483,4143.01
13.8,0,0.036,10,135.45,2009,1,1,3,15,9.814506195203245,3475.59
13.09,0,0.013,15,148.95,2009,1,1,3,15,11.378045985791765,3592.1
14.23,0,0.037,13,199.32,1987,0,1,2,37,14.006043145246293,4878.79
12.5,2,0.214,13,128.47,2009,1,1,3,15,10.276777857771378,3039.56
10.47,0,0.007,13,147.19,2009,1,1,3,15,14.056919109922644,2964.05
14.33,0,0.011,13,128.64,2009,1,1,3,15,8.976344986393133,3456.9
13.93,2,0.036,5,109.48,2009,1,1,3,15,7.858732323594861,2973.46
11.71,0,0.054,3,168.98,2009,1,1,3,15,14.42916915720263,3688.46
16.27,0,0.182,6,137.71,1987,0,1,2,37,8.463524061213201,4081.07
9.87,0,0.048,13,138.23,2009,1,1,3,15,14.003647046905076,2644.48
11.72,0,0.184,3,129.51,1999,1,0,0,25,11.049398515485025,5837.27
7.9,0,0.042,6,94.85,1998,2,2,1,26,12.004809517782558,1312.4
9.56,0,0.145,4,116.65,1998,2,2,1,26,12.200606631105533,2133.46
10.85,2,0.039,2,142.8,2009,1,1,3,15,13.160077412220074,2960.22
14.1,0,0.038,4,130.42,2009,1,1,3,15,9.24898943337352,3441.34
17.97,0,0.053,13,204.5,1987,0,1,2,37,11.379444660842468,2810.35
11.4,0,0.014,13,139.9,2009,1,1,3,15,12.270853433909307,3024.27
11.18,0,0.027,14,147.62,2009,1,1,3,15,13.202754673106163,3133.03
13.74,0,0.154,7,145.73,2009,1,1,3,15,10.605487228003783,3671.61
10.17,0,0.119,14,119.1,1987,0,1,2,37,11.709763051813981,2320.08
14.01,0,0.188,6,150.06,2009,1,1,3,15,10.71015630575976,3822.91
12.27,0,0.071,6,149.58,1999,1,0,0,25,12.189715589601501,5543.03
14.31,0,0.063,0,123.68,2009,1,1,3,15,8.642303123471455,3350.4
14.13,0,0.031,13,149.08,2009,1,1,3,15,10.54985492887977,3829.55
14.37,2,0.149,4,172.67,1999,1,0,0,25,12.015169438452439,4365.05
9.17,0,0.048,10,150.53,2009,1,1,3,15,16.413695344019192,2737.1
12.77,2,0.017,15,151.44,2009,1,1,3,15,11.858116044162557,3568.94
14.14,2,0.022,13,161.25,1987,0,1,2,37,11.403012516795135,4079.39
14.14,0,0.021,10,218.27,1999,1,0,0,25,15.435259175447282,5246.75
8.06,2,0.054,13,155.33,2009,1,1,3,15,19.269321424140927,2585.62
14.91,2,0.039,2,163.56,1999,1,0,0,25,10.969083227147744,4302.22
12.13,2,0.099,10,188.2,1987,0,1,2,37,15.513972467232708,3233.31
15.03,2,0.027,15,200.56,1999,1,0,0,25,13.34309094537955,5086.24
12.92,0,0.104,14,110.45,2009,1,1,3,15,8.548099992260662,2765.83
11.64,0,0.104,6,112.77,1999,1,0,0,25,9.687312086590499,5595.32
14.18,2,0.062,4,162.52,1987,0,1,2,37,11.460404766941684,4116.57
9.36,1,0.073,8,113.66,1998,2,2,1,26,12.141865185343446,2053.13
12.03,0,0.128,13,166.1,2009,1,1,3,15,13.806001163660545,3702.58
13.75,0,0.017,13,154.64,2009,1,1,3,15,11.245727583448476,3856.15
13.09,0,0.027,6,155.83,2009,1,1,3,15,11.90359789168131,3731.5
16.31,1,0.048,11,138.19,1987,0,1,2,37,8.47219667708908,4098.0
11.67,2,0.12,6,137.27,2009,1,1,3,15,11.761631394053639,3030.45
10.8,0,0.12,12,68.36,1998,2,2,1,26,6.329043607073419,1423.82
11.37,0,0.04,4,161.5,2009,1,1,3,15,14.2027965878111,3460.0
10.11,2,0.064,10,133.31,2009,1,1,3,15,13.184650380773418,2597.74
10.71,0,0.135,4,139.94,2009,1,1,3,15,13.065073289142003,2870.08
12.7,2,0.021,13,133.99,2009,1,1,3,15,10.549563026533345,3196.91
12.65,2,0.064,13,168.33,2009,1,1,3,15,13.305667536163151,3887.86
14.61,1,0.019,8,114.54,2009,1,1,3,15,7.8392991581685045,5419.82
12.07,0,0.147,3,150.09,2009,1,1,3,15,12.433932565653219,3384.53
17.03,0,0.11,4,134.98,1999,1,0,0,25,7.92554753097293,5055.84
12.78,2,0.05,0,167.99,2009,1,1,3,15,13.143728972693845,3911.7
17.32,2,0.168,10,191.1,1999,1,0,0,25,11.032850297326943,5409.88
11.49,0,0.077,5,148.29,2009,1,1,3,15,12.9048820816291,3216.17
16.01,2,0.032,4,135.05,2009,1,1,3,15,8.434826057085752,3967.88
15.76,0,0.103,0,188.46,1998,2,2,1,26,11.957363111477699,2221.71
16.55,0,0.043,4,179.15,1999,1,0,0,25,10.824119388556582,4990.88
11.98,0,0.045,6,90.94,1998,2,2,1,26,7.590351389700359,2152.8
14.02,1,0.083,9,156.44,2009,1,1,3,15,11.157549390200414,5101.13
13.06,2,0.034,4,172.92,1987,0,1,2,37,13.239415052446214,4074.34
8.13,0,0.047,13,161.05,2009,1,1,3,15,19.80691181896446,2717.45
9.92,2,0.121,4,138.47,2009,1,1,3,15,13.957262372744683,2659.91
11.81,0,0.039,10,144.64,2009,1,1,3,15,12.246211159088984,3212.96
11.17,0,0.035,10,107.26,1987,0,1,2,37,9.601647122012354,2303.38
9.38,2,0.053,6,118.33,1998,2,2,1,26,12.613793838609956,2126.45
11.22,0,0.128,5,175.64,2009,1,1,3,15,15.652793868639158,3715.98
14.14,0,0.06,5,146.62,2009,1,1,3,15,10.36843221837211,3780.95
12.76,2,0.028,6,141.51,2009,1,1,3,15,11.089256327873992,3364.43
13.26,2,0.026,14,143.96,2009,1,1,3,15,10.85589322072242,3528.01
14.14,0,0.044,10,155.64,2009,1,1,3,15,11.006293755745704,3966.19
11.51,0,0.038,6,143.04,2009,1,1,3,15,12.426374771957258,3113.1
11.41,2,0.096,4,150.57,2009,1,1,3,15,13.195162562439751,3244.38
11.67,1,0.142,11,137.1,2009,1,1,3,15,11.747065375717591,3027.56
17.58,0,0.033,5,169.66,1999,1,0,0,25,9.650190546612821,5030.53
13.42,2,0.178,0,169.58,1987,0,1,2,37,12.63542209969451,4088.08
15.35,0,0.064,14,177.53,1987,0,1,2,37,11.564718910820142,4686.68
9.5,0,0.021,5,126.12,1987,0,1,2,37,13.274392169245344,2313.4
11.06,2,0.051,13,106.69,1998,2,2,1,26,9.645601663502395,2268.95
12.38,0,0.087,6,155.18,2009,1,1,3,15,12.533721024149907,3559.54
7.21,0,0.041,13,142.57,1998,2,2,1,26,19.771182914990984,1527.71
12.19,0,0.119,6,165.79,2009,1,1,3,15,13.59937658928718,3731.99
10.71,2,0.176,3,160.48,2009,1,1,3,15,14.982728036597889,3289.4
13.73,2,0.006,13,108.52,2009,1,1,3,15,7.903284538635205,2908.37
11.1,2,0.018,10,154.97,2009,1,1,3,15,13.960003603278984,3264.05
14.17,0,0.175,5,187.12,1987,0,1,2,37,13.204431585632632,4615.58
8.58,1,0.086,9,131.62,1998,2,2,1,26,15.33853863186109,2217.38
12.81,0,0.094,13,118.6,2009,1,1,3,15,9.25766919053938,2906.6
13.53,0,0.018,0,106.76,2009,1,1,3,15,7.8900303007907775,2826.44
13.98,2,0.044,7,179.23,1999,1,0,0,25,12.819540805378727,4410.99
14.41,2,0.027,15,163.46,1987,0,1,2,37,11.342724307820415,4185.91
12.75,1,0.042,9,135.09,2009,1,1,3,15,10.594463179358483,3231.95
9.92,1,0.035,9,164.32,2009,1,1,3,15,16.56284648724927,3189.4
13.6,2,0.052,3,199.99,1987,0,1,2,37,14.704065877509008,4751.19
17.65,2,0.102,10,179.13,1999,1,0,0,25,10.148433516514645,5238.96
12.38,0,0.039,4,153.98,2009,1,1,3,15,12.43679832000646,3533.3
14.2,1,0.032,9,122.57,2009,1,1,3,15,8.63108231814661,3301.93
12.63,0,0.086,4,134.76,2009,1,1,3,15,10.668988995328952,3197.79
12.02,2,0.015,14,140.6,2009,1,1,3,15,11.696198319607355,3178.37
13.73,0,0.04,6,157.71,2009,1,1,3,15,11.485689316145947,3915.56
15.64,1,0.049,9,174.12,1987,0,1,2,37,11.132280544722205,4681.66
12.71,2,0.058,6,186.11,1999,1,0,0,25,14.641648965462986,4266.96
14.66,2,0.015,5,189.89,1987,0,1,2,37,12.952049655548734,4924.75
12.55,1,0.026,9,191.88,1999,1,0,0,25,15.288024858577005,4348.03
14.16,0,0.053,6,158.08,1987,0,1,2,37,11.16305345667679,4020.73
10.75,0,0.007,13,89.33,1998,2,2,1,26,8.308994512138407,1841.79
10.86,0,0.038,3,91.06,1998,2,2,1,26,8.384126691833165,1903.11
13.94,0,0.073,4,165.92,1987,0,1,2,37,11.901585252133993,4130.36
11.25,0,0.055,13,169.97,2009,1,1,3,15,15.107101590969693,3606.22
12.69,0,0.086,14,147.16,2009,1,1,3,15,11.595618942557719,3463.98
12.52,0,0.016,5,136.45,2009,1,1,3,15,10.897691877645556,3207.08
12.79,0,0.036,13,145.74,2009,1,1,3,15,11.39394887029943,3457.71
15.39,0,0.019,13,153.95,1999,1,0,0,25,10.002598921447598,4213.21
13.14,0,0.14,1,154.86,2009,1,1,3,15,11.784491286812267,3724.61
10.98,0,0.04,5,132.87,2009,1,1,3,15,12.09999089336126,2784.78
10.38,2,0.053,13,114.61,1998,2,2,1,26,11.040362200173393,2275.65
13.93,0,0.058,0,161.15,1987,0,1,2,37,11.567726652788746,4030.77
9.92,2,0.012,5,157.86,2009,1,1,3,15,15.911702449349866,3056.66
11.89,2,0.118,6,166.17,2009,1,1,3,15,13.97443444621983,3672.01
10.23,0,0.152,3,124.63,1987,0,1,2,37,12.181604926204672,2447.5
10.63,0,0.061,13,157.66,2009,1,1,3,15,14.830213526479165,3213.85
9.81,0,0.086,13,94.37,1998,2,2,1,26,9.618795229844054,1734.38
10.22,0,0.077,3,129.55,2009,1,1,3,15,12.674885040602682,2546.38
12.55,0,0.084,6,136.27,2009,1,1,3,15,10.85730220699546,3209.96
12.5,2,0.216,13,144.93,2009,1,1,3,15,11.593472522198224,3376.61
13.72,0,0.116,4,149.44,2009,1,1,3,15,10.891334450841775,3744.54
14.65,0,0.055,5,150.66,2009,1,1,3,15,10.283257115555251,3978.41
10.01,0,0.123,4,142.25,2009,1,1,3,15,14.20936969333733,2758.9
11.52,0,0.086,13,146.28,2009,1,1,3,15,12.696814512629114,3182.28
14.69,1,0.072,9,138.5,2009,1,1,3,15,9.427540671159214,3738.32
15.1,0,0.067,5,122.59,2009,1,1,3,15,8.118005430103967,3505.43
12.31,0,0.05,4,139.57,2009,1,1,3,15,11.337015677036796,3223.9
13.13,1,0.131,8,139.3,2009,1,1,3,15,10.608483740766127,3403.68
17.02,0,0.118,4,198.9,1999,1,0,0,25,11.68556489042947,5501.27
17.89,0,0.048,15,181.87,1999,1,0,0,25,10.165446313789054,5350.4
13.98,0,0.039,0,164.29,1987,0,1,2,37,11.750947714755739,4105.35
10.91,0,0.094,6,136.29,2009,1,1,3,15,12.491064063788837,2839.23
11.51,0,0.021,3,97.62,1998,2,2,1,26,8.480583789418818,2183.58
13.48,0,0.175,13,123.66,2009,1,1,3,15,9.172910021511758,3161.27
9.76,0,0.07,13,153.64,2009,1,1,3,15,15.74019055424649,2934.21
11.14,0,0.038,10,120.31,2009,1,1,3,15,10.798851090566377,2564.36
10.07,1,0.036,9,123.41,1987,0,1,2,37,12.253996623969813,2386.89
15.64,0,0.054,14,146.74,1987,0,1,2,37,9.381753084841124,4121.36
10.87,2,0.123,3,122.84,2009,1,1,3,15,11.299788427927515,2556.08
14.88,0,0.042,5,189.31,1987,0,1,2,37,12.721591290907869,4820.82
8.79,0,0.078,0,132.61,1998,2,2,1,26,15.084745762711869,2285.4
9.57,1,0.01,8,123.67,1998,2,2,1,26,12.921324835440393,2279.36
11.35,2,0.06,5,161.69,2009,1,1,3,15,14.24455995066514,3459.37
15.21,2,0.03,10,164.1,1999,1,0,0,25,10.788245348760764,4380.02
9.33,0,0.162,10,146.11,2009,1,1,3,15,15.65855749651699,2683.55
15.92,0,0.119,6,171.7,1987,0,1,2,37,10.784498461151937,4696.23
12.78,2,0.016,6,119.09,2009,1,1,3,15,9.317737266254598,2909.66
11.72,0,0.01,10,116.1,2009,1,1,3,15,9.905298182748911,2609.82
13.06,0,0.023,5,159.64,2009,1,1,3,15,12.222647576755225,3804.16
11.43,1,0.042,9,179.39,2009,1,1,3,15,15.693290175837635,3839.75
11.5,2,0.1,15,178.23,2009,1,1,3,15,15.496913311885923,3832.19
10.1,2,0.045,13,210.52,1987,0,1,2,37,20.841500841500846,4175.68
11.13,1,0.22,9,166.74,2009,1,1,3,15,14.979786182732909,3511.43
12.61,0,0.04,0,169.83,2009,1,1,3,15,13.466814685591945,3910.0
9.52,0,0.072,5,110.05,1998,2,2,1,26,11.558659804642371,1989.07
8.77,0,0.164,0,122.41,1998,2,2,1,26,13.956219359252081,2071.93
15.76,2,0.121,0,172.81,1987,0,1,2,37,10.964405811813972,4682.28
12.43,0,0.233,14,161.15,2009,1,1,3,15,12.963558844823426,3691.03
12.35,2,0.046,14,137.03,2009,1,1,3,15,11.094648206622946,3179.43
9.51,0,0.024,6,88.16,1998,2,2,1,26,9.269267164336032,1537.91
9.33,2,0.018,3,139.2,2009,1,1,3,15,14.918015218090236,2541.09
15.01,2,0.141,1,146.88,2009,1,1,3,15,9.784824462061156,3982.14
12.94,0,0.172,15,132.17,2009,1,1,3,15,10.21327563557685,3213.82
13.1,0,0.037,13,142.85,2009,1,1,3,15,10.90374780551103,3469.59
14.45,0,0.058,4,148.42,2009,1,1,3,15,10.2705695107605,3888.9
12.73,1,0.137,9,146.3,2009,1,1,3,15,11.491634592726417,3454.89
11.79,0,0.079,5,152.91,2009,1,1,3,15,12.968365702654568,3378.4
15.17,1,0.149,8,156.37,1999,1,0,0,25,10.307164985828226,4213.01
10.47,0,0.102,6,167.98,2009,1,1,3,15,16.042402826855124,3389.39
9.66,0,0.108,6,177.44,2009,1,1,3,15,18.366628713383708,3399.78
9.17,0,0.128,13,93.75,1998,2,2,1,26,10.222440300948643,1575.87
14.67,1,0.074,8,149.81,2009,1,1,3,15,10.211301206461728,3965.83
15.32,0,0.078,4,173.06,1987,0,1,2,37,11.295607336335749,4587.7
12.54,2,0.02,5,137.17,2009,1,1,3,15,10.937724264412726,3225.33
12.68,2,0.031,10,180.39,1987,0,1,2,37,14.22521883132245,4141.13
13.89,2,0.036,4,151.52,1998,2,2,1,26,10.907782017133396,936.37
16.06,2,0.07,3,184.56,1999,1,0,0,25,11.491189838739805,4992.19
12.25,0,0.073,6,152.91,2009,1,1,3,15,12.48143008733981,3483.24
14.12,0,0.014,4,191.81,1987,0,1,2,37,13.583315629204732,4700.31
11.38,1,0.047,9,98.6,1998,2,2,1,26,8.66356207714612,2174.99
12.92,0,0.083,10,180.95,1999,1,0,0,25,14.00433402987385,4207.7
12.02,1,0.043,11,142.68,2009,1,1,3,15,11.869228849513354,3221.4
11.14,1,0.011,9,127.18,2009,1,1,3,15,11.415492325644019,2705.66
11.52,0,0.132,0,177.06,2009,1,1,3,15,15.36845759916674,3811.71
14.45,2,0.037,6,161.2,1987,0,1,2,37,11.154937374576154,4148.4
13.34,0,0.039,5,147.68,2009,1,1,3,15,11.06963495989806,3622.2
11.29,0,0.029,10,151.79,2009,1,1,3,15,13.443450535824994,3242.31
11.22,1,0.233,9,131.33,2009,1,1,3,15,11.703947954727743,2807.71
15.09,1,0.098,9,176.37,1987,0,1,2,37,11.687098270492347,4604.95
7.55,2,0.054,5,106.1,1998,2,2,1,26,14.051119057078532,1462.89
12.81,0,0.053,0,128.9,1998,2,2,1,26,10.061665755990946,852.11
17.24,0,0.091,13,104.03,2009,1,1,3,15,6.033872745200394,3610.59
12.53,1,0.016,8,134.65,2009,1,1,3,15,10.74535152821004,3172.67
9.36,2,0.036,0,117.28,1998,2,2,1,26,12.528576006836879,2100.59
9.21,0,0.113,13,138.68,2009,1,1,3,15,15.05591141027033,2505.31
14.23,2,0.151,14,134.07,2009,1,1,3,15,9.420982362448177,3544.3
13.06,0,0.052,0,142.59,2009,1,1,3,15,10.917234514968227,3455.11
11.47,2,0.115,3,109.47,1987,0,1,2,37,9.543195885275914,2418.23
14.36,2,0.024,7,160.21,1987,0,1,2,37,11.155908362927374,4109.15
10.07,1,0.016,9,136.53,2009,1,1,3,15,13.556747095621091,2654.19
16.41,0,0.064,10,191.07,1999,1,0,0,25,11.642800560599596,5204.52
13.98,0,0.067,13,138.18,2009,1,1,3,15,9.883413203633504,3572.68
11.65,0,0.047,0,132.02,2009,1,1,3,15,11.33121620461763,2920.12
11.81,0,0.061,5,113.34,2009,1,1,3,15,9.596139192278384,2572.39
13.21,0,0.034,13,159.36,2009,1,1,3,15,12.062675043524337,3832.18
13.87,0,0.026,13,116.22,2009,1,1,3,15,8.378631677600751,3096.94
12.09,0,0.025,4,200.89,1999,1,0,0,25,16.614837482424942,4428.14
11.26,1,0.019,9,140.43,2009,1,1,3,15,12.470473314980909,3004.0
14.67,0,0.048,5,168.6,1999,1,0,0,25,11.49205916433781,4350.46
15.47,0,0.031,4,160.95,1999,1,0,0,25,10.403335272445219,4374.76
12.0,1,0.011,9,120.82,2009,1,1,3,15,10.06749437546871,2770.0
11.87,0,0.031,7,124.59,2009,1,1,3,15,10.49532474096538,2816.57
14.03,1,0.22,9,161.49,1987,0,1,2,37,11.50951464614069,4060.68
5.38,0,0.071,13,98.43,1998,2,2,1,26,18.2921390076194,815.37
10.51,2,0.036,0,123.28,1987,0,1,2,37,11.728665207877462,2482.12
10.29,2,0.171,10,103.21,1998,2,2,1,26,10.029151685939171,2023.36
13.81,0,0.056,4,137.22,2009,1,1,3,15,9.93555861270002,3514.42
11.14,2,0.114,3,140.55,2009,1,1,3,15,12.61556413248362,2979.5
12.27,0,0.073,14,144.98,2009,1,1,3,15,11.814848015646646,3325.6
10.64,1,0.097,9,130.78,2009,1,1,3,15,12.290198289634432,2665.97
11.61,2,0.062,14,150.7,2009,1,1,3,15,12.979071570062871,3292.23
10.47,0,0.125,14,139.07,2009,1,1,3,15,13.281443988157768,2797.75
9.08,0,0.085,0,150.86,2009,1,1,3,15,16.612707851558202,2723.52
18.71,0,0.026,0,171.52,1999,1,0,0,25,9.166800277911388,5322.84
13.01,1,0.082,9,163.52,2009,1,1,3,15,12.5678272231189,3871.49
13.77,0,0.161,0,109.65,2009,1,1,3,15,7.962384721516231,2940.88
13.73,1,0.009,9,205.17,1998,2,2,1,26,14.942101813414899,1179.5
6.89,1,0.035,9,117.48,1998,2,2,1,26,17.048323900740098,1545.55
10.93,1,0.082,9,109.82,1987,0,1,2,37,10.046656298600311,2301.97
12.22,2,0.156,5,145.79,2009,1,1,3,15,11.929465673840111,3330.96
12.96,1,0.011,9,125.58,2009,1,1,3,15,9.689067201604814,3082.86
13.34,2,0.022,12,144.41,2009,1,1,3,15,10.824525897608876,3554.9
11.61,0,0.092,6,106.19,1987,0,1,2,37,9.145637757299113,2381.12
11.76,2,0.149,7,195.02,1999,1,0,0,25,16.581923305841343,4233.47
16.29,0,0.019,0,207.55,1999,1,0,0,25,12.740163280338837,5514.57
6.07,0,0.054,4,127.78,1998,2,2,1,26,21.04760336023719,1572.46
14.74,0,0.037,13,129.17,2009,1,1,3,15,8.762634828030663,3558.7
14.95,0,0.168,5,139.2,2009,1,1,3,15,9.310414019129155,3813.39
16.42,1,0.118,9,177.08,1999,1,0,0,25,10.78375251202728,4919.78
11.82,0,0.189,3,160.05,2009,1,1,3,15,13.539463666356486,3531.68
11.38,0,0.066,6,185.17,2009,1,1,3,15,16.270099288287494,3945.95
11.97,2,0.081,5,133.78,2009,1,1,3,15,11.175340405981121,3027.5
13.52,1,0.026,9,112.97,2009,1,1,3,15,8.3551512462096,2951.23
13.22,0,0.016,3,148.09,2009,1,1,3,15,11.201119431207927,3603.08
14.43,0,0.031,5,193.59,1987,0,1,2,37,13.414870764326798,4808.26
11.01,2,0.083,1,97.66,1998,2,2,1,26,8.869312505676142,2269.28
10.92,2,0.036,0,140.2,2009,1,1,3,15,12.837652229649299,2922.79
14.33,0,0.044,10,155.76,1999,1,0,0,25,10.868746074942433,5458.79
15.21,0,0.157,4,162.53,1999,1,0,0,25,10.68503056998225,4349.32
11.98,0,0.093,3,153.94,2009,1,1,3,15,12.848677072030716,3441.52
9.92,0,0.118,5,136.49,2009,1,1,3,15,13.75768571716561,2620.22
11.28,1,0.118,9,167.68,2009,1,1,3,15,14.863930502615018,3566.01
13.99,0,0.033,6,140.84,2009,1,1,3,15,10.066471302980489,3629.19
9.87,1,0.02,8,144.26,2009,1,1,3,15,14.614527403505218,2766.62
9.54,0,0.017,3,131.99,1987,0,1,2,37,13.833979666701607,2441.45
16.79,0,0.013,13,111.26,2009,1,1,3,15,6.626168780894527,3656.74
10.89,0,0.085,0,122.89,2009,1,1,3,15,11.283628684234689,2561.39
15.52,2,0.014,6,200.75,1999,1,0,0,25,12.934089298369951,5200.84
10.56,2,0.039,5,153.37,2009,1,1,3,15,14.52229902471357,3110.82
13.34,1,0.045,9,195.56,1987,0,1,2,37,14.658571321490145,4601.23
14.89,0,0.056,4,133.25,2009,1,1,3,15,8.948358068632059,3677.26
13.63,2,0.058,3,133.01,2009,1,1,3,15,9.757904775878512,3386.97
10.27,2,0.014,5,158.01,2009,1,1,3,15,15.384091130367054,3138.69
14.71,2,0.038,15,152.32,1987,0,1,2,37,10.354156753449798,4025.43
11.54,1,0.182,8,135.38,2009,1,1,3,15,11.73035265574907,2962.54
8.29,0,0.022,14,101.45,1998,2,2,1,26,12.236159691231459,1533.69
16.17,2,0.156,3,132.92,2009,1,1,3,15,8.21965246428792,2080.92
12.4,0,0.122,4,106.15,2009,1,1,3,15,8.55979356503508,2559.42
14.84,0,0.015,0,156.86,1987,0,1,2,37,10.569368640927163,4148.84
10.57,1,0.047,9,137.25,2009,1,1,3,15,12.98363447166777,2783.32
11.81,0,0.039,3,144.22,2009,1,1,3,15,12.210651087968843,3204.37
15.78,0,0.033,4,180.1,1987,0,1,2,37,11.412458019136936,4837.14
14.4,0,0.041,6,171.39,1999,1,0,0,25,11.901256857162696,4347.15
14.58,0,0.059,10,194.65,1987,0,1,2,37,13.349564501748851,4862.3
9.03,0,0.119,4,123.07,1998,2,2,1,26,13.627505259661168,2143.28
10.94,0,0.074,3,157.78,2009,1,1,3,15,14.420985284708895,3286.41
10.93,0,0.097,14,143.63,2009,1,1,3,15,13.139694446985638,2993.45
9.19,0,0.023,6,101.21,1998,2,2,1,26,11.011859427701012,1734.26
11.26,0,0.049,3,141.73,2009,1,1,3,15,12.585915993251044,3029.53
13.21,0,0.064,13,118.47,2009,1,1,3,15,8.96752706078268,2995.77
15.54,2,0.079,14,168.78,1987,0,1,2,37,10.860304999678272,4550.19
11.92,0,0.035,0,164.91,2009,1,1,3,15,13.83357100914353,3652.58
11.85,2,0.17,0,130.09,2009,1,1,3,15,10.977132731415072,2925.22
12.24,0,0.062,6,93.84,1998,2,2,1,26,7.666040356180051,2271.26
14.07,0,0.049,6,123.85,2009,1,1,3,15,8.801790917489873,3300.27
10.0,0,0.058,12,144.39,2009,1,1,3,15,14.437556244375562,2798.66
18.36,0,0.079,4,172.49,1999,1,0,0,25,9.394368498447797,4765.2
13.64,0,0.154,4,153.85,2009,1,1,3,15,11.278498643794443,3815.48
12.29,2,0.013,5,135.46,2009,1,1,3,15,11.021072329346678,3135.49
12.67,0,0.036,6,143.53,2009,1,1,3,15,11.327440612422066,3386.08
12.5,0,0.052,0,170.81,2009,1,1,3,15,13.663706903447725,3905.75
11.94,0,0.026,5,127.11,2009,1,1,3,15,10.644837115819447,2885.14
13.62,0,0.061,13,97.14,2009,1,1,3,15,7.131634975405625,2650.98
14.53,2,0.02,4,135.14,2009,1,1,3,15,9.300116991260065,3634.81
11.14,2,0.1,14,107.07,1998,2,2,1,26,9.610447895162013,2294.76
15.78,2,0.12,4,143.1,1987,0,1,2,37,9.067866421646285,4080.75
13.7,1,0.142,9,105.59,2009,1,1,3,15,7.706736734544925,2842.7
10.77,0,0.057,6,171.82,2009,1,1,3,15,15.952093584625384,3535.01
12.15,2,0.025,0,168.65,2009,1,1,3,15,13.879516089210766,3781.32
15.33,2,0.287,5,164.42,1999,1,0,0,25,10.724675494096926,4414.47
16.21,2,0.165,0,174.07,1987,0,1,2,37,10.73777064955894,4810.8
11.61,1,0.031,8,119.07,2009,1,1,3,15,10.254930669193007,2644.96
16.03,0,0.086,4,183.59,1999,1,0,0,25,11.45218638887156,4965.31
13.14,1,0.037,9,147.18,2009,1,1,3,15,11.200060878167568,3566.64
11.52,2,0.042,13,56.33,1998,2,2,1,26,4.889332523218471,1340.97
14.72,2,0.016,0,147.66,2009,1,1,3,15,10.03056857550438,3932.39
9.83,0,0.081,13,154.0,1999,1,0,0,25,15.664734004679078,6325.97
11.31,1,0.108,9,150.22,2009,1,1,3,15,13.280877022367607,3215.61
15.35,0,0.016,0,229.2,1999,1,0,0,25,14.93062341215556,5744.55
9.71,0,0.138,4,130.06,1998,2,2,1,26,13.393059417155802,613.03
13.48,0,0.01,5,143.92,2009,1,1,3,15,10.675765892737926,3577.24
14.02,0,0.021,0,122.85,2009,1,1,3,15,8.761857214178733,3267.26
15.09,2,0.133,13,185.61,1987,0,1,2,37,12.299383738652178,4794.28
14.94,0,0.057,6,181.81,1987,0,1,2,37,12.16852954956161,4682.06
12.98,0,0.044,4,155.83,2009,1,1,3,15,12.004468068715816,3706.21
8.74,0,0.048,4,136.24,1987,0,1,2,37,15.58631735499371,2347.49
12.97,0,0.05,13,141.53,2009,1,1,3,15,10.911263588004008,3413.36
13.81,2,0.149,3,222.71,1999,1,0,0,25,16.12555209615524,5263.04
9.72,2,0.065,12,107.11,1998,2,2,1,26,11.018413743442032,1973.29
13.29,2,0.035,3,181.89,1999,1,0,0,25,13.685200511624409,4310.05
10.08,1,0.006,8,119.38,1999,1,0,0,25,11.84207915881361,5642.35
12.43,0,0.168,0,144.04,2009,1,1,3,15,11.58716112943448,3265.94
13.6,1,0.062,9,141.87,2009,1,1,3,15,10.430850672744652,3561.1
9.51,1,0.053,9,126.58,1987,0,1,2,37,13.30880033645253,2324.75
15.0,2,0.032,14,199.97,1999,1,0,0,25,13.330444637024199,5068.07
11.47,2,0.039,4,88.58,1998,2,2,1,26,7.72208177142359,1990.22
8.74,2,0.151,1,133.71,1998,2,2,1,26,15.296876787552913,2297.15
8.95,0,0.023,5,125.3,1998,2,2,1,26,13.998435928946488,2171.64
16.63,0,0.099,1,191.04,1999,1,0,0,25,11.486982141783416,5252.45
6.85,0,0.085,3,115.38,1998,2,2,1,26,16.84133703109035,1493.18
14.77,2,0.156,1,185.6,1987,0,1,2,37,12.565161465032835,4719.85
13.58,2,0.045,13,147.02,2009,1,1,3,15,10.825417863191225,3662.57
14.11,2,0.016,6,153.37,2009,1,1,3,15,10.868825738785345,3911.32
11.06,2,0.023,6,124.69,2009,1,1,3,15,11.272940963746496,2636.09
11.12,0,0.069,5,121.96,2009,1,1,3,15,10.966639690675299,2592.95
15.9,0,0.114,4,141.25,1987,0,1,2,37,8.883089113892208,4068.37
12.18,0,0.09,5,145.02,2009,1,1,3,15,11.905426483868322,3305.28
13.21,0,0.085,13,164.47,2009,1,1,3,15,12.44947392324578,3935.48
14.54,0,0.13,10,167.58,1999,1,0,0,25,11.524654425417786,4300.82
12.65,1,0.019,8,190.83,1999,1,0,0,25,15.084183068532132,4347.97
9.0,0,0.073,10,99.65,1998,2,2,1,26,11.070992111987557,1658.58
11.7,0,0.025,12,180.97,2009,1,1,3,15,15.466199470130759,3932.56
15.17,1,0.076,8,121.39,2009,1,1,3,15,8.001450135126229,3498.48
16.85,2,0.084,4,197.25,1999,1,0,0,25,11.705536763396829,5428.72
8.49,0,0.21,3,114.39,1999,1,0,0,25,13.471911435637734,6489.84
14.47,1,0.042,9,145.07,2009,1,1,3,15,10.024877340888674,3823.42
14.57,0,0.018,10,179.19,1987,0,1,2,37,12.297714638665843,4544.33
13.52,0,0.044,6,175.31,1999,1,0,0,25,12.965756970638267,4227.89
13.46,0,0.011,6,142.12,2009,1,1,3,15,10.557908030606939,3534.96
11.52,0,0.042,3,157.58,2009,1,1,3,15,13.677632149986982,3412.98
12.33,0,0.185,7,159.15,2009,1,1,3,15,12.906495823534183,3629.33
9.46,2,0.026,5,163.09,2009,1,1,3,15,17.23813550364655,3061.18
10.98,0,0.055,10,142.47,2009,1,1,3,15,12.974228212366816,2981.6
14.95,0,0.233,3,168.62,1999,1,0,0,25,11.278175372884759,4413.42
10.15,0,0.128,15,133.89,2009,1,1,3,15,13.189833513939512,2618.98
13.45,2,0.087,6,75.23,1998,2,2,1,26,5.592892721730728,2164.56
14.84,0,0.078,4,133.89,2009,1,1,3,15,9.021629270264807,3679.12
12.97,2,0.064,13,177.78,1987,0,1,2,37,13.705959447999383,4155.09
11.99,0,0.012,14,157.85,2009,1,1,3,15,13.164039696438996,3525.77
9.53,2,0.104,10,92.78,1998,2,2,1,26,9.734550414437102,1637.89
11.62,2,0.015,6,142.64,2009,1,1,3,15,12.274330952585837,3129.65
10.86,2,0.1,0,130.03,2009,1,1,3,15,11.972194088942087,2700.83
10.96,0,0.029,10,137.54,2009,1,1,3,15,12.548125171061033,2875.92
10.92,2,0.012,14,152.98,2009,1,1,3,15,14.00787473674572,3184.54
9.61,0,0.014,13,122.88,1998,2,2,1,26,12.785350119654563,2270.91
19.09,0,0.077,6,181.58,1999,1,0,0,25,9.511288041485518,5614.09
13.3,2,0.066,3,150.81,2009,1,1,3,15,11.338245244718442,3676.38
11.95,1,0.086,9,155.99,2009,1,1,3,15,13.05246422893482,3477.0
12.49,0,0.061,6,119.85,2009,1,1,3,15,9.59490833400048,2860.57
11.82,2,0.067,10,138.92,2009,1,1,3,15,11.75196683867693,3098.44
12.98,0,0.116,13,165.88,2009,1,1,3,15,12.778676527232108,3912.06
12.0,0,0.048,13,148.72,2009,1,1,3,15,12.392300641613199,2089.06
10.93,0,0.015,0,145.11,2009,1,1,3,15,13.275089195864973,3024.5
12.03,1,0.034,8,177.25,2009,1,1,3,15,14.732773668024272,3930.09
11.99,2,0.032,10,164.02,2009,1,1,3,15,13.67859227754149,3651.79
14.99,0,0.032,6,191.47,1987,0,1,2,37,12.772330064705491,4890.91
14.93,0,0.086,5,127.68,2009,1,1,3,15,8.551336146272856,3572.68
16.08,2,0.061,0,218.76,1999,1,0,0,25,13.603631614949318,5694.99
14.81,0,0.013,4,180.48,1987,0,1,2,37,12.185537775977313,4624.43
11.41,0,0.128,6,165.99,2009,1,1,3,15,14.546490228726668,3559.26
12.18,2,0.093,13,116.95,2009,1,1,3,15,9.601017978819474,2731.36
13.7,1,0.01,8,177.8,1999,1,0,0,25,12.977154952193272,4319.1
10.86,2,0.041,0,95.23,1998,2,2,1,26,8.768069238559987,1988.82
11.86,0,0.027,4,169.84,2009,1,1,3,15,14.319197369530395,3741.18
10.91,0,0.129,6,120.67,2009,1,1,3,15,11.059481257446613,2519.88
14.42,1,0.025,8,153.71,2009,1,1,3,15,10.658761528326746,3989.16
17.62,2,0.019,3,174.13,1999,1,0,0,25,9.881959026161965,5131.33
12.67,0,0.047,13,118.07,2009,1,1,3,15,9.318128008839082,4429.15
10.76,1,0.073,9,115.85,1987,0,1,2,37,10.765728092184741,2388.62
13.23,1,0.047,9,170.95,1987,0,1,2,37,12.920414178822462,4072.25
13.72,0,0.051,7,144.15,2009,1,1,3,15,10.505794038335399,3636.68
9.52,0,0.092,7,172.9,2009,1,1,3,15,18.159857157861573,3274.41
11.28,0,0.025,5,120.09,2009,1,1,3,15,10.645332860562009,2590.82
13.65,1,0.077,9,187.98,1987,0,1,2,37,13.770419749468903,4516.13
14.26,0,0.072,14,174.91,1999,1,0,0,25,12.264918308674007,4387.48
9.14,2,0.046,4,93.58,1998,2,2,1,26,10.237391970243955,1566.71
11.85,2,0.039,10,129.34,2009,1,1,3,15,10.913846932748292,2909.28
13.07,0,0.086,13,139.77,2009,1,1,3,15,10.693137479917375,3399.93
12.03,2,0.129,13,100.64,1987,0,1,2,37,8.365056936248028,2362.36
11.36,0,0.047,0,150.66,2009,1,1,3,15,13.261156588328493,3235.67
12.97,1,0.034,9,134.98,2009,1,1,3,15,10.406290956749672,3279.01
12.02,0,0.226,6,125.31,2009,1,1,3,15,10.424257549288745,2864.82
14.21,0,0.021,14,219.86,1999,1,0,0,25,15.471113925832103,5296.28
11.08,0,0.066,6,111.41,1987,0,1,2,37,10.054146737659057,2368.32
13.37,1,0.156,8,168.63,1987,0,1,2,37,12.61162216737716,4058.06
8.42,2,0.041,3,106.32,1998,2,2,1,26,12.625578909868187,1663.94
8.26,2,0.073,0,125.38,1998,2,2,1,26,15.177339305168866,2016.72
13.08,0,0.109,5,129.29,2009,1,1,3,15,9.88380093265041,3187.67
7.04,2,0.025,15,110.88,1998,2,2,1,26,15.747763101832124,1445.88
12.82,0,0.038,5,150.37,2009,1,1,3,15,11.728414320255832,3560.07
12.54,2,0.066,6,156.38,2009,1,1,3,15,12.46950003986923,3620.0
15.75,0,0.052,13,153.4,1999,1,0,0,25,9.739064186400864,4284.36
11.0,0,0.107,6,131.4,2009,1,1,3,15,11.944368693755115,2759.76
16.55,0,0.178,13,200.9,1999,1,0,0,25,12.138239381306265,5436.92
10.2,2,0.04,10,157.81,2009,1,1,3,15,15.470051955690622,3119.7
11.67,0,0.12,14,86.03,1998,2,2,1,26,7.371262102647589,1983.34
12.61,0,0.074,5,106.46,2009,1,1,3,15,8.441836491951472,2614.54
16.39,0,0.059,15,185.65,1999,1,0,0,25,11.32633762430602,5087.19
8.98,0,0.038,3,101.43,1998,2,2,1,26,11.293842556508185,1690.64
11.76,0,0.115,13,146.13,2009,1,1,3,15,12.42496386361704,3233.74
10.19,0,0.021,4,113.5,1987,0,1,2,37,11.137277990383673,2576.85
15.44,0,0.122,6,154.64,1998,2,2,1,26,10.014895408328476,1555.51
15.52,0,0.017,13,152.1,1999,1,0,0,25,9.799626312737582,4204.01
11.69,2,0.098,10,144.09,2009,1,1,3,15,12.324865280985374,3175.59
15.06,2,0.042,13,186.81,1987,0,1,2,37,12.403558860633424,4811.47
9.44,0,0.038,6,136.96,2009,1,1,3,15,14.506937824383012,3552.87
13.86,0,0.032,13,149.76,2009,1,1,3,15,10.804415265853835,3781.32
10.94,0,0.129,13,106.17,1998,2,2,1,26,9.703866191390185,2231.1
13.48,2,0.042,10,187.97,1999,1,0,0,25,13.943327646317039,4478.77
14.85,0,0.04,13,134.13,2009,1,1,3,15,9.03171503602451,3685.65
13.34,0,0.155,5,138.51,2009,1,1,3,15,10.382280188891388,3434.7
10.98,1,0.133,11,120.13,2009,1,1,3,15,10.939805117930971,2525.08
11.27,1,0.09,9,121.14,2009,1,1,3,15,10.747937183923344,2610.54
11.48,1,0.025,8,130.03,2009,1,1,3,15,11.325668495775629,2840.88
12.09,0,0.1,0,140.01,2009,1,1,3,15,11.579687370771648,3183.12
10.33,0,0.076,4,151.21,2009,1,1,3,15,14.636530829542156,3013.12
13.56,2,0.137,3,188.63,1987,0,1,2,37,13.909741169530271,3370.94
12.92,2,0.021,14,117.97,2009,1,1,3,15,9.130098289606067,2919.86
8.86,0,0.024,3,137.9,1987,0,1,2,37,15.56257758717978,2409.16
11.43,2,0.031,6,137.66,2009,1,1,3,15,12.042690928177763,2984.41
14.53,0,0.088,0,171.17,1999,1,0,0,25,11.779643520748744,4371.54
12.3,0,0.06,0,170.87,2009,1,1,3,15,13.89074059019592,3860.72
12.44,2,0.112,6,153.52,2009,1,1,3,15,12.339844063981998,3537.66
9.72,1,0.022,9,112.11,1998,2,2,1,26,11.532764118917807,2075.82
10.0,0,0.123,6,92.43,1998,2,2,1,26,9.24207579242076,1737.61
13.52,1,0.092,9,190.15,1987,0,1,2,37,14.063308926854525,4532.23
10.5,0,0.018,4,109.36,1998,2,2,1,26,10.414246262260738,2196.45
12.1,1,0.017,9,115.8,2009,1,1,3,15,9.569457069663665,2688.61
11.43,2,0.053,1,161.36,2009,1,1,3,15,14.116000349925644,3471.26
14.24,0,0.157,6,133.74,2009,1,1,3,15,9.391194438592796,1599.19
14.17,0,0.016,12,210.21,1999,1,0,0,25,14.833815538776376,5087.86
9.09,0,0.081,14,82.27,1998,2,2,1,26,9.04960950390496,1322.63
15.16,1,0.112,11,150.81,1987,0,1,2,37,9.947233032121892,4097.55
13.15,2,0.009,13,138.92,2009,1,1,3,15,10.563455250551288,3400.47
13.32,0,0.092,6,129.5,2009,1,1,3,15,9.721492380451918,3245.63
11.25,0,0.033,6,140.87,2009,1,1,3,15,12.520664829792908,3010.67
12.15,0,0.043,1,146.37,2009,1,1,3,15,12.045922146325406,3326.51
11.47,2,0.066,13,134.31,2009,1,1,3,15,11.708656612326736,2925.23
14.46,0,0.044,4,159.0,1987,0,1,2,37,10.995090242721803,4105.94
13.84,0,0.012,0,100.79,2009,1,1,3,15,7.281988295643379,2775.61
13.03,2,0.026,6,160.57,2009,1,1,3,15,12.322154861484155,3816.32
13.76,0,0.063,4,143.02,2009,1,1,3,15,10.393140033427805,3620.77
13.94,0,0.036,15,121.2,2009,1,1,3,15,8.693780933935873,3216.47
17.03,0,0.03,13,148.95,1999,1,0,0,25,8.745816452351592,4482.61
14.54,1,0.017,8,169.96,1999,1,0,0,25,11.688329550924973,4350.0
12.55,0,0.025,14,138.27,2009,1,1,3,15,11.016652059596845,3251.68
10.16,0,0.109,4,124.5,1987,0,1,2,37,12.252731030410393,2428.39
12.9,2,0.046,13,167.89,2009,1,1,3,15,13.013719866677,3936.62
14.1,0,0.029,13,156.16,2009,1,1,3,15,11.074391887100207,3967.42
13.36,1,0.022,11,104.11,2009,1,1,3,15,7.792081431030612,2735.27
9.99,1,0.016,9,112.69,1998,2,2,1,26,11.2791512361125,2148.7
13.39,2,0.047,13,117.96,2009,1,1,3,15,8.808901501008139,3025.91
12.6,0,0.03,4,142.58,2009,1,1,3,15,11.31497500198397,3349.58
10.9,1,0.067,9,178.42,2009,1,1,3,15,16.36730575176589,3698.71
13.11,0,0.191,15,159.36,2009,1,1,3,15,12.154679276943027,3807.67
